hash,annotator,understand,purpose,bfc,bpc,prc,nfc,specification,asc,obvious,safety,timing,memory,info,safety_exp,time,see_commit_clicked,lore_clicked,lore_founded,is_merge_commit,is_part_patchset,lore_found
002752af7b,ollama_gpt-oss_120b,4,"The patch modifies device‑property fwnode helper APIs so they accept an ERR_PTR as a valid argument. Callers no longer need separate NULL/ERR_PTR checks before passing the handle, reducing the chance of missing the error case.",0,4,0,0,,,,,,,,,64.753,,,,,,
00aaca3d07,ollama_gpt-oss_120b,4,"Updates the QCOM QMP PHY device‑tree binding header to correct the child‑node description, changing it from “one node per lane” to “one node per PHY”, fixing the documentation.",0,0,4,0,,,,,,,,,54.577,,,,,,
00fa7f031d,ollama_gpt-oss_120b,3,"Adds the initial code structures in the AMD display driver (DC) needed to support Firmware Assisted Memory Switching, preparing the driver for the future FAMS feature.",0,0,0,4,,,,,,,,,60.733,,,,,,
016017a195,ollama_gpt-oss_120b,4,"The patch adds #ifdef guards around two lines in drm/ttm that assume real x86 hardware, preventing compilation errors when building the kernel for the user‑mode Linux (ARCH=um) configuration, which can be selected by randconfig.",4,0,0,0,,,,,,,,,57.476,,,,,,
01c3f0387c,ollama_gpt-oss_120b,4,"Adds const qualifiers to pointers of struct qcom_icc_bcm in the Qualcomm SC8280XP interconnect driver, indicating they are never modified and improving code safety without changing runtime behavior.",0,0,4,0,,,,,,,,,59.677,,,,,,
0209b5830b,ollama_gpt-oss_120b,3,"Fixes incorrect handling of 64‑bit arguments in SBI PMU calls when compiled for 32‑bit RISC‑V, ensuring proper register usage.",4,0,0,0,,,,,,,,,60.948,,,,,,
0255571a16,ollama_gpt-oss_120b,4,"The commit updates the perf cpumap code to replace direct accesses to the CPU map with calls to the perf_cpu_map library API, improving reference‑count handling and making BPF code use the CPU identifier consistently.",0,0,4,0,,,,,,,,,60.87,,,,,,
0263256791,ollama_gpt-oss_120b,3,"Adds DMA allocation tracepoints, refactors alloc/free paths to use a single tracepoint, and includes the real allocating function name in the trace for better debugging of misuse such as freeing before unmapping.",0,0,4,0,,,,,,,,,59.175,,,,,,
0285042fed,ollama_gpt-oss_120b,4,"The driver split cs42l42 probe() into three stages and added an init_done flag to avoid register accesses when initialization failed, enabling proper handling for SoundWire where register access must wait for enumeration.",0,0,4,0,,,,,,,,,63.987,,,,,,
029d6586dc,ollama_gpt-oss_120b,4,"Adds a device‑tree node for the Data Capture and Compare (DCC) hardware on the Qualcomm SC7280 ARM64 platform, providing its register address so the kernel can recognize and use the device.",0,0,0,4,,,,,,,,,60.037,,,,,,
0301bcd599,ollama_gpt-oss_120b,3,"Adjusts iwlwifi driver code to de‑const variables correctly, using uintptr_t casts instead of void* casts and removing unnecessary casts for dma_map_single, enabling compilation on stricter compilers.",4,0,0,0,,,,,,,,,59.166,,,,,,
034921cdea,ollama_gpt-oss_120b,4,"Refactors the s390/vfio-ap driver to obtain queue devices via the AP bus's ap_get_qdev() hashtable lookup instead of iterating over the device list, improving lookup efficiency.",0,0,4,0,,,,,,,,,57.366,,,,,,
038efb6348,ollama_gpt-oss_120b,4,Fixes NFSv4.2 client handling of zero‑length CLONE when a delegation is held; previously the inode size was set to zero due to an optimization that skipped GETATTR. The patch computes the correct size from the server's GETATTR response.,4,0,0,0,,,,,,,,,61.161,,,,,,
039d5d4db4,ollama_gpt-oss_120b,3,"Adds a macro/function to extract Signal‑to‑Noise Ratio from the wcn36xx BD PHY descriptor, enabling future use in mac80211 survey operations.",0,0,0,4,,,,,,,,,58.53,,,,,,
03a6b195e8,ollama_gpt-oss_120b,3,The patch changes RAID5 stripe_head handling to call bio_init for full bios initialization instead of a partial setup followed by manual field assignments and bio_reset.,0,0,4,0,,,,,,,,,59.304,,,,,,
03eb65224e,ollama_gpt-oss_120b,4,"Removes an unnecessary backslash at the end of a line in the spr_cstates[] array definition within intel_idle, cleaning up the source.",0,0,4,0,,,,,,,,,70.465,,,,,,
03f16cd020,ollama_gpt-oss_120b,4,"Adds CONFIG_OBJTOOL Kconfig option, makes stack validation optional for objtool, and replaces most CONFIG_STACK_VALIDATION uses with CONFIG_OBJTOOL, clarifying CONFIG_STACK_VALIDATION as frame-pointer specific while keeping CONFIG_UNWINDER_ORC unchanged.",0,0,3,0,,,,,,,,,64.22,,,,,,
03fdb11da9,ollama_gpt-oss_120b,4,"The patch changes the driver’s code to use the __le32 type instead of plain u32 for fields and casts, correcting endianness mismatches reported by the Sparse static analyzer.",4,0,0,0,,,,,,,,,59.135,,,,,,
0414441259,ollama_gpt-oss_120b,4,"The commit corrects a spelling mistake in the SCSI subsystem documentation, updating the relevant doc file.",0,0,4,0,,,,,,,,,55.424,,,,,,
044034efbe,ollama_gpt-oss_120b,4,"Updates the i.MX fractional‑N GPPLL clock driver to program the MFD register with 1 instead of 0, complying with the hardware specification that disallows a zero value.",4,0,0,0,,,,,,,,,55.566,,,,,,
046545a661,ollama_gpt-oss_120b,4,"Fixes hwpoison handling: when a page is already poisoned, kill_accessing_process() now returns -EHWPOISON, preventing wrong ""Memory error not recovered"" messages and duplicate SIGBUS signals.",4,0,0,0,,,,,,,,,56.657,,,,,,
04c439b367,ollama_gpt-oss_120b,4,"Updates the device-tree binding documentation for the SNVS LPGPR driver to note that i.MX8M compatible strings include a fallback ""fsl,imx7d-snvs-lpgpr"" entry, matching the driver’s expectations.",0,0,4,0,,,,,,,,,63.276,,,,,,
04e0456f77,ollama_gpt-oss_120b,4,"The patch deletes a dev_err() call in the aspeed SPI driver because devm_ioremap_resource() already logs errors, eliminating duplicate messages.",0,0,4,0,,,,,,,,,57.022,,,,,,
04e551d66d,ollama_gpt-oss_120b,4,"The commit adds handling for multicast router (mrouter) ports in the sparx5 Ethernet driver, ensuring such ports are automatically included in all active multicast groups and that their traffic is forwarded even when flooding is disabled.",0,0,0,4,,,,,,,,,62.162,,,,,,
0519f73adb,ollama_gpt-oss_120b,4,"Renames the struct xilinx_pcie_port to xilinx_pcie to follow the <driver>_pcie naming convention, with no functional impact.",0,0,4,0,,,,,,,,,57.503,,,,,,
0537692bbe,ollama_gpt-oss_120b,4,"Removes a verbose debug print from the Qualcomm QMP combo PHY init operation, cleaning up kernel log output.",0,0,4,0,,,,,,,,,56.201,,,,,,
0542aac494,ollama_gpt-oss_120b,4,"The commit updates the device‑tree binding files for the GPIO IR LED (gpio‑ir‑tx) driver, converting the existing description to the new DT schema format used for bindings.",0,0,4,0,,,,,,,,,58.133,,,,,,
059ee82b64,ollama_gpt-oss_120b,3,"The patch modifies SUNRPC's unx_lookup_cred() to use the same mempool allocation strategy as rpc_malloc(), correcting an improper allocation method.",4,0,0,0,,,,,,,,,58.582,,,,,,
05b90d2404,ollama_gpt-oss_120b,4,"Adds entries for the CRD and Lenovo Thinkpad X13s to the sc8280xp device‑tree binding file, extending the list of valid compatible strings.",0,0,4,0,,,,,,,,,62.125,,,,,,
05f333b746,ollama_gpt-oss_120b,4,"Adds a device‑tree node for the ethqos Ethernet controller on Qualcomm SM8150, correcting interrupt numbers and adding its power‑domain.",0,0,0,4,,,,,,,,,62.034,,,,,,
069fc464f1,ollama_gpt-oss_120b,4,"The patch replaces a hard‑coded literal 9 in the block subsystem with the macro PAGE_SECTORS_SHIFT and removes an unnecessary cast, making the code clearer and relying on the compiler for conversion.",0,0,4,0,,,,,,,,,68.234,,,,,,
0704a8586f,ollama_gpt-oss_120b,4,"The patch changes the s390 DASD driver’s sysfs setup to use kobj_type's default_groups field instead of the older default_attrs field, following the API introduced in commit aa30f47c, and prepares removal of the deprecated default_attrs.",0,0,4,0,,,,,,,,,49.6,,,,,,
079c4c0c6c,ollama_gpt-oss_120b,4,The patch updates the i915 driver DVO enable/disable code to use the generic intel_de_rmw() helper instead of a custom read‑modify‑write implementation and switches the posting read to intel_de_posting_read().,0,0,4,0,,,,,,,,,61.042,,,,,,
081e8432ad,ollama_gpt-oss_120b,4,"Removes the duplicate hisilicon,hi6220-reset device tree binding because the related controllers are already documented in other binding files.",0,0,4,0,,,,,,,,,68.821,,,,,,
085292c3d7,ollama_gpt-oss_120b,4,"The commit reverts a previous addition of pipe1 hardware support because it caused graphics hangs on Navi 21 with GNOME Wayland, restoring the prior kernel state.",4,0,0,0,,,,,,,,,57.618,,,,,,
088c840599,ollama_gpt-oss_120b,4,"Adds a small driver‑specific struct to hold the __iomem pointer, fixing sparse static‑analysis warnings about address‑space mismatched pointer conversions in the hisi PCI driver.",0,0,4,0,,,,,,,,,57.764,,,,,,
08a987a8a0,ollama_gpt-oss_120b,4,"Extends the CRIU PROCESS_INFO ioctl in the amdkfd driver to report the number of SVM ranges and their total private data size for a KFD process, enabling discovery of these ranges for checkpoint/restore.",0,0,0,4,,,,,,,,,59.818,,,,,,
09570c5010,ollama_gpt-oss_120b,3,"Adds a new boolean flag in the i915 GuC driver to explicitly track whether command submission has been initialized, replacing the previous reliance on the now-removed LRC descriptor pool.",4,0,0,0,,,,,,,,,61.256,,,,,,
0966d38583,ollama_gpt-oss_120b,4,"The patch corrects the calculation of relocation range limits for RISC‑V PC‑relative jumps using auipc+jalr, fixing an overflow error where offsets near ±2^31 were mis‑handled due to the 0x800 adjustment.",4,0,0,0,,,,,,,,,69.016,,,,,,
09e7af76db,ollama_gpt-oss_120b,3,"Adds a check for the return value of clk_enable() in the davinci_mmc driver and returns an error if it fails, improving robustness.",4,0,0,0,,,,,,,,,56.915,,,,,,
0a068f4a71,ollama_gpt-oss_120b,4,Adds missing asterisks in comment blocks of trace_events_hist.c to correct malformed comment lines and eliminate clang warnings.,0,0,4,0,,,,,,,,,57.43,,,,,,
0a3a4b9d2b,ollama_gpt-oss_120b,3,"The patch enlarges the static _name_ array in the Exynos MCT driver from length 10 to a larger size so that each CPU’s local timer interrupt can have its mct_tick value printed correctly, addressing a scalability limitation.",4,0,0,0,,,,,,,,,70.448,,,,,,
0a5bfb824a,ollama_gpt-oss_120b,3,"The commit corrects KVM PPC migration hang by adjusting the decrementer expiry initialization to be relative to the guest timebase, matching the new relative semantics and preventing an oversized decrementer after migration.",4,0,0,0,,,,,,,,,59.558,,,,,,
0adc2ab0e8,ollama_gpt-oss_120b,3,"The patch modifies F2FS to retain io_flags on the bio structure, preventing I/O splitting when different op_flags exist in two fio holders, thus allowing proper merging of I/O requests.",4,0,0,0,,,,,,,,,58.947,,,,,,
0b046e12ae,ollama_gpt-oss_120b,4,"Refactors mm/gup's compound_range_next() to drop a redundant order check and replace PageCompound() with PageHead(), simplifying logic and improving performance.",0,0,4,0,,,,,,,,,56.961,,,,,,
0b465150b3,ollama_gpt-oss_120b,4,"The patch removes the HAL_DEF_IS_SUPPORT_ANT_DIV case from GetHalDefVar8188EUsb() in the r8188eu driver and moves that logic into a new function, continuing the effort to eliminate the legacy HAL layer.",0,0,4,0,,,,,,,,,59.964,,,,,,
0b55f6bc46,ollama_gpt-oss_120b,3,"The patch corrects how the Display Stream Compression (DSC) bits_per_pixel value is written to the DPU register. It aligns the driver with the 6.4 fixed‑point format used by hardware, removing incorrect integer‑only handling copied from another source.",4,0,0,0,,,,,,,,,58.139,,,,,,
0b8ff0ba27,ollama_gpt-oss_120b,3,"The commit changes the perf test suite by replacing the record test workload with the thloop program, eliminating the need for a compiler during testing.",0,0,4,0,,,,,,,,,60.428,,,,,,
0b94f2651f,ollama_gpt-oss_120b,4,"Ensures hci_cmd_sync_queue returns an error when HCI_UNREGISTER is set, preventing commands from being queued after the device is unregistered and avoiding a use‑after‑free.",4,0,0,0,,,,,,,,,54.197,,,,,,
0bd5ab511e,ollama_gpt-oss_120b,4,Adds a likely() compiler hint to ICE_XDP_REDIR at the ice_run_xdp_zc() call site to improve branch prediction and generated code efficiency for XDP redirect handling.,0,0,4,0,,,,,,,,,65.485,,,,,,
0c51e12e21,ollama_gpt-oss_120b,4,"The patch adds logic to invalidate unresolved unicast neighbour entries for broadcast addresses when a matching broadcast route is added, preventing stale entries that cause packet drops.",4,0,0,0,,,,,,,,,57.292,,,,,,
0c7833b9e8,ollama_gpt-oss_120b,4,"Removes an unnecessary asm/termios.h include from n_hdlc.c, relying on linux/tty.h which already provides the needed termios definitions, simplifying the include hierarchy.",0,0,4,0,,,,,,,,,59.439,,,,,,
0c9ee5ba75,ollama_gpt-oss_120b,4,"The patch changes the sdhci-brcmstb driver by declaring brcmstb_reset static, removing a -Wmissing-prototypes compiler warning.",0,0,4,0,,,,,,,,,64.272,,,,,,
0c9f178778,ollama_gpt-oss_120b,4,The commit deletes unused guest PASID UAPI interfaces and related definitions from the IOMMU subsystem because they are not referenced and will be superseded by a new iommufd design.,0,0,4,0,,,,,,,,,53.712,,,,,,
0ca18d09c7,ollama_gpt-oss_120b,4,"Adds proper error handling after mmc_add_host() in the moxart MMC driver, freeing the allocated host on failure to avoid memory leak and kernel crash.",4,0,0,0,,,,,,,,,54.298,,,,,,
0d8928a94b,ollama_gpt-oss_120b,4,"The patch replaces the use of __umoddi3 with the kernel helper div_u64_rem in the AMD GPU driver, fixing an undefined symbol error that prevented 32‑bit i386 builds.",4,0,0,0,,,,,,,,,60.424,,,,,,
0dc33c6583,ollama_gpt-oss_120b,3,"The patch modifies the MSCC MACsec driver to stop copying encryption keys when a flow is freed, relying on the earlier change that cleared keys. By avoiding the copy, it removes unnecessary handling of secret material.",0,4,0,0,,,,,,,,,58.336,,,,,,
0e3f72931f,ollama_gpt-oss_120b,4,The patch changes the memory allocation in vhost/vsock from kmalloc to kvmalloc/kvfree for large packet buffers (≈32 KB) to avoid allocation failures observed during SFTP over vsock.,4,0,0,0,,,,,,,,,57.285,,,,,,
0e597e2aff,ollama_gpt-oss_120b,4,"The driver for the DP83822 Ethernet controller disables the receive‑error interrupt because the RCSR register can fill up on cable disconnect, causing an interrupt flood. Since the driver never reads/clears RCSR, the fix simply turns off that interrupt to stop the flood.",4,0,0,0,,,,,,,,,60.323,,,,,,
0ebdc51787,ollama_gpt-oss_120b,4,"Updates the RISC‑V Microchip device‑tree bindings by adding a compatible string for the Aries Embedded M100PFSEVP SOM/EVK platform, documenting its support for kernel DT usage.",0,0,0,4,,,,,,,,,61.86,,,,,,
0ef882074e,ollama_gpt-oss_120b,3,"Implements runtime creation and freeing of DSP audio paths in the Intel AVS ASoC driver, converting topology templates into concrete paths during hw_params and releasing them on hw_free, with dynamic ID allocation based on firmware limits.",0,0,0,4,,,,,,,,,58.224,,,,,,
0f12a22f37,ollama_gpt-oss_120b,3,"Adds a mandatory TLB flush after updating page table mappings for AMD VG20 GPUs with XGMI bridges, addressing stalls caused by stale PTEs cached in the translation cache.",4,0,0,0,,,,,,,,,61.517,,,,,,
0f60740652,ollama_gpt-oss_120b,4,"Adds support for Allwinner H616 USB PHY by defining a new configuration structure that captures its specific quirks and registers a new compatible string, enabling the driver to handle this SoC.",0,0,0,4,,,,,,,,,56.225,,,,,,
0f9fa5f58c,ollama_gpt-oss_120b,4,"Adds support for the IVO M133NW4J-R3 eDP panel by creating a new panel entry in drm/panel-edp, using generic timing parameters due to missing documentation.",0,0,0,4,,,,,,,,,57.196,,,,,,
0fa32dad1e,ollama_gpt-oss_120b,4,"The patch renames the KVM self‑test file 'evmcs_test' to 'hyperv_evmcs', adding the 'hyperv' prefix and dropping the redundant '_test' suffix to match other Hyper‑V emulation tests.",0,0,4,0,,,,,,,,,65.076,,,,,,
10377bb293,ollama_gpt-oss_120b,4,"The patch adds the static keyword to the I2C and SPI of_match tables in the Arizona MFD driver, correcting their visibility after they were split and were unintentionally exported.",4,0,0,0,,,,,,,,,59.458,,,,,,
1038fd78a1,ollama_gpt-oss_120b,4,"Adds infrastructure for KPP template instances: defines struct kpp_instance, registration function, helper accessors, and documentation, enabling future template-based KPP algorithms.",0,0,0,4,,,,,,,,,59.712,,,,,,
10a2199caf,ollama_gpt-oss_120b,4,"The patch reorders code in the i.MX RNG driver: it clears the IRQ mask first, then registers the IRQ handler. This prevents handling a SEED_DONE interrupt from a previous boot stage that would otherwise complete the RNG operation early and crash the kernel during boot.",4,0,0,0,,,,,,,,,59.778,,,,,,
10a872375d,ollama_gpt-oss_120b,4,"The commit removes unnecessary supply and clock description entries from the Qualcomm QMP PHY device‑tree binding files, as these descriptions add no value beyond what the resource names already convey.",0,0,4,0,,,,,,,,,54.648,,,,,,
1140f96cd4,ollama_gpt-oss_120b,4,"Updates device-tree binding documentation for AD7923/AD7924 ADCs, noting AD7927's compatibility with the AD7928 driver and clarifying that AD7923 and AD7924 share the same driver behavior.",0,0,4,0,,,,,,,,,61.117,,,,,,
116c3f4a78,ollama_gpt-oss_120b,3,"The commit raises the maximum LED brightness for the Dream Cheeky USB notifier to 63 by adjusting a constant in the hid-led driver, based on empirical testing.",4,0,0,0,,,,,,,,,64.371,,,,,,
11c2bf4a20,ollama_gpt-oss_120b,4,"Adds proper handling for invalid-size PCI config read requests in the mvebu driver by setting the read value to all‑ones and returning PCIBIOS_BAD_REGISTER_NUMBER, matching the write path.",4,0,0,0,,,,,,,,,57.26,,,,,,
1280d4b76f,ollama_gpt-oss_120b,4,"The commit deletes a custom bit_reverse() implementation and replaces its uses with the kernel-provided bitrev8() plus bitshift, eliminating duplicated code in the packing library.",0,0,4,0,,,,,,,,,56.444,,,,,,
1299a129a9,ollama_gpt-oss_120b,4,"The commit reorders initialization on LoongArch by flushing the TLB right after setting up the page‑table walker and before any page allocation, and moves a unrelated pgtable bits define call into tlb_init, to stop stale TLB entries that cause the second kernel after kexec/kdump to fail to boot on SMP systems.",4,0,0,0,,,,,,,,,65.953,,,,,,
12a824dc67,ollama_gpt-oss_120b,4,"Adds a cache for the last b+tree path used during fiemap extent‑sharedness checks in Btrfs, preventing repeated traversals of the same nodes when scanning many extents, thus reducing metadata lookups and speeding up fiemap.",0,0,4,0,,,,,,,,,65.725,,,,,,
12aeaaba08,ollama_gpt-oss_120b,4,"Updates perf c2c documentation to include the newly added 'N/A' store metric in the report table, reflecting a change in metric definitions.",0,0,4,0,,,,,,,,,59.335,,,,,,
1300eec9e5,ollama_gpt-oss_120b,4,"The patch moves the definitions of mach_get_rtc_pll, mach_set_rtc_pll and mach_hwclk into the same source file (time.c) for nommu m68k builds, ensuring they are compiled only when needed and eliminating undefined reference errors when the generic RTC driver is enabled.",4,0,0,0,,,,,,,,,66.614,,,,,,
130fc180a4,ollama_gpt-oss_120b,3,"Adds code to release enclosure device objects when the mpi3mr driver is unloaded and before rescanning devices on controller reset, ensuring proper cleanup of allocated resources.",4,0,0,0,,,,,,,,,55.393,,,,,,
131a79b474,ollama_gpt-oss_120b,4,"Fixes race and double‑free bugs in hugetlb VMA lock handling during VMA split and range unmapping, and ensures a lock is allocated for all VM_MAYSHARE vmas.",4,0,0,0,,,,,,,,,68.495,,,,,,
133e2d3e81,ollama_gpt-oss_120b,4,"The patch relaxes the restriction that prevents a vforked child (sharing the parent's memory) from moving to a different time namespace; after exec the new mm allows the switch, so the kernel now permits timens change on vfork+exec without adding a new clone flag.",0,0,0,4,,,,,,,,,68.537,,,,,,
1397af5bfd,ollama_gpt-oss_120b,3,"The commit removes the per‑CPU dying list used by conntrack, moves entries needing event redelivery to a per‑net dying list, and adjusts the IPS_CONFIRMED handling to avoid double unlinking.",0,0,4,0,,,,,,,,,60.011,,,,,,
13a4223df8,ollama_gpt-oss_120b,4,"The patch edits a comment in the ab8500 fuel‑gauge driver, removing a duplicated word ‘is is’ so the comment reads correctly.",0,0,4,0,,,,,,,,,60.772,,,,,,
14b9397240,ollama_gpt-oss_120b,3,"The commit adds functionality to the DesignWare I2C driver to retrieve I2C timing parameters from firmware, mirroring an existing PCI driver helper.",0,0,0,4,,,,,,,,,57.178,,,,,,
15e15d64bd,ollama_gpt-oss_120b,3,"Adds the X86_FEATURE_XENPV flag to disabled-features.h, causing this CPU feature to be turned off on Xen PV guests.",0,4,0,0,,,,,,,,,53.525,,,,,,
15e67227c4,ollama_gpt-oss_120b,3,Reverts a previous return‑thunk modification and adds a CPU feature flag X86_FEATURE_RETHUNK to disable the change on affected processors.,4,0,0,0,,,,,,,,,61.09,,,,,,
1634602627,ollama_gpt-oss_120b,4,"Adds the AVDD and MICVDD power supply entries to the rt5682s device‑tree binding documentation, reflecting supplies already used in a board DTS.",0,0,4,0,,,,,,,,,58.764,,,,,,
1644dfe727,ollama_gpt-oss_120b,4,"The patch removes redundant resetting of MBA control arrays in set_mba_sc(), adds mbps_val[] reset to reset_all_ctrls(), and eliminates unnecessary architecture‑specific code.",0,0,4,0,,,,,,,,,61.725,,,,,,
1645e7b966,ollama_gpt-oss_120b,3,The patch renames the vkms_composer struct to vkms_frame_info for clarity and also corrects an iosys_map_is_null check in compose_plane.,3,0,3,0,,,,,,,,,61.408,,,,,,
16a54d4ee7,ollama_gpt-oss_120b,4,"The patch changes framebuffer console (fbcon) sysfs attribute show functions to use sysfs_emit instead of snprintf/scnprintf/sprintf, aligning with the recommended API for sysfs output.",0,0,4,0,,,,,,,,,68.83,,,,,,
16b1941eac,ollama_gpt-oss_120b,4,"The patch removes code in the USB gadget core that assigns udc->dev.driver, ensuring the driver pointer stays NULL, which eliminates a race that caused a use‑after‑free in dev_uevent as reported by syzbot.",4,0,0,0,,,,,,,,,69.528,,,,,,
16ed828b87,ollama_gpt-oss_120b,4,"Adds a missing iounmap() in zorro7xx_remove_one() to release a resource allocated by ioremap() during probe, fixing a leak.",4,0,0,0,,,,,,,,,68.549,,,,,,
1724cc38e7,ollama_gpt-oss_120b,4,"The patch renames the driver callback function set_fmt_new back to the standard set_fmt name for the jz4740-i2s ASoC driver, reflecting that the core audio subsystem now uses the new direct clock specification.",0,0,4,0,,,,,,,,,62.928,,,,,,
17580de3e2,ollama_gpt-oss_120b,4,"The patch reorders logic in the r8188eu driver’s OnDisassoc handler, extracting the non‑access‑point case from a large conditional block so it is processed first, simplifying the function’s flow.",0,0,4,0,,,,,,,,,58.706,,,,,,
176c0b55d9,ollama_gpt-oss_120b,3,"Moves async flip capability validation earlier in the i915 atomic check, introduces intel_async_flip_check_uapi() and adds basic checks (CRTC active, modeset flag, plane enabled) to ensure async flips are only requested when supported.",0,4,0,0,,,,,,,,,61.996,,,,,,
17edb8e1e3,ollama_gpt-oss_120b,4,"The patch removes kernel-doc annotations from static functions in the drm/edid subsystem, considering them excessive, while keeping the explanatory text as ordinary comments.",0,0,4,0,,,,,,,,,60.534,,,,,,
1844c79c4d,ollama_gpt-oss_120b,4,"Updates the spear-keyboard input driver to use DEFINE_SIMPLE_DEV_PM_OPS() with pm_sleep_ptr() instead of the deprecated SIMPLE_DEV_PM_OPS(), removing __maybe_unused attributes and suppressing compiler warnings while keeping the same power‑management behavior.",0,0,4,0,,,,,,,,,54.528,,,,,,
18451db82e,ollama_gpt-oss_120b,3,"The patch modifies the RDMA core to compute the UDP source port using the GRH flow label, falling back to the local or remote QP numbers when the flow label is absent, and sets this port in the packet.",0,0,0,4,,,,,,,,,58.749,,,,,,
18489174e4,ollama_gpt-oss_120b,4,"Adds support for the on‑board RT711 SDCA audio codec on Intel Meteor Lake (MTL) reference platform, integrating it into the ASoC Intel SOF SDW driver.",0,0,0,4,,,,,,,,,62.65,,,,,,
192bb40f03,ollama_gpt-oss_120b,4,"The patch changes intel_gt_mcr_wait_for_reg_fw() to acquire and release uncore->lock internally, fixing a missing lock acquisition that caused race conditions and lockdep assertions, and avoids holding the lock during long waits.",4,0,0,0,,,,,,,,,52.012,,,,,,
1968f2be5c,ollama_gpt-oss_120b,4,"The patch adds a new ACPI identifier for a newer AMD PMC controller variant to the kernel's supported ID list, allowing the driver to recognize and initialize that hardware.",0,0,0,4,,,,,,,,,60.716,,,,,,
1a048cde49,ollama_gpt-oss_120b,3,"The patch modifies the r8188eu driver to replace its own get_da call with the generic ieee80211_get_DA function from ieee80211.h, updating the source accordingly.",0,0,4,0,,,,,,,,,58.555,,,,,,
1a8339c6bd,ollama_gpt-oss_120b,4,"Adds a new device tree compatible string for the Elan eth3915n touchscreen controller, indicating it is compatible with the ekth3500 driver.",0,0,0,4,,,,,,,,,65.822,,,,,,
1ab586f517,ollama_gpt-oss_120b,4,"The commit updates the sfc driver to replace scnprintf calls in sysfs show() functions with sysfs_emit(), aligning with sysfs coding guidelines.",0,0,4,0,,,,,,,,,56.503,,,,,,
1ac7fd8159,ollama_gpt-oss_120b,4,"Adds support for Intel LBR format V7 on Goldmont+ and Tremont CPUs, introduces shared capability flags in struct x86_pmu and an init routine to set them, simplifying LBR capability detection.",0,0,0,4,,,,,,,,,61.459,,,,,,
1b0a54b3e8,ollama_gpt-oss_120b,3,"The patch consolidates the LED handling structures in the r8188eu driver by merging struct LED_871x into struct led_priv, moving all LED_871x fields into led_priv, simplifying the LED layer.",0,0,4,0,,,,,,,,,56.478,,,,,,
1b0c84a32e,ollama_gpt-oss_120b,3,"The commit adjusts the NFP driver to avoid reading a 32‑bit capability word from a non‑qword‑aligned address, preventing exceptions on certain architectures.",4,0,0,0,,,,,,,,,55.585,,,,,,
1b6345d416,ollama_gpt-oss_120b,4,"Adds a consistency check in nf_tables: when a set specifies field_count, the NFT_SET_CONCAT flag must be set; otherwise returns EINVAL. Also rejects NFT_SET_CONCAT without field_count. Implements validation logic in the netfilter code.",4,0,0,0,,,,,,,,,57.476,,,,,,
1b929c02af,ollama_gpt-oss_120b,3,"Creates the Linux 6.2-rc1 release, updating version identifiers and tagging the source tree for the first release candidate.",0,0,0,0,,,,,,,,,55.465,,,,,,
1bd9dfec9f,ollama_gpt-oss_120b,4,"Reverts the restrictive APIC‑write check added earlier, allowing non‑ICR MSR writes required for x2AVIC, thereby fixing the regression introduced by commit 5413bcba7ed5.",4,0,0,0,,,,,,,,,64.247,,,,,,
1c075b192f,ollama_gpt-oss_120b,3,"The patch corrects the TLV length check in tipc_nl_compat_name_table_dump_header by casting the size expression to int, handling cases where TLV_GET_DATA_LEN() returns a negative value and eliminating the KMSAN uninitialized‑value bug reported by syzbot.",4,0,0,0,,,,,,,,,62.065,,,,,,
1c0bd03532,ollama_gpt-oss_120b,4,"Adds a compatible string for the Altera SoCFPGA Stratix‑10 Development Kit in the arm64 device‑tree, enabling the kernel to recognize this board.",0,0,0,4,,,,,,,,,63.304,,,,,,
1c33f8508b,ollama_gpt-oss_120b,4,"Adds missing HDMI power supply properties (avdd-0v9-supply, avdd-1v8-supply) to the rk3399-roc-pc device‑tree node, eliminating a kernel warning and aligning the naming with the hardware schematic.",4,0,0,0,,,,,,,,,65.889,,,,,,
1c796caff0,ollama_gpt-oss_120b,4,"Renames the Kconfig symbol for the IIO test format suite to CONFIG_IIO_TEST_FORMAT_KUNIT_TEST, aligning with KUnit’s required CONFIG_<name>_KUNIT_TEST pattern.",0,0,4,0,,,,,,,,,55.516,,,,,,
1cec8bbc17,ollama_gpt-oss_120b,4,"The commit updates the KVM arm64 selftest to disable single‑step debugging using the proper KVM_GUESTDBG_ENABLE flag instead of the unrelated SINGLE_STEP_DISABLE enum, which coincidentally has the same value. No runtime behavior changes.",0,0,4,0,,,,,,,,,65.125,,,,,,
1dcf37365e,ollama_gpt-oss_120b,3,"Updates the Qualcomm GSBI device‑tree binding files to the new DT schema format, replacing the previous binding representation.",0,0,4,0,,,,,,,,,60.892,,,,,,
1e029397d1,ollama_gpt-oss_120b,3,"The patch splits sd_read_protection() into two functions, postpones integrity probing to the end of SCSI device discovery, and removes a redundant revalidate call that previously queried the same parameters twice, also simplifying some log output.",4,0,0,0,,,,,,,,,62.289,,,,,,
1ed914e341,ollama_gpt-oss_120b,3,"Adds pinctrl entries for SSI1 and sound_dai nodes to the RZ/G2UL SMARC EVK device tree, activating audio hardware support on that board.",0,0,0,4,,,,,,,,,62.9,,,,,,
1ee6c5abeb,ollama_gpt-oss_120b,3,"The commit removes the driver‑enforced edge‑rising interrupt trigger for ath10k_snoc, allowing the interrupt type to be taken from the device tree, fixing binding failures on Qualcomm WCN3990 hardware.",4,0,0,0,,,,,,,,,62.981,,,,,,
1f2cfdd349,ollama_gpt-oss_120b,4,"Reverts the change that added an erroneous __user qualifier to the buffer argument of proc_dointvec_minmax_sysadmin() after moving the function to printk/sysctl, restoring correct type and silencing sparse warnings.",4,0,0,0,,,,,,,,,63.596,,,,,,
1f4d8ae231,ollama_gpt-oss_120b,3,"The patch adds a GPIO interrupt handler and implements four irq_chip helper functions (irq_set_type, irq_mask, irq_unmask, irq_ack) for the Microchip pci1xxxx driver, enabling configuration, masking, unmasking and acknowledgment of GPIO IRQs.",0,0,0,4,,,,,,,,,58.758,,,,,,
1f74399fd1,ollama_gpt-oss_120b,4,"Deletes the unused 'work' member from struct mlx5e_async_ctx in the mlx5e driver, eliminating dead code.",0,0,4,0,,,,,,,,,58.437,,,,,,
1fc4fa2ac9,ollama_gpt-oss_120b,4,"Fixes rxrpc congestion management by resetting the congestion window after idle periods and preserving ssthresh, eliminating the deadlock caused when a saved cwnd of zero prevented any transmission.",4,0,0,0,,,,,,,,,57.271,,,,,,
1fe5ebc4e1,ollama_gpt-oss_120b,4,"The patch moves root helper functions that were mistakenly placed in accessors.h back into ctree.h, aligning them with btrfs_root definitions and simplifying header synchronization with btrfs-progs.",0,0,4,0,,,,,,,,,61.105,,,,,,
2019bf7cd2,ollama_gpt-oss_120b,4,"The commit adds support for the SMUIO hardware block introduced in AMDGPU version 13.0.9, implementing a software function to handle this block during driver discovery.",0,0,0,4,,,,,,,,,59.892,,,,,,
203bcac9bf,ollama_gpt-oss_120b,4,"The patch raises the maximum DRAM bandwidth percentage for AMD DCN315 display hardware to 60%, fixing DML validation failures when multiple HDR displays are connected.",4,0,0,0,,,,,,,,,62.214,,,,,,
208cc9fe6f,ollama_gpt-oss_120b,3,"The patch updates the mpt3sas SCSI driver to perform its 4 GB boundary check using the pool's DMA address instead of the virtual address, correcting the check logic.",4,0,0,0,,,,,,,,,53.263,,,,,,
20ea94bc53,ollama_gpt-oss_120b,4,"Adds a GPIO property to the wcd938x ASoC device-tree binding, allowing the codec to select between CTIA and OMTP headset wiring via a configurable GPIO.",0,0,0,4,,,,,,,,,63.826,,,,,,
21234e3a84,ollama_gpt-oss_120b,4,"The patch fixes a use‑after‑free bug in the mlx5e driver by freeing VLAN resources with mlx5e_fs_vlan_free(fs) before the main fs structure is kvfreed, preventing dangling pointer accesses during initialization.",4,0,0,0,,,,,,,,,57.126,,,,,,
212ad7cb7d,ollama_gpt-oss_120b,4,"The patch restores proper peer deletion for QCA6390/WCN6855 when a station disconnects, fixing a use‑after‑free caused by earlier code that skipped the peer delete command. It adjusts the WMI command handling so the peer is freed and its pointer cleared.",4,0,0,0,,,,,,,,,70.122,,,,,,
21457f4a91,ollama_gpt-oss_120b,4,Deletes the unused function rxrpc_get_reply_time() from the RxRPC code because the system now uses call issue time instead of reply time.,0,0,4,0,,,,,,,,,66.526,,,,,,
216d1a8013,ollama_gpt-oss_120b,4,"The commit updates the maintainer's e‑mail address in the dt‑bindings repository, preferring the Bootlin address over the previous one.",0,0,4,0,,,,,,,,,59.427,,,,,,
21cdd6a0e8,ollama_gpt-oss_120b,4,"The patch updates the musb mpfs driver probe function so that error‑handling branches return proper negative errno codes instead of zero, correcting the previous behavior where failures were reported as success.",4,0,0,0,,,,,,,,,56.106,,,,,,
21ce2c121f,ollama_gpt-oss_120b,4,"The driver previously registered netdev_notifiers during each device probe, causing duplicate registrations when multiple ADIN1110/2111 devices are present. The patch moves the registration to the module initialization function so all instances share a single notifier registration, eliminating warnings and probe failures.",4,0,0,0,,,,,,,,,61.747,,,,,,
2274c3b281,ollama_gpt-oss_120b,3,"The patch replaces JFS's ->writepage implementation with the generic ->migrate_folio helper and deletes the now‑unused ->writepage code, improving write‑back efficiency.",0,0,4,0,,,,,,,,,56.596,,,,,,
227f25972c,ollama_gpt-oss_120b,4,"Adds support for a new queue allocation command in iwlwifi, updating the driver API to use a station mask and revised flags, and implements required queue removal before station removal as firmware no longer handles it.",0,0,0,4,,,,,,,,,59.281,,,,,,
228f324dc7,ollama_gpt-oss_120b,4,"Adds a helper function virt_get_pte_hva() to the KVM aarch64 self‑test suite, translating a guest virtual address to the host virtual address of its page‑table entry for use by future tests.",0,0,0,4,,,,,,,,,58.564,,,,,,
22dd7a58b2,ollama_gpt-oss_120b,4,"Removes obsolete perfbuf API functions from libbpf and tidies the associated option structures, simplifying the library's interface.",0,0,4,0,,,,,,,,,62.054,,,,,,
2307a0e1ca,ollama_gpt-oss_120b,4,"Adds a device‑specific quirk for the Fiero SC‑01 USB audio interface when running firmware version 1.0.0, reusing the workaround already present for firmware 1.1.0, enabling correct handling of hard‑coded sample rates.",4,0,0,0,,,,,,,,,60.711,,,,,,
2327337b88,ollama_gpt-oss_120b,3,"The patch changes io_uring_enter to stop running pending task work at entry, deferring it until after submissions, which enables better batching and avoids unnecessary work.",0,0,4,0,,,,,,,,,56.234,,,,,,
23347c90e2,ollama_gpt-oss_120b,4,"Updates OMAP3 device tree to group CM_ICLKEN_WKUP clocks using the TI clksel binding and adds clock-output-names, eliminating dtc warnings about unique unit addresses and non‑standard node names.",0,0,4,0,,,,,,,,,63.152,,,,,,
233eb8d689,ollama_gpt-oss_120b,4,Corrects a spelling typo in a comment within the OCFS2 filesystem code; no functional changes are introduced.,0,0,4,0,,,,,,,,,56.882,,,,,,
2397f780e1,ollama_gpt-oss_120b,3,"The patch modifies try_to_free_swap to accept a folio instead of a page, removing extra compound_head calls and reducing kernel text size by roughly 74 bytes.",0,0,4,0,,,,,,,,,58.628,,,,,,
23cc6d8c37,ollama_gpt-oss_120b,4,Changes cfg80211_auth_request.key_idx from unsigned to signed to allow -1 sentinel values and silence static‑analysis warnings; no functional behavior change.,0,0,4,0,,,,,,,,,59.79,,,,,,
23dca7a900,ollama_gpt-oss_120b,3,"Adds a reset argument to the mtk_wed_tx_ring_setup function, preparing the driver to support Wireless Ethernet Dispatcher reset operations.",0,0,0,4,,,,,,,,,58.361,,,,,,
23e085b2de,ollama_gpt-oss_120b,4,"Adds admin‑only capability checks to NVMe management ioctl commands (reset, rescan, etc.), matching the existing restriction on passthrough commands.",4,0,0,0,,,,,,,,,55.212,,,,,,
2485c12c98,ollama_gpt-oss_120b,3,"The patch updates the AMD KFD driver so that when CRIU restores a checkpoint, each recreated queue is given the same sdma id it had during the dump, preserving the original identifier.",4,0,0,0,,,,,,,,,59.687,,,,,,
24873b8859,ollama_gpt-oss_120b,3,"The patch edits the r8188eu staging driver, deleting the HW_VAR_AC_PARAM_VI usage in SetHwReg8188EU() and replacing it with a direct rtw_write32() call, simplifying the register‑setting code.",0,0,4,0,,,,,,,,,58.95,,,,,,
249369e931,ollama_gpt-oss_120b,4,Replaces snprintf calls in drivers/bus/mhi/host/init.c with sysfs_emit/sysfs_emit_at to satisfy a Coccinelle warning about preferred sysfs output functions.,0,0,4,0,,,,,,,,,66.148,,,,,,
24a3db53ec,ollama_gpt-oss_120b,3,"Updates the OMAP3 device tree to group CONTROL_DEVCONF0 clocks using the TI clksel binding and adds clock-output-names, removing unique_unit_address and node_name_chars_strict warnings with W=1/2 make flags.",0,0,4,0,,,,,,,,,63.392,,,,,,
25097de7b2,ollama_gpt-oss_120b,4,"Adds a pinctrl/GPIO driver for Intel Meteor Lake, implementing support for the next‑generation GPIO hardware while reusing the existing Intel core pinctrl infrastructure.",0,0,0,4,,,,,,,,,59.675,,,,,,
255d7a9581,ollama_gpt-oss_120b,4,"The commit extracts the QCS404 remote processor Peripheral Authentication Service device‑tree bindings into a dedicated file, reducing complexity and easing maintenance of the dt‑bindings tree.",0,0,4,0,,,,,,,,,51.718,,,,,,
2564aa7544,ollama_gpt-oss_120b,3,"Adds the bi-tcxo clock name to the Qualcomm SDM845 camera clock controller device-tree binding, updating the schema so the driver can recognize this clock.",0,0,0,4,,,,,,,,,58.493,,,,,,
258030acc9,ollama_gpt-oss_120b,4,The commit changes the dsa_switch struct field num_ports from size_t (8 bytes) to unsigned int (4 bytes) to eliminate unnecessary padding and shrink the overall struct size.,0,0,4,0,,,,,,,,,52.351,,,,,,
25eb948601,ollama_gpt-oss_120b,4,"Removes unnecessary chip type comment lines from the ftdi_sio USB serial driver, cleaning up the source without altering any functionality.",0,0,4,0,,,,,,,,,54.647,,,,,,
25fd735a4c,ollama_gpt-oss_120b,4,"The patch updates rxe_av.c in the RDMA/rxe driver, replacing all uses of the generic pr_* logging macros with the driver‑specific rxe_dbg_* macros, aligning debug output with the rxe subsystem.",0,0,4,0,,,,,,,,,64.982,,,,,,
26093ce14b,ollama_gpt-oss_120b,3,"The patch modifies the amdgpu driver to stop using the amdgpu_ras_need_send_ras_feature helper and directly checks the GFX RAS block, ensuring the RAS enable_feature command is sent only for the graphics IP block.",4,0,0,0,,,,,,,,,60.532,,,,,,
260b5c694b,ollama_gpt-oss_120b,4,The commit edits the MAINTAINERS file to delete Jukka Rissanen's entry as the 6lowpan maintainer because he no longer works on it.,0,0,0,0,,,,,,,,,63.146,,,,,,
26df39a9e5,ollama_gpt-oss_120b,4,"Initializes the previously uninitialized variable ‘next’ in find_first_clear_extent_bit of Btrfs, removing a compile‑time error that appeared when syncing extent-io-tree.c into btrfs-progs.",4,0,0,0,,,,,,,,,60.967,,,,,,
26ffcbbef7,ollama_gpt-oss_120b,3,"Adds fields and logic to the i915 buddy allocator to record total visible memory and per‑resource used visible memory, updates debug output and accounts for reserved memory, enabling future allocation and eviction decisions.",0,0,0,4,,,,,,,,,62.147,,,,,,
2703c16c75,ollama_gpt-oss_120b,4,"Adds a common mechanism for CXL.mem endpoint drivers to enumerate ancestor CXL switch ports, validate CXL.mem links, and manage race conditions via parent port locks and placeholder references.",0,0,0,4,,,,,,,,,62.11,,,,,,
272ac15003,ollama_gpt-oss_120b,4,"The patch deletes the unused function fscrypt_set_test_dummy_encryption() after all callers have been switched to newer APIs, cleaning up dead code in the fscrypt subsystem.",0,0,4,0,,,,,,,,,61.999,,,,,,
27aeb91559,ollama_gpt-oss_120b,4,"The commit updates the hisi_acc VFIO driver to use new device lifecycle helper functions, moves migration‑specific initialization from the probe routine to a dedicated init callback, and deletes the now‑unused vfio_pci_core_{un}init_device() helpers.",0,0,4,0,,,,,,,,,62.049,,,,,,
28793b194e,ollama_gpt-oss_120b,3,"The commit moves the decision about bio cloning into submit_stripe_bio, removing the now‑redundant orig_bio and clone parameters because they can be derived from existing structures.",0,0,4,0,,,,,,,,,65.456,,,,,,
287f1ee38a,ollama_gpt-oss_120b,3,"The patch modifies the Renesas r8a77470 pinctrl driver to replace full reserved register field descriptions with compact shorthands (negative width) and merges adjacent reserved fields, reducing kernel size.",0,0,4,0,,,,,,,,,65.996,,,,,,
29a051bd46,ollama_gpt-oss_120b,3,"Reorders the if/else chain that selects frequency tables based on GRAPHICS_VER, handling newer versions first to improve readability and future extensibility.",0,0,4,0,,,,,,,,,61.06,,,,,,
29f557d553,ollama_gpt-oss_120b,4,"Updates the copy of struct vmcb_control_area in KVM nSVM self‑tests to match the kernel's latest definition, allowing the tests to cover newly introduced VMCB features.",0,0,4,0,,,,,,,,,63.26,,,,,,
2a791f4412,ollama_gpt-oss_120b,4,"The patch removes the buddy prefetch step from free_pcppages_bulk() in the page allocator. It argues that prefetching under the zone lock adds unnecessary work and offers little benefit, so the code is simplified and the prefetch logic is deleted.",0,0,4,0,,,,,,,,,56.305,,,,,,
2ac05f8f2e,ollama_gpt-oss_120b,4,"Adds a PowerPC perf self‑test that enables branch stack and verifies it does not crash on any platform, exercising the earlier crash‑fix code path.",0,0,4,0,,,,,,,,,57.404,,,,,,
2b7d07f7ac,ollama_gpt-oss_120b,4,"Updates ftpm_mod_init in the TPM FTPM TEE driver to check driver_register()'s return value and unregister ftpm_tee_plat_driver when registration fails, ensuring correct cleanup.",4,0,0,0,,,,,,,,,62.827,,,,,,
2b947cf9e3,ollama_gpt-oss_120b,3,"The commit updates the max310x serial driver to populate the rs485_supported field, documenting which serial_rs485 capabilities the hardware provides.",0,0,4,0,,,,,,,,,56.952,,,,,,
2ba75d3119,ollama_gpt-oss_120b,3,"Reorganizes the HOP helper functions in the Habana Labs MMU V1 driver to use newly defined shift/mask arrays, simplifying the implementation and improving code clarity.",0,0,4,0,,,,,,,,,59.755,,,,,,
2baad24963,ollama_gpt-oss_120b,4,"The patch changes the log level for failures of devm_thermal_of_zone_register() from error to debug, because -ENODEV is expected when a thermal zone is absent, reducing unnecessary error messages.",0,0,4,0,,,,,,,,,64.747,,,,,,
2c1eafc40e,ollama_gpt-oss_120b,4,"The patch changes the USB control‑message timeout used when reading the EDID in the udl DRM driver to the standard USB timeout constant (5 seconds), aligning it with other drivers.",0,0,4,0,,,,,,,,,63.429,,,,,,
2c763f37d0,ollama_gpt-oss_120b,3,"The patch modifies the amdgpu driver to stop programming gfxhub_v3_0_3 system aperture registers for SR‑IOV virtual functions, because those registers are no longer in the RLCG access range and must be set by the host.",4,0,0,0,,,,,,,,,68.494,,,,,,
2d3bc87543,ollama_gpt-oss_120b,4,"The patch deletes the vgpu->released flag and its associated sanity‑check code in the i915 GVT driver because VFIO core now handles the vGPU lifecycle, making the flag redundant.",0,0,4,0,,,,,,,,,58.008,,,,,,
2d4daa549c,ollama_gpt-oss_120b,4,The commit deletes the arch_has_empty_bitmaps field from the x86 resctrl code because min_cbm_bits already provides sufficient validation for zero capacity bit masks.,0,0,4,0,,,,,,,,,61.157,,,,,,
2dd9032beb,ollama_gpt-oss_120b,3,"Adds a helper function for RAS poison‑mode queries and renames it, avoiding unnecessary queries on SR‑IOV guests and simplifying the driver code.",0,0,4,0,,,,,,,,,61.104,,,,,,
2e0aee8f0a,ollama_gpt-oss_120b,4,"Changes ata_port::fastdrain_cnt from unsigned long to unsigned int because it is only ever assigned 32‑bit values, reducing size without altering behavior.",0,0,4,0,,,,,,,,,63.505,,,,,,
2e7e80f7e7,ollama_gpt-oss_120b,3,"Updates the filesystem helper is_partially_uptodate to take a folio argument, matching the per‑folio uptodate flag and clarifying that it returns a boolean and uses byte counts.",0,0,4,0,,,,,,,,,57.067,,,,,,
2fadc6ea4a,ollama_gpt-oss_120b,4,"The commit reorders the entries of CONFIG_SURFACE_PLATFORMS in RISC-V defconfig files to match the ordering produced by savedefconfig, without altering any functional behavior.",0,0,4,0,,,,,,,,,59.933,,,,,,
2fc092d4c7,ollama_gpt-oss_120b,3,"The patch corrects the selection of the microengine (ME) used in the map_queue packet for GFX11 AMDGPU, ensuring the appropriate ME for graphics, compute, or scheduling is chosen.",4,0,0,0,,,,,,,,,57.929,,,,,,
302e9edd54,ollama_gpt-oss_120b,4,"The patch modifies the tracing subsystem so that traceon/traceoff triggers, when attached to an event, affect only the specific tracing instance rather than the global tracing state, correcting confusing behavior for users.",4,0,0,0,,,,,,,,,58.102,,,,,,
3044a4f271,ollama_gpt-oss_120b,4,The patch adds a helper function mcp251xfd_is_fd_mode() to test whether the MCP251xfd CAN controller operates in CAN-FD mode and replaces existing inline checks with calls to this function.,0,0,4,0,,,,,,,,,58.849,,,,,,
3084097c36,ollama_gpt-oss_120b,4,"The patch cleans up the BPF self‑test code by eliminating the previously required mount and unmount of /sys and /sys/fs/bpf in the open_netns and close_netns helpers, as earlier patches made those mounts unnecessary.",0,0,4,0,,,,,,,,,56.608,,,,,,
30b1a0797e,ollama_gpt-oss_120b,4,"The patch updates the ssd130x DRM driver to obtain the plane state via drm_atomic_get_new_plane_state() instead of directly accessing the plane's .state field, aligning with the atomic API. No functional behavior is changed.",0,0,4,0,,,,,,,,,61.33,,,,,,
30b6ab45f8,ollama_gpt-oss_120b,4,"Converts the existing boolean sysregs_loaded_on_cpu in the KVM arm64 vcpu structure into a dedicated state flag, reflecting that it is a host‑only concern about register residency in VHE mode.",0,0,4,0,,,,,,,,,64.301,,,,,,
30d024b505,ollama_gpt-oss_120b,4,Adds a forward declaration of struct folio in cacheflush.h so that the header can be included without compilation warnings about an unknown type.,0,0,4,0,,,,,,,,,56.726,,,,,,
3128ea0169,ollama_gpt-oss_120b,4,"The patch modifies the mt76 mt7921 driver to stop discarding received frames that use VHT MCS indices 10‑11, which the hardware can handle, thereby allowing those frames to be processed.",4,0,0,0,,,,,,,,,60.013,,,,,,
31354121bf,ollama_gpt-oss_120b,4,"Adds a device‑tree binding and clk-phase-sd-hs property to the SDMMC node on SocFPGA, allowing the driver to adjust the CIU clock phase via the system manager.",0,0,0,4,,,,,,,,,63.617,,,,,,
316f710172,ollama_gpt-oss_120b,4,"Adds a free() call for the parsed command‑line arguments structure in rtla/osnoise, releasing the allocated memory before the tool exits.",4,0,0,0,,,,,,,,,57.917,,,,,,
319568d75f,ollama_gpt-oss_120b,3,"Updates AMD DRM driver to handle SubVP Dynamic Refresh Rate cases: avoids locking during VSYNC flips, programs DRR triggers via firmware for DCN32/321, and adds a command bit to mark SubVP pipe as DRR.",4,0,0,0,,,,,,,,,60.332,,,,,,
3197706abd,ollama_gpt-oss_120b,4,"The patch renames the reference‑counting helpers in the rxe RDMA driver: rxe_add_ref() becomes rxe_get() and rxe_drop_ref() becomes rxe_put(), improving naming consistency and readability without altering functionality.",0,0,4,0,,,,,,,,,53.925,,,,,,
322842ea3c,ollama_gpt-oss_120b,4,"Adds a missing swap_free() call in try_to_unmap() when arch_unmap_one() fails, undoing a prior swap_duplicate() to correctly release the swap cache entry and prevent corruption or leak.",4,0,0,0,,,,,,,,,61.254,,,,,,
3233b978af,ollama_gpt-oss_120b,3,"Adds a cs_dsp library that bridges the cs35l41 DSP with HDA drivers, exposing DSP controls as ALSA controls, and corrects the CONFIG_SND_HDA_CS_DSP_CONTROLS Kconfig dependency.",0,0,0,4,,,,,,,,,63.161,,,,,,
32346491dd,ollama_gpt-oss_120b,2,"The commit updates the kernel version identifier to 5.19-rc6, marking a release candidate tag.",0,0,0,0,,,,,,,,,61.466,,,,,,
3255530ab1,ollama_gpt-oss_120b,3,"The patch updates KVM x86 MMU iterator logic to automatically refresh iter->old_spte after a failed cmpxchg, removing manual re‑reads and consolidating duplicated code.",0,0,3,0,,,,,,,,,63.494,,,,,,
3256412fc5,ollama_gpt-oss_120b,4,"Adds driver support for retrieving I2C bus clock frequency via standard clock bindings (clk_rate or clock property), falling back to legacy clk_rate if needed.",0,0,0,4,,,,,,,,,58.636,,,,,,
327c348988,ollama_gpt-oss_120b,3,"Adds a printk that logs the gap hole end size on x86 UV platforms, exposing the number of physical address bits used. Improves visibility of platform memory layout during boot.",0,0,4,0,,,,,,,,,64.128,,,,,,
32f1b53fe8,ollama_gpt-oss_120b,4,"Initializes the vqs_list_lock in vdev_info_init() so virtio_test no longer hangs in __vring_new_virtqueue(), fixing a runtime failure.",4,0,0,0,,,,,,,,,57.427,,,,,,
33024536ba,ollama_gpt-oss_120b,3,"Implements a new hot‑page selection algorithm for NUMA‑balancing memory tiering using hint‑page‑fault latency, reuses struct page bits, adds a debugfs threshold interface, and includes a small fix for disabling tiering.",0,0,0,4,,,,,,,,,60.802,,,,,,
330f5a3005,ollama_gpt-oss_120b,4,"Adds a Chinese translation of the devicetree changesets documentation (changesets.rst) under docs/zh_CN, updating the documentation tree without modifying any kernel code.",0,0,0,0,,,,,,,,,62.632,,,,,,
3364c6ce23,ollama_gpt-oss_120b,4,"Fixes size mismatch in LSE atomic macro casts on arm64, replacing unsigned long* cast with correctly sized type to silence -Warray-bounds warnings without altering generated code.",0,0,4,0,,,,,,,,,61.194,,,,,,
340a02535e,ollama_gpt-oss_120b,4,"The commit relocates the extract‑cert script from scripts/ to the certs/ directory and adjusts the build system so the script is compiled only when needed, reflecting a reorganization of build assets.",0,0,4,0,,,,,,,,,60.623,,,,,,
3470079687,ollama_gpt-oss_120b,3,"Allows MTU changes while the network interface is up by releasing and reopening the stmmac driver and invoking set_filter, removing the EBUSY error that previously required the interface to be down.",4,0,0,0,,,,,,,,,61.205,,,,,,
34886e796c,ollama_gpt-oss_120b,4,"The patch moves the KVM x86 PMU operations structure (.pmu_ops) into the init‑only ops table (kvm_x86_init_ops) and marks it __initdata, reducing runtime memory usage and ensuring the ops cannot be altered after initialization.",0,4,0,0,,,,,,,,,61.14,,,,,,
34b1a65ec1,ollama_gpt-oss_120b,4,"Removes the stale MAINTAINERS entry for max77693.txt after the DT binding was migrated to a YAML file, fixing the maintainer metadata.",0,0,4,0,,,,,,,,,57.008,,,,,,
34b88934e6,ollama_gpt-oss_120b,3,"The patch updates the Qualcomm SM8350 pinctrl device‑tree binding to stop requiring a 'function' property for pins that are not GPIOs, such as SD‑card pins.",4,0,0,0,,,,,,,,,65.958,,,,,,
35cc9d622e,ollama_gpt-oss_120b,4,"Adds a BPF self‑test that reproduces a decl_tag issue in func_proto return types, expecting a WARN_ON_ONCE in btf_type_id_size.",0,0,3,0,,,,,,,,,61.176,,,,,,
35eee9a363,ollama_gpt-oss_120b,4,"The patch modifies the RTC self‑test suite to detect if a real‑time clock device is absent and, in that case, skip the test instead of marking it as failed.",0,0,4,0,,,,,,,,,68.192,,,,,,
362e54e48b,ollama_gpt-oss_120b,4,"The patch updates fbtft_init_display() to correctly print the init sequence values, which are signed 16‑bit, by replacing the existing print code with a call to fbtft_par_dbg_hex(), ensuring proper debug output.",0,0,4,0,,,,,,,,,58.546,,,,,,
365e1ececb,ollama_gpt-oss_120b,3,"The commit addresses a race condition in the Hyper-V network driver (hv_netvsc) where a virtual function (VF) registration can occur before the host sends the VF association message during VM boot, causing the VF path to break. It adds a guard to delay registration until the bind message arrives.",4,0,0,0,,,,,,,,,61.879,,,,,,
367c9b0f1b,ollama_gpt-oss_120b,4,"The patch adds a reference to the mm struct when a range is queued in the SVM deferred list and releases it after processing, preventing use‑after‑free and mm_count leaks in the AMDGPU driver.",4,0,0,0,,,,,,,,,59.929,,,,,,
36c6f1fb2e,ollama_gpt-oss_120b,4,"Adds optional prepare_streaming and unprepare_streaming operations to the videobuf2 queue API so drivers can claim and release streaming resources when VIDIOC_STREAMON/OFF is invoked, enabling earlier resource management.",0,0,0,4,,,,,,,,,63.193,,,,,,
37be3f9d69,ollama_gpt-oss_120b,3,"The patch modifies the qla2xxx driver to tear down an existing firmware session before a relogin when the authentication application starts, preventing repeated login attempts caused by mismatched WWPN sizes.",4,0,0,0,,,,,,,,,55.71,,,,,,
3809db6430,ollama_gpt-oss_120b,3,"The patch adds a reference‑count hold on the rawmidi output buffer during snd_rawmidi_drain_output() and makes the close path check that count, preventing buffer resize while draining.",4,0,0,0,,,,,,,,,63.1,,,,,,
3883001838,ollama_gpt-oss_120b,4,"The patch moves several exported extent_io_tree helper functions from the Btrfs core file to extent-io-tree.c, consolidating helpers that don’t rely on tree_search() and shrinking the core source file.",0,0,4,0,,,,,,,,,65.305,,,,,,
38d4a385a3,ollama_gpt-oss_120b,4,"Introduces a new internal helper __vcpu_run() in KVM self‑tests to wrap the KVM_RUN ioctl, letting tests avoid writing their own ioctl call and assert handling.",0,0,0,4,,,,,,,,,63.922,,,,,,
39cdf080ce,ollama_gpt-oss_120b,3,"The patch adds mt7915_set_radar_background and related MCU commands to configure a dedicated DFS receive chain, enabling zero‑wait DFS (CAC) detection on the rdd2 hardware path.",0,0,0,4,,,,,,,,,58.132,,,,,,
3a52471206,ollama_gpt-oss_120b,3,"Adds a device‑tree entry for RK3399 VOPs defining the gamma LUT memory region at base+0x2000, enabling kernel support for gamma control on this SoC.",0,0,0,4,,,,,,,,,65.738,,,,,,
3a55f72924,ollama_gpt-oss_120b,4,"The patch disables the KVM_HC_CLOCK_PAIRING hypercall when a vCPU has tsc_always_catchup set, because the hypercall’s retry loop would otherwise never exit, causing an infinite loop. It also adjusts warning handling and changes the return code to KVM_EFAULT.",4,0,0,0,,,,,,,,,58.681,,,,,,
3ac5f2f257,ollama_gpt-oss_120b,4,"Adds a missing @server parameter description to the kernel-doc comment of smb311_update_preauth_hash, removing a warning generated by scripts/kernel-doc.",0,0,4,0,,,,,,,,,60.629,,,,,,
3b1611f252,ollama_gpt-oss_120b,4,"The patch updates the Qualcomm ARM dt-bindings header to include new SoC identifiers for the QDU1000 and QRU1000 platforms and their variants, enabling device tree files to reference these IDs.",0,0,0,4,,,,,,,,,62.989,,,,,,
3b49ae380c,ollama_gpt-oss_120b,4,"The patch corrects the error‑handling logic in the ipaq‑micro MFD driver: platform_get_irq() returns a negative error code, but the code previously tested the IRQ pointer for NULL. The change replaces the null check with a check for a value < 0.",4,0,0,0,,,,,,,,,65.878,,,,,,
3b9cb4ba4b,ollama_gpt-oss_120b,4,"Updates rcutorture to create and bind a kernel thread on a specific CPU using kthread_run_on_cpu, replacing kthread_create_on_node, kthread_bind, and wake_up_process, thus simplifying the code.",0,0,4,0,,,,,,,,,58.317,,,,,,
3bea83b68d,ollama_gpt-oss_120b,4,"The patch restructures the lpfc driver SLI handling, moving all RSCN/SCR/RDF/EDC/FARPR code to use the SLI‑4 generic get/set API and separates SLI‑3 and SLI‑4 specific sections, eliminating indirect structure accesses.",0,0,4,0,,,,,,,,,53.99,,,,,,
3cf0507625,ollama_gpt-oss_120b,3,"The commit moves panel‑specific VBT parsing to the output probing stage, splits the VBT data into per‑panel and global parts, stores panel data in connector->panel.vbt, and drops a micro‑optimisation check.",0,0,4,0,,,,,,,,,59.87,,,,,,
3cffb26fbb,ollama_gpt-oss_120b,4,"The patch removes an unnecessary assignment to the variable 'bytes' in sound/pci/echoaudio/midi.c, which was overwritten later and never read, eliminating a dead store warning from clang static analysis.",0,0,4,0,,,,,,,,,64.738,,,,,,
3d8d3504d2,ollama_gpt-oss_120b,3,"The commit adds a platform‑specific data structure for Intel's Agilex SoC to the DWC2 USB driver, indicating that the DWC2 IP on this platform cannot use clock‑gating.",0,0,0,4,,,,,,,,,58.584,,,,,,
3dd9c8b5f0,ollama_gpt-oss_120b,4,The patch deletes the _bh annotation from all spinlocks in the rxrpc subsystem because RCU callbacks no longer acquire spinlocks and packet processing now runs in a regular I/O thread rather than soft‑irq context.,0,0,4,0,,,,,,,,,56.549,,,,,,
3de8dd69fa,ollama_gpt-oss_120b,4,"Updates the TI DAC5571 IIO driver to use i2c's .probe_new() callback, which lacks the i2c_device_id argument, and adds explicit code to obtain the device ID inside the probe.",0,0,4,0,,,,,,,,,61.088,,,,,,
3e1865ba38,ollama_gpt-oss_120b,3,"The commit removes dead code, conditionals and unused options from the Qualcomm QMP UFS PHY driver, simplifying the driver implementation.",0,0,4,0,,,,,,,,,59.458,,,,,,
3e5a8e8494,ollama_gpt-oss_120b,4,"Adds a write to the GCC_SDCC_BCR register in the sdhci‑msm driver init, resetting the SDHC controller and clearing prior power‑control state to prevent timeout failures during reset.",4,0,0,0,,,,,,,,,56.556,,,,,,
3f64510e3d,ollama_gpt-oss_120b,3,"The patch updates the RISC‑V Canaan (k210) device‑tree, splitting a combined timer node into two separate nodes with correct interrupt spec lengths, eliminating dtbs_check schema warnings.",4,0,0,0,,,,,,,,,61.005,,,,,,
3fe012f482,ollama_gpt-oss_120b,4,"Adds a new compatible string for the Qualcomm CCI found in MSM8974 SoC, enabling device tree descriptions for hardware with two I2C masters.",0,0,0,4,,,,,,,,,60.421,,,,,,
3fe3fd5f30,ollama_gpt-oss_120b,4,"Loads the actual number of virtual address bits (vabits_actual) during the CPU resume path on arm64, correcting a mismatch introduced by a prior change to __cpu_setup(), fixing boot failures on 52-bit configurations such as Juno.",4,0,0,0,,,,,,,,,67.039,,,,,,
3ffa9f713c,ollama_gpt-oss_120b,4,Adds proper error handling in ssi_init() for the OMAP SSI core driver: checks platform_driver_register() return value and unregisters ssi_pdriver on failure to avoid leaked registration.,4,0,0,0,,,,,,,,,56.324,,,,,,
403d50341c,ollama_gpt-oss_120b,3,"Adjusts bio_copy_data_iter to honor destination bvec offsets, fixing incorrect data copying in bcache scenarios where bios have non‑zero offsets.",4,0,0,0,,,,,,,,,59.861,,,,,,
40758e493f,ollama_gpt-oss_120b,4,"The patch adds a reset‑GPIO option to the onboard USB hub driver, changing the reset handling to release the line after power‑up and assert it again before power‑down.",0,0,0,4,,,,,,,,,56.121,,,,,,
4088ca3edc,ollama_gpt-oss_120b,4,"The commit adjusts the driver’s include list: it removes unused of_irq.h and of_platform.h headers and adds the missing mod_devicetable.h, ensuring correct compilation and header usage.",4,0,0,0,,,,,,,,,65.876,,,,,,
40e4eb324c,ollama_gpt-oss_120b,4,"The patch changes a left‑shift of a signed 32‑bit integer by 31 bits to use an unsigned type, eliminating undefined behavior flagged by UBSAN in __mdiobus_register.",4,0,0,0,,,,,,,,,61.473,,,,,,
4194442daf,ollama_gpt-oss_120b,3,"Adds const qualifiers to struct detailed_timing pointers used in DRM EDID parsing callbacks, enhancing const‑correctness of the code.",0,0,4,0,,,,,,,,,68.85,,,,,,
424140d31b,ollama_gpt-oss_120b,3,"The patch updates the xHCI driver to stop enabling U1 and U2 link‑power‑management states for USB 3 devices behind tier‑2 or deeper hubs when Intel’s tier policy disallows LPM, moving the policy check earlier to avoid extra MEL commands.",4,0,0,0,,,,,,,,,65.909,,,,,,
42475735ad,ollama_gpt-oss_120b,4,"The patch deletes a redundant return variable in the r8188eu driver’s rtw_wx_get_essid function, which was always initialized to 0 and never overwritten, simplifying the code.",0,0,4,0,,,,,,,,,58.525,,,,,,
426d15ad11,ollama_gpt-oss_120b,4,"Adds a check to skip starting the ext4lazyinit thread when an ext4 filesystem is mounted read‑only, since block allocation and bitmap prefetching are unnecessary.",0,0,4,0,,,,,,,,,65.173,,,,,,
42da167bbd,ollama_gpt-oss_120b,4,"The commit updates the device‑tree for STM32 ARM SoCs, renaming pinctrl nodes to the standard 'pinctrl' name to silence warnings introduced by the new pinctrl.yaml binding.",0,0,4,0,,,,,,,,,63.37,,,,,,
435beb4110,ollama_gpt-oss_120b,4,Removes Naveen Krishna Chatradhi from the dt-bindings/hwmon/ntc-thermistor maintainers list because the email address bounces.,0,0,2,0,,,,,,,,,55.617,,,,,,
43caf1a682,ollama_gpt-oss_120b,3,"The commit updates the kernel-doc script to replace its custom usage/error handling with Pod::Usage, so documentation printing is handled via the standard Perl module.",0,0,4,0,,,,,,,,,70.611,,,,,,
43cf36974d,ollama_gpt-oss_120b,3,"Adds ability for the TPS68470 clock driver to accept multiple platform data consumers, enabling several sensors to acquire the same clock on x86 platforms.",0,0,0,4,,,,,,,,,62.575,,,,,,
43da2f0762,ollama_gpt-oss_120b,4,"Introduces the can327 driver, a CAN line‑discipline that repurposes ELM327 OBD‑II adapters as inexpensive CAN interfaces, and adds accompanying documentation and minor style tweaks.",0,0,0,4,,,,,,,,,61.658,,,,,,
442ec1e5bb,ollama_gpt-oss_120b,4,"The patch adjusts the spacing in the heading row of the ext4 blockmap documentation table to align cells, eliminating a Sphinx ""Malformed table"" warning that prevented the table from loading.",4,0,0,0,,,,,,,,,58.146,,,,,,
44b5554d98,ollama_gpt-oss_120b,4,"Updates the thermal mmio driver to use the new Open Firmware (OF) API, converting its callbacks to the generic thermal_zone_device_ops format and registering the zone via the new API, simplifying initialization.",0,0,4,0,,,,,,,,,62.306,,,,,,
44e36d7552,ollama_gpt-oss_120b,4,"Updates Mediatek DDP component enum to add indexed DITHER0 and modifies MT8365 mutex module arrays to use the new enum, ensuring internal consistency; no functional behavior changes.",0,0,4,0,,,,,,,,,60.217,,,,,,
450deb93df,ollama_gpt-oss_120b,3,"The patch modifies blk-crypto to pass the gendisk structure to the sysfs register/unregister helpers, preparing the block layer for upcoming sysfs handling changes.",0,0,4,0,,,,,,,,,58.383,,,,,,
46307fd6e2,ollama_gpt-oss_120b,3,"The patch removes the css_set_lock spinlock around kernfs_walk_and_get (which may sleep) and adds a special helper for the default cgroup hierarchy, ensuring the root cgroup is safely referenced without being freed.",4,0,0,0,,,,,,,,,62.078,,,,,,
463be3cb35,ollama_gpt-oss_120b,4,Re-enables the internal pull‑down for the eMMC PHY strobe line in the Nanopi4 device tree to fix I/O errors in HS400 mode.,4,0,0,0,,,,,,,,,58.074,,,,,,
4665770407,ollama_gpt-oss_120b,4,"Adds support for DSD audio bit formats (DSD_U8, DSD_U16_LE, DSD_U32_LE) to the Freescale SAI driver in the ASoC subsystem, extending the driver to handle these new formats.",0,0,0,4,,,,,,,,,62.542,,,,,,
466c1e6d05,ollama_gpt-oss_120b,4,"Adds missing cleanup in the probe and resource‑setup error paths of the sun8i_a83t MIPI CSI‑2 driver, releasing allocated resources like the remove function to avoid leaks on failure.",4,0,0,0,,,,,,,,,61.155,,,,,,
470308d9d2,ollama_gpt-oss_120b,4,"The patch adds a unique prefix to the macros in the gpio-f7188x driver to keep the GPIO macro namespace clean, without changing any functional behavior.",0,0,4,0,,,,,,,,,56.867,,,,,,
48bff1053c,ollama_gpt-oss_120b,4,"The patch makes reads from /dev/urandom attempt a best‑effort entropy generation; if successful the RNG is marked initialized, otherwise behavior is unchanged. It replaces a previously reverted required‑try approach.",0,4,0,0,,,,,,,,,58.765,,,,,,
4919d3eb2e,ollama_gpt-oss_120b,4,"The commit reorders RTC CMOS driver initialization so that the ACPI fixed event handler is registered only after the driver data structure is set up, preventing a NULL‑pointer dereference on boot.",4,0,0,0,,,,,,,,,62.19,,,,,,
4967a7803c,ollama_gpt-oss_120b,4,"The commit corrects a typo in the IOAT DMA engine module description, changing ""idel"" to ""idle"". It only modifies the module description text without altering code behavior.",0,0,4,0,,,,,,,,,56.016,,,,,,
49fd9b6df5,ollama_gpt-oss_120b,4,"Updates numerous comments in mm/vmscan and related shmem code, replacing incorrect 'pages' terminology with 'folios' after the folio conversion.",0,0,4,0,,,,,,,,,60.652,,,,,,
4b2b4370a8,ollama_gpt-oss_120b,3,"Updates the AD5380 DAC IIO driver to use the i2c .probe_new() callback, adding code to retrieve the i2c_device_id manually because .probe_new() lacks that argument.",0,0,3,0,,,,,,,,,60.702,,,,,,
4b9f8ce4d5,ollama_gpt-oss_120b,4,"The patch renames the function iscsi_conn_queue_work() to iscsi_conn_queue_xmit() throughout the iSCSI driver, updating all call sites to match the new name, reflecting that the function only queues transmit operations.",0,0,4,0,,,,,,,,,55.436,,,,,,
4ccc6db090,ollama_gpt-oss_120b,4,"The patch modifies __io_account_mem in the io_uring subsystem to use atomic_long_try_cmpxchg instead of atomic_long_cmpxchg, removing an unnecessary comparison and simplifying the code while preserving existing behavior.",0,0,4,0,,,,,,,,,68.257,,,,,,
4d26ba671e,ollama_gpt-oss_120b,4,"The patch removes now‑redundant validation checks in the IOMMU driver’s release_device path, because release_device is invoked via per‑device operations only after successful probe. It also stops freeing fwspec structures that the core now handles, simplifying the code.",0,0,4,0,,,,,,,,,57.352,,,,,,
4d2a3c169b,ollama_gpt-oss_120b,4,"The commit corrects a misspelled word 'postion' to 'position' in the IB/qib driver source, likely in comments or strings, without altering functionality.",0,0,4,0,,,,,,,,,61.793,,,,,,
4d352eb91a,ollama_gpt-oss_120b,4,"Adds the #reset-cells property with value 1 to the Mediatek MT8192/MT8195 device-tree binding, referencing the infra_ao reset defined in the sys-clock bindings.",0,0,0,4,,,,,,,,,55.852,,,,,,
4d40ceef47,ollama_gpt-oss_120b,4,"The commit adds handling for PCI device ID 0x3b57 (Intel 5 Series/3400) in the ALSA HDA driver, using the same capabilities as 0x3b56, thereby enabling HDMI/DP audio via i915.",0,0,0,4,,,,,,,,,67.162,,,,,,
4d8f52ac5f,ollama_gpt-oss_120b,4,"The patch updates the clocksource-switch self‑test to correctly propagate child process errors. It replaces a direct return of system()'s waitpid‑style value with proper macro handling (e.g., WIFEXITED/WEXITSTATUS) so that failures are not masked by exit()'s implicit zero.",4,0,0,0,,,,,,,,,68.5,,,,,,
4dc84c06a3,ollama_gpt-oss_120b,4,Adds support for configuring the driver’s tx_push feature via ethtool’s ring‑parameter get/set (‑G/‑g) by extending the ringparam API and related data structures.,0,0,0,4,,,,,,,,,65.455,,,,,,
4dd9989164,ollama_gpt-oss_120b,4,"Removes an unnecessary 'return;' statement from a void function in the ALSA HDA VIA driver, cleaning up the code without altering functionality.",0,0,4,0,,,,,,,,,60.668,,,,,,
4df002d908,ollama_gpt-oss_120b,3,"The patch modifies kernel configuration to allow rcuscale to be built without automatically enabling RCU Tasks on PREEMPT_NONE kernels, removing an unnecessary dependency and reducing kernel size and tracing complexity.",0,0,4,0,,,,,,,,,60.315,,,,,,
4e05a4b329,ollama_gpt-oss_120b,3,"Adds checks for rxe_get() return in RDMA/rxe tasklets (completer, responder, requester) to detect failure when the qp's reference count has dropped to zero, preparing for a later change that will drop the ref before flushing tasklets.",0,4,0,0,,,,,,,,,59.304,,,,,,
4e0c19fcb8,ollama_gpt-oss_120b,4,"Adds proper teardown of tagger-owned storage in DSA switch drivers, ensuring the storage allocated during tag protocol setup is freed on driver unbind, preventing leaks and use‑after‑free.",4,0,0,0,,,,,,,,,61.986,,,,,,
4e5bc0a9a1,ollama_gpt-oss_120b,3,"The patch adds support in the io_uring subsystem to store two 64‑bit return values for 32‑bit completion queue entries (CQE32). It reuses the existing hash‑list node as a container for this extra data, enabling the kernel to pass back the values.",0,0,0,4,,,,,,,,,56.702,,,,,,
4ec25b49f4,ollama_gpt-oss_120b,4,"The patch modifies the BPF XDP redirect self‑test to create a temporary network namespace instead of using a fixed name, avoiding conflicts when the namespace already exists.",4,0,0,0,,,,,,,,,68.298,,,,,,
4efb98e963,ollama_gpt-oss_120b,3,"The patch updates the ASoC qdsp6 audioreach driver to calculate the module_list size inside the modules loop, removing a separate size‑calculation step.",0,0,4,0,,,,,,,,,58.265,,,,,,
4f03dcc6b9,ollama_gpt-oss_120b,4,"Prevents existing DSA master network devices from being attached as upper interfaces of other devices, except for tag‑none switches, to allow LAG interfaces of DSA masters to be masters themselves while disallowing later addition of new upper ports.",0,4,0,0,,,,,,,,,61.931,,,,,,
4f3701fc59,ollama_gpt-oss_120b,3,"Adds qca8k_bulk_read/write helpers that use the management Ethernet path for bulk packet I/O and updates the FDB code to use them, also shrinking the FDB register count from 4 to 3.",0,0,4,0,,,,,,,,,68.301,,,,,,
4f57332d6a,ollama_gpt-oss_120b,4,"Adds logic to the mlx5 driver to query and probe active Subfunction (SF) devices during driver probe, ensuring SFs are recreated after the parent driver is unloaded/reloaded when SFs and port representors are on different functions.",4,0,0,0,,,,,,,,,57.757,,,,,,
4f9f531e15,ollama_gpt-oss_120b,3,"The commit replaces separate dma_set_mask and dma_set_coherent_mask calls with a single dma_set_mask_and_coherent call in the qed driver, removes dead code, and folds a helper into its caller, simplifying the code.",0,0,4,0,,,,,,,,,57.484,,,,,,
4fb35936a3,ollama_gpt-oss_120b,4,"The commit adds a kernel configuration option to allow building the AMD RPL Platform ACP audio drivers, making them selectable in the build system.",0,0,0,4,,,,,,,,,62.353,,,,,,
507f788d05,ollama_gpt-oss_120b,4,"The commit replaces the existing arm64 strcmp implementation with the latest version from ARM Optimized Routines, adding support for Memory Tagging Extension (MTE) while handling licensing.",0,0,0,4,,,,,,,,,70.183,,,,,,
5099478e43,ollama_gpt-oss_120b,4,"The commit modifies the lpfc driver to obtain VMID registration information from the fabric's FLOGI_ACC service parameters instead of static module parameters, ensuring the driver adapts to different switch implementations.",0,4,0,0,,,,,,,,,62.437,,,,,,
50a7d025ca,ollama_gpt-oss_120b,3,"Adds a RAS poison creation handler to the amdgpu driver and separates the UMC handler, preparing for future poison consumption handling.",0,0,0,4,,,,,,,,,61.337,,,,,,
50cfde3349,ollama_gpt-oss_120b,4,"Updates the maintainer field in dt-bindings/clock/rockchip,rk3399-cru.yaml, replacing an outdated author with the current Rockchip clock maintainer as requested.",0,0,4,0,,,,,,,,,59.336,,,,,,
50f094a558,ollama_gpt-oss_120b,4,"The patch stops ext4 from calling inode_inc_iversion() on EA inodes (marked with EXT4_EA_INODE_FL) because those inodes reuse i_version for part of their reference count, fixing a failure observed in xfstest ext4/026.",4,0,0,0,,,,,,,,,65.701,,,,,,
512865d83f,ollama_gpt-oss_120b,4,"The commit updates the default PSCI version reported to KVM guests on arm64 from the previous version to 1.1, so that PSCI_VERSION returns the newer number.",0,0,3,0,,,,,,,,,63.545,,,,,,
5192e395c5,ollama_gpt-oss_120b,4,"Replaces strlcpy calls with strscpy in the misc subsystem where the return value was unused, using a coccinelle script to follow kernel coding guidance.",0,0,4,0,,,,,,,,,58.603,,,,,,
51cd31ae20,ollama_gpt-oss_120b,4,"Updates Qualcomm MSM8960 pin controller device tree bindings to the new DT schema format, standardising subnode naming with other Qualcomm schemas.",0,0,4,0,,,,,,,,,58.325,,,,,,
51e76a232f,ollama_gpt-oss_120b,4,"The patch adds code to free the mount options structure when ntfs_fill_super() fails, eliminating a memory leak reported by syzbot.",4,0,0,0,,,,,,,,,55.855,,,,,,
526e6ca5d1,ollama_gpt-oss_120b,3,"The patch removes a redundant call that sent the EnableGfxImu message twice in the AMDGPU power‑management code, ensuring the message is only issued once during set_gfx_power_up_by_imu.",4,0,0,0,,,,,,,,,60.044,,,,,,
528ef2d996,ollama_gpt-oss_120b,4,"Implements a macro in mm/damon/modules-common to generate identical module parameters for DAMON_RECLAIM and DAMON_LRU_SORT, reducing code duplication and enabling reuse.",0,0,4,0,,,,,,,,,64.777,,,,,,
534bd70374,ollama_gpt-oss_120b,4,"The patch modifies the CC_HAS_ASM_GOTO_TIED_OUTPUT test in init/Kconfig, removing a newline that caused spurious syntax errors when /bin/sh is dash, so the test correctly evaluates the compiler feature.",4,0,0,0,,,,,,,,,57.512,,,,,,
537f8ffbdf,ollama_gpt-oss_120b,3,"The patch deletes the mt8195-specific MOD0 and SOF0 definitions and makes the driver reuse the existing mt8183 definitions, simplifying the Mediatek mutex code.",0,0,3,0,,,,,,,,,63.006,,,,,,
546a5d6122,ollama_gpt-oss_120b,3,"Adds a hard limit of 256 retries for Ceph MDS requests to avoid overflow of the 8‑bit retry counter, preventing incorrect retry sequences.",4,0,0,0,,,,,,,,,60.768,,,,,,
54739cc6b4,ollama_gpt-oss_120b,4,"Renames io_uring request handler functions so preparation handlers end with _prep and issue handlers use the base name, making naming consistent across the subsystem.",0,0,4,0,,,,,,,,,60.237,,,,,,
550842cc60,ollama_gpt-oss_120b,4,"The patch adds a guard in ocfs2_dlm_shutdown() to skip freeing a DLM resource when it was never initialized, preventing a kernel crash that occurs after a mount failure in local mode.",4,0,0,0,,,,,,,,,56.614,,,,,,
552b7cb0ee,ollama_gpt-oss_120b,4,"Moves the calcs directory containing FPU code into the DML directory to follow project layout guidelines and fixes compile issues when DCN is disabled, without changing functionality.",0,0,4,0,,,,,,,,,60.105,,,,,,
560f7736b9,ollama_gpt-oss_120b,3,"Adjusts NTFS3's attr_punch_hole handling to correctly process very fragmented attributes, fixing a failure that occurred in such cases.",4,0,0,0,,,,,,,,,57.025,,,,,,
5614dc3a47,ollama_gpt-oss_120b,4,"The patch modifies Btrfs's resolve_indirect_refs() to call free_leaf_list() instead of ulist_free() on error paths, ensuring inode lists attached via the ulist node's aux field are freed and eliminating a memory leak.",4,0,0,0,,,,,,,,,61.446,,,,,,
562f5bc48a,ollama_gpt-oss_120b,4,"The patch edits spte.h in the KVM x86 MMU code to delete a duplicated phrase ""be split"" in a comment or string, correcting it to a single occurrence.",0,0,4,0,,,,,,,,,58.98,,,,,,
569c746b8a,ollama_gpt-oss_120b,3,"The patch introduces a new helper function create_pidcomm in the perf timechart subsystem, extracting duplicated code that allocates and initializes per-pid communication structures.",0,0,4,0,,,,,,,,,64.936,,,,,,
570a4bf744,ollama_gpt-oss_120b,3,"The patch fixes a rare bug in the rxe RDMA driver where the memory region (mr) value was not correctly computed in read_reply(), causing the rping benchmark to fail on long runs.",4,0,0,0,,,,,,,,,56.745,,,,,,
571650b3a3,ollama_gpt-oss_120b,4,"The commit adjusts the bq25890 power driver to use regulator_init_data only for the VBUS regulator, removing it from the VSYS regulator configuration. This prevents duplicate consumer supply registration that caused probe failures, fixing the driver initialization.",4,0,0,0,,,,,,,,,56.378,,,,,,
577be05c89,ollama_gpt-oss_120b,4,Fixes migrate_pages() handling of THP/hugetlbfs migration failures returning -ENOSYS by moving failed THP pages to the correct list and aligning error handling between THP and hugetlbfs.,4,0,0,0,,,,,,,,,60.864,,,,,,
57ded5fc98,ollama_gpt-oss_120b,4,"Adds acquisition of RPM runtime‑pm wakelock around the PXP unbind path in the i915 driver to stop warnings about hardware access without the wakelock, similar to a prior suspend fix.",4,0,0,0,,,,,,,,,61.905,,,,,,
5877b7ddbc,ollama_gpt-oss_120b,3,"The patch updates the PSP_BL_CMD enumeration in the amdgpu driver to match the definitions used by the trusted OS, fixing a mismatch between driver and firmware interfaces.",4,0,0,0,,,,,,,,,60.612,,,,,,
58e0be1ef6,ollama_gpt-oss_120b,4,"The patch changes the bonding driver to use __struct_group() when copying IP/IPv6 addresses into flow_key, eliminating compiler warnings about possible over‑read and correcting the copy to only reference the source address fields.",0,0,4,0,,,,,,,,,58.413,,,,,,
590a8e564c,ollama_gpt-oss_120b,4,"Adds a transmit_in_progress_aborted flag and abort logic to the CEC driver so that when a pending transmit is canceled, the driver marks it aborted and avoids retry, preventing hardware buffer overwrite and garbled bus data.",4,0,0,0,,,,,,,,,64.418,,,,,,
593c5ba288,ollama_gpt-oss_120b,4,The commit updates the MAINTAINERS file to replace Al Cooper with the author as the internal and upstream maintainer for the Broadcom USB driver.,0,0,4,0,,,,,,,,,60.714,,,,,,
59915143e8,ollama_gpt-oss_120b,4,"The commit extracts timeout opcode definitions and their handling code from the main io_uring implementation into a dedicated source file, improving modularity and readability.",0,0,4,0,,,,,,,,,62.157,,,,,,
59a811faa7,ollama_gpt-oss_120b,4,"The patch renames struct udl_drm_connector to udl_connector in the UDL DRM driver and adds a macro for upcasting from drm_connector, with no functional changes.",0,0,4,0,,,,,,,,,63.452,,,,,,
5a0893088a,ollama_gpt-oss_120b,4,"Removes the unused __arch_set_user_pkey_access() declaration from the x86/pkeys code, cleaning up dead code that is neither used nor defined.",0,0,4,0,,,,,,,,,64.551,,,,,,
5a420ed964,ollama_gpt-oss_120b,4,"Removes the reg_from_user() and reg_to_user() helper functions in KVM arm64 and replaces their usage with standard get_user()/put_user(), simplifying the code.",0,0,4,0,,,,,,,,,64.223,,,,,,
5a48b7433a,ollama_gpt-oss_120b,4,"Updates the net DSA documentation by correcting typographical, grammar, and punctuation errors.",0,0,4,0,,,,,,,,,58.345,,,,,,
5a5866c28b,ollama_gpt-oss_120b,4,"The commit updates Documentation/process/changes.rst, replacing a hard‑coded kernel version (e.g., 4.x) with the placeholder 'latest' to keep the document current for future releases.",0,0,0,0,,,,,,,,,65.67,,,,,,
5a709a46e4,ollama_gpt-oss_120b,4,"The patch modifies the rockchip-inno-usb2 PHY driver IRQ handler to stop acquiring a mutex when clearing the bvalid interrupt, because the clear operation is atomic and the lock is unnecessary.",4,0,0,0,,,,,,,,,59.791,,,,,,
5b2c5540b8,ollama_gpt-oss_120b,4,"Aligns tcp_bpf_recvmsg_parser error handling with TCP stack, ensuring correct error codes are returned to applications using sockmap.",4,0,0,0,,,,,,,,,47.084,,,,,,
5b3dc949f5,ollama_gpt-oss_120b,4,Adds missing ida_simple_remove() in the probe error path and replaces deprecated ida_simple_get()/remove() with ida_alloc()/ida_free() to correctly balance IDA allocation.,4,0,0,0,,,,,,,,,58.382,,,,,,
5b45b1c8b8,ollama_gpt-oss_120b,4,"The commit reverts a previous modification that filled the DCN315 clock table using dcfclk values. The revert is needed because when dcfclk states are disabled, the table leads to a no‑read/underflow condition, so the change restores the prior behavior until a proper fix is implemented.",4,0,0,0,,,,,,,,,64.331,,,,,,
5bd8d53f6f,ollama_gpt-oss_120b,4,"Adds a debugfs file amdgpu_reset_level in the amdgpu driver, allowing developers to test, debug, and optionally block specific GPU reset types, with mode2 reset disabled by default.",0,0,0,4,,,,,,,,,61.301,,,,,,
5bfa685e62,ollama_gpt-oss_120b,4,"The commit corrects KVM's vgic handling on arm64 so that when an interrupt is mapped to a hardware interrupt, the pending state is read from the physical distributor (or the timer) instead of the virtual distributor, fixing inaccurate pending reports observed after acknowledging the timer interrupt.",4,0,0,0,,,,,,,,,62.839,,,,,,
5c190e5394,ollama_gpt-oss_120b,3,"The patch updates the i915 driver’s watermark code to use REG_FIELD_PREP and REG_FIELD_GET macros for PLANE_WM_BLOCKS_MASK and related registers, replacing manual bitwise operations to improve consistency and avoid size mismatches.",0,0,4,0,,,,,,,,,69.218,,,,,,
5c8dca9740,ollama_gpt-oss_120b,4,"Removes an unused forward declaration from pwm.h that was only needed before a prior commit dropped the per‑chip dbg_show callback, cleaning up the header.",0,0,4,0,,,,,,,,,62.372,,,,,,
5cb76899fb,ollama_gpt-oss_120b,4,"The patch changes ipa_table_init_add() to accept only two flag arguments (filter and ipv6) instead of an opcode and separate hashed/non‑hashed region IDs, using ipa_table_mem() to resolve the correct memory region and dropping the assumption that a hashed entry always exists.",0,0,4,0,,,,,,,,,57.278,,,,,,
5cf2c75b5b,ollama_gpt-oss_120b,4,"Extracts all devlink‑related code from dsa.c and dsa2.c into a new devlink.c and creates a dedicated devlink.h, reducing reliance on the generic dsa_priv.h and cleaning up driver source files.",0,0,4,0,,,,,,,,,58.5,,,,,,
5d543f13e2,ollama_gpt-oss_120b,4,"The commit corrects a race in page_remove_file_rmap() that could miss updating NR_FILE_MAPPED counters for huge pages, moving the __mod_lruvec_page_state() call to ensure accurate accounting.",4,0,0,0,,,,,,,,,53.434,,,,,,
5d7943d99d,ollama_gpt-oss_120b,3,"Adds code to io_uring poll cancellation to forward the uring locking state (issue_flags) to the cancellation callbacks, preparing them to acquire the uring lock.",0,4,0,0,,,,,,,,,67.679,,,,,,
5dc6ce767d,ollama_gpt-oss_120b,4,The commit updates the device‑tree bindings documentation for the Mali‑Bifrost GPU on the Renesas RZ/V2L (R9A07G054) SoC by adding the appropriate compatible string entry.,0,0,4,0,,,,,,,,,59.678,,,,,,
5f24d5a579,ollama_gpt-oss_120b,4,"Adds support for high userspace addresses in hugetlbfs by adjusting hugetlb_get_unmapped_area() to use arch_get_mmap_base/end, moving those macros to include/linux/sched/mm.h. Fixes regression where previous high‑address support for normal mmap omitted hugetlb, potentially breaking programs on ARM64 with 52‑bit VA.",4,0,0,0,,,,,,,,,59.307,,,,,,
5f334d88c2,ollama_gpt-oss_120b,3,"Updates perf stat printing functions to accept and propagate a pointer to struct outstate, allowing shared output state across nested print calls.",0,0,4,0,,,,,,,,,56.63,,,,,,
5f8981d699,ollama_gpt-oss_120b,4,"The patch corrects logging in the habanalabs driver by adding required le32_to_cpu() conversions and changing the printf format to %d for values obtained via atomic_read(), ensuring correct representation of out-of-sync and packet-failure events.",4,0,0,0,,,,,,,,,60.575,,,,,,
5fd6c4f0a6,ollama_gpt-oss_120b,3,"Adds ACPI ID support so the Cypress CCGX Power Delivery controller on AMD ASICs can be discovered via the system I2C controller, enabling enumeration of the client.",0,0,0,4,,,,,,,,,56.22,,,,,,
602a4eda68,ollama_gpt-oss_120b,4,The commit changes the aer-inject reference URL in the PCI/AER documentation to a valid repository as indicated in the how-to guide.,0,0,4,0,,,,,,,,,59.393,,,,,,
6076dc349b,ollama_gpt-oss_120b,4,"Extracts duplicated instruction‑patching loops in powerpc feature‑fixups into a new helper function do_patch_entry_fixups(), reducing code duplication.",0,0,4,0,,,,,,,,,55.916,,,,,,
607c04a044,ollama_gpt-oss_120b,4,"The commit updates the MMP DMA engine driver to deprecate the old DT property '#dma-channels', introduces the new generic property, and retains backward compatibility for existing devices.",0,0,4,0,,,,,,,,,66.194,,,,,,
609cc5e1a8,ollama_gpt-oss_120b,4,"Migrates MediaTek clock driver code from the legacy struct clk API to the newer struct clk_hw API, updating data structures, provider calls, and helper functions using a coccinelle script and manual edits.",0,0,4,0,,,,,,,,,59.551,,,,,,
60b3c27fb9,ollama_gpt-oss_120b,4,"The patch renames the struct pcie_port to dw_pcie_rp to align with the driver’s naming convention, updating all references accordingly.",0,0,4,0,,,,,,,,,60.105,,,,,,
60f6fe665e,ollama_gpt-oss_120b,4,"Updates the DCN315 display engine to read its clock table from DCFCLK instead of FCLK and adds validation that rejects empty PMFW tables, preventing generation of invalid DAL clock values.",4,0,0,0,,,,,,,,,61.484,,,,,,
610b17b05c,ollama_gpt-oss_120b,4,"The patch updates kernel-doc comments in security/lsm_audit.c to describe the missing 'ab' parameter in dump_common_audit_data, eliminating documentation warnings.",0,0,4,0,,,,,,,,,58.332,,,,,,
6124cec530,ollama_gpt-oss_120b,4,"Corrects a typo in the SC8180x pinctrl wakeirq map where gpio36 and gpio37 shared the same wake IRQ number, enabling gpio37 to trigger interrupts.",4,0,0,0,,,,,,,,,66.771,,,,,,
616c4a83b6,ollama_gpt-oss_120b,4,"Updates an outdated comment in the IPA network driver to reflect that command info entries are no longer allocated after a prior change, aligning documentation with current code behavior.",0,0,4,0,,,,,,,,,63.548,,,,,,
617a0d9fe6,ollama_gpt-oss_120b,3,"The commit updates the device tree for the sama5d27_wlsom1 board to stop enabling the unused LDO2 regulator by default, removing an always‑on setting.",0,0,4,0,,,,,,,,,66.578,,,,,,
618f5df1f6,ollama_gpt-oss_120b,4,"The patch lowers the severity of the warning emitted for unclaimed register accesses in the i915 uncore driver from a warning to a debug message, eliminating noisy but harmless warnings introduced by a previous commit.",4,0,0,0,,,,,,,,,68.84,,,,,,
619064afa9,ollama_gpt-oss_120b,4,"Reorganizes vgic attribute handling in KVM arm64 by moving early calls to vgic_{get,set}_common_attr() into the default case of a switch, consolidates pending table handling, and deduplicates vgic_v3_attr_regs_access() calls, improving code readability.",0,0,4,0,,,,,,,,,64.474,,,,,,
61a9fa154d,ollama_gpt-oss_120b,4,"The patch changes the return handling in tve200_modeset_init() to assign a definite error code instead of an ambiguous value, eliminating a smatch static‑analysis warning.",0,0,4,0,,,,,,,,,56.883,,,,,,
6215a7c8f5,ollama_gpt-oss_120b,4,"The patch adds the PCI device identifier for Intel ADL‑S (Alder Lake‑S) to the i915 DRM driver, enabling the kernel to recognize and bind the driver to that hardware.",0,0,0,4,,,,,,,,,61.23,,,,,,
63198aaa91,ollama_gpt-oss_120b,4,"The patch removes the __func__ macro from dev_dbg calls in the Intel SoundWire driver, relying on dynamic debug (dyndbg) to provide module and function context when needed.",0,0,4,0,,,,,,,,,54.842,,,,,,
632d069852,ollama_gpt-oss_120b,3,"Updates the AMD GPU display driver SR watermarks for DCN3.14 using hardware‑requested tuned values, applying the new thresholds to all memory types.",0,0,4,0,,,,,,,,,62.267,,,,,,
6344e66970,ollama_gpt-oss_120b,4,"Changes vfs_setxattr to take a const value pointer and removes a const‑cast hack in ovl_do_setxattr, improving const‑correctness.",0,0,4,0,,,,,,,,,61.945,,,,,,
635dcd1684,ollama_gpt-oss_120b,4,"The commit switches the thunderbolt driver’s KUnit test to use the new kunit_test_suite() macro, which no longer clashes with module_init, and updates Kconfig so the test is built when KUNIT_ALL_TESTS is enabled.",0,0,4,0,,,,,,,,,68.414,,,,,,
63c34cb4c6,ollama_gpt-oss_120b,4,"Introduces a helper function that asserts a file range has no ordered extents and integrates it into four existing code paths (fallocate, hole punching, zero range, reflinks) to reduce duplication and add runtime checks.",0,0,4,0,,,,,,,,,65.979,,,,,,
6407cf5332,ollama_gpt-oss_120b,4,"Updates i915 selftests to replace kthread_stop() with kthread_work API and explicit signaling, because kthread_stop now asserts pending signals and breaks test execution.",4,0,0,0,,,,,,,,,68.616,,,,,,
6440a6c23f,ollama_gpt-oss_120b,4,"Adds command‑line options to the xdpsock BPF sample allowing users to set destination and source MAC addresses for transmit‑only operation, while keeping defaults unchanged.",0,0,0,4,,,,,,,,,59.68,,,,,,
647df0d41b,ollama_gpt-oss_120b,4,"The commit corrects a printf‑style format string in the AMD XGBE driver: it changes the %hx specifier to %x (or equivalent) so that the promoted int argument from ntohs() matches the format, eliminating a clang -Wformat warning.",0,0,4,0,,,,,,,,,65.14,,,,,,
64ac0befe7,ollama_gpt-oss_120b,4,"The patch modifies the MIPS jump_label compatibility code to cast the upper bound of a branch range to a signed long before comparison, ensuring a correct signed check and preventing warnings from negative offsets.",4,0,0,0,,,,,,,,,60.011,,,,,,
6598b91b5a,ollama_gpt-oss_120b,4,"The patch changes the SPI driver to use per‑CPU u64_stats_t for statistics, removing spin_lock_irqsave around updates. This reduces lock overhead and improves interrupt handling latency from 136 µs to 98 µs on i.MX8MM with MCP2518FD.",0,0,4,0,,,,,,,,,62.467,,,,,,
65b462fc7e,ollama_gpt-oss_120b,3,Enables the GENERIC0_INT interrupt for graphics/compute pipelines in the amdgpu driver so the RLC can be signaled to access indirect registers that the CP cannot reach directly.,0,0,0,4,,,,,,,,,58.196,,,,,,
65d012e415,ollama_gpt-oss_120b,4,"The commit removes the reg field from the r8a73a4_cpg structure because it is only needed during initialization, replaces it with a local variable, and passes that variable to r8a73a4_cpg_register_clock(). This simplifies the data structure and initialization flow.",0,0,4,0,,,,,,,,,55.91,,,,,,
65ea840afd,ollama_gpt-oss_120b,4,"The patch corrects error handling in the Stratix10 FPGA driver: s10_ops_write_init() previously tested the return of stratix10_svc_allocate_memory() for NULL, but that function returns ERR_PTR on failure. The check is changed to IS_ERR() to properly detect errors.",4,0,0,0,,,,,,,,,59.921,,,,,,
672d6ca758,ollama_gpt-oss_120b,4,"Adds a workaround for Parade PS8461E eDP MUX: on each link training it re‑reads SUPPORTED_LINK_RATES to restore the MUX's link‑rate state lost during power‑down, preventing fallback to low‑quality mode.",4,0,0,0,,,,,,,,,66.833,,,,,,
67ec2c75f3,ollama_gpt-oss_120b,4,"The patch replaces manual swapping of two variables in net2280.c with the standard swap() helper, removing the temporary variables `tmp` and `end`, to silence Coccinelle warnings.",0,0,4,0,,,,,,,,,65.914,,,,,,
67fda6c2df,ollama_gpt-oss_120b,4,"The commit removes the HW_VAR_H2C_FW_P2P_PS_OFFLOAD case from SetHwReg8188EU() and calls the underlying function directly, simplifying the driver and eliminating an unnecessary HAL abstraction.",0,0,4,0,,,,,,,,,65.28,,,,,,
690b2549b1,ollama_gpt-oss_120b,4,"Adds a bounds check on user‑supplied data->block[0] in ismt_access() to ensure it does not exceed the size of dma_buffer, preventing out‑of‑bounds writes.",4,0,0,0,,,,,,,,,61.128,,,,,,
6961b5e028,ollama_gpt-oss_120b,4,"The patch initializes the shared flag (head->shared) before nvme_mpath_alloc_disk() so that nvme_is_unique_nsid() correctly reports uniqueness, eliminating block device naming collisions in multipath shared namespaces.",4,0,0,0,,,,,,,,,60.54,,,,,,
696c390115,ollama_gpt-oss_120b,4,"Adds a BPF selftest exercising __user pointer tags, expecting verifier failures, thereby extending the test suite to cover this verification scenario.",0,0,4,0,,,,,,,,,68.486,,,,,,
6a0abf8ff9,ollama_gpt-oss_120b,4,The commit updates kernel documentation to state that SAVEKMSG_MAGIC[0‑2] are not magic numbers but delimiters used when dumping dmesg to Chip RAM on Amiga with debug=ram.,0,0,4,0,,,,,,,,,54.764,,,,,,
6a47a16dce,ollama_gpt-oss_120b,4,Changes tfp410_fini() to return void instead of int (it always returned zero) and updates callers; notes preparation for i2c/platform remove callbacks to become void as well.,0,0,4,0,,,,,,,,,60.421,,,,,,
6a6f457ed5,ollama_gpt-oss_120b,4,Adds a null‑pointer check for the sta_rates structure in mt7615_sta_rate_tbl_update to avoid dereferencing it when minstrel_ht_update_rates fails to allocate the rates array.,4,0,0,0,,,,,,,,,58.201,,,,,,
6b2748ada2,ollama_gpt-oss_120b,4,"Adds a new YAML device‑tree binding file describing the LoongArch CPU interrupt controller, documenting the 14 IRQ lines and their wiring to the platform's internal interrupt controller.",0,0,0,4,,,,,,,,,61.349,,,,,,
6c1f41afc1,ollama_gpt-oss_120b,4,"The patch modifies batman-adv's interface traversal to stop assuming iflink indices are globally unique across network namespaces, adding checks for netns and handling special cases like vxcan returning 0.",4,0,0,0,,,,,,,,,58.011,,,,,,
6c98ac4212,ollama_gpt-oss_120b,4,"The patch corrects pinctrl handling for Nuvoton wpcm450 where the SCS3SEL and KBCCSEL MFSEL bits have inverted logic; it updates the driver to treat a 0 as selecting the special function and 1 as GPIO, fixing misconfiguration.",4,0,0,0,,,,,,,,,58.577,,,,,,
6cc2714e85,ollama_gpt-oss_120b,3,"The patch corrects a compile‑time check in the mlx5e kTLS TX path by replacing an incorrect constant with TLS_DRIVER_STATE_SIZE_TX, ensuring the private TX TLS driver context size is compared against the right value.",4,0,0,0,,,,,,,,,60.554,,,,,,
6ccaaf59c3,ollama_gpt-oss_120b,4,"Adds a const qualifier to the path argument of do_sys_name_to_handle(), making the pointer read‑only and preventing accidental modification.",0,0,4,0,,,,,,,,,66.264,,,,,,
6d9b32fb3e,ollama_gpt-oss_120b,4,"Replaces dev_err() calls in the Qualcomm QMP UFS PHY probe with dev_err_probe(), which automatically handles -EPROBE_DEFER, prints the error name, and records the defer reason for debugfs, simplifying the probe code.",0,0,4,0,,,,,,,,,54.867,,,,,,
6dd3be6923,ollama_gpt-oss_120b,4,"The commit removes a duplicated word 'we' from comments in the bcache driver, cleaning up redundant wording without altering code logic.",0,0,4,0,,,,,,,,,55.627,,,,,,
6ddf5f165f,ollama_gpt-oss_120b,4,"Adds a new GETVXATTR operation to CephFS, allowing clients to query specific directory and file virtual extended attributes directly from the MDS, with JSON layout handling and temporary legacy format support.",0,0,0,4,,,,,,,,,62.398,,,,,,
6e1e59c1ca,ollama_gpt-oss_120b,4,"Deletes the unused irq_prepare_beacon_tasklet field from the recv_priv struct in the r8188eu driver, cleaning dead code.",0,0,4,0,,,,,,,,,58.622,,,,,,
6e1ff1459e,ollama_gpt-oss_120b,3,Adds handling for an additional GPIO line to independently control the headphone in the Intel SOF ES8336 ASoC driver.,0,0,0,4,,,,,,,,,59.037,,,,,,
6e87c8f074,ollama_gpt-oss_120b,4,"Introduces a Qualcomm display clock controller driver for SM6125 platforms, enabling display subsystems to probe and manage their clocks.",0,0,0,4,,,,,,,,,58.453,,,,,,
6eaf08770e,ollama_gpt-oss_120b,4,"Adds a diagnostic warning in the ACPICA executor when a sleep longer than 10 ms occurs, to highlight potential boot‑time delays.",0,4,0,0,,,,,,,,,64.335,,,,,,
6ee3c393ee,ollama_gpt-oss_120b,4,"The patch changes the batman-adv driver’s log output for macvtap devices moved between network namespaces. It lowers the severity of the ""Cannot find parent device"" message from error to warning and rewrites the text to clarify that the sanity check was simply skipped.",0,0,4,0,,,,,,,,,57.775,,,,,,
6f3c9dbb65,ollama_gpt-oss_120b,4,"Adds a guard to amdgpu_smu_stb_debug_fs_init to avoid dereferencing a NULL pointer when the SMU block is not enabled, fixing a crash in the AMD GPU driver.",4,0,0,0,,,,,,,,,58.163,,,,,,
6fb271f1bc,ollama_gpt-oss_120b,4,"The patch updates the nvme-fc driver to restart the admin queue inside __nvme_fc_abort_outstanding_ios() when the caller indicates it is needed, preventing the controller from becoming unable to handle admin requests and causing I/O hangs.",4,0,0,0,,,,,,,,,61.182,,,,,,
6fd1d51cfa,ollama_gpt-oss_120b,4,"Introduces SO_RCVMARK socket option so recvmsg() can return the packet's SO_MARK value, and renames sock_recv_ts_and_drops() to sock_recv_cmsgs() for clarity.",0,0,0,4,,,,,,,,,59.936,,,,,,
700f7e2909,ollama_gpt-oss_120b,4,"Removes the duplicated word 'new' from comments in the rtl8192e staging driver, cleaning up the documentation.",0,0,4,0,,,,,,,,,58.952,,,,,,
7058e68c2f,ollama_gpt-oss_120b,4,"The commit removes the debug-leds driver from the OMAP ARM subsystem because it has been unselectable for years, eliminating dead code from the kernel source.",0,0,4,0,,,,,,,,,60.886,,,,,,
70868c6b8f,ollama_gpt-oss_120b,4,Corrects underline lengths in Documentation/security/SCTP.rst to remove make htmldocs warnings.,0,0,4,0,,,,,,,,,59.106,,,,,,
710c8d6c02,ollama_gpt-oss_120b,4,"The patch adds the `static` qualifier to symbols in arch/arm64/kernel/cpu_errata.c that are only used within the file, silencing Sparse warnings about undeclared symbols and preventing them from being exported globally.",0,0,4,0,,,,,,,,,70.442,,,,,,
71702c495b,ollama_gpt-oss_120b,4,"Stops the driver from disabling SCDC on Pi0‑3 models lacking SCDC by setting the scdc_enabled flag only when HDMI >1.4 is used, preventing invalid register accesses.",4,0,0,0,,,,,,,,,62.883,,,,,,
7198cf0f1c,ollama_gpt-oss_120b,4,"The commit updates the lis3lv02d I2C driver to use the newer .probe_new() callback instead of the older .probe(), because the driver’s probe does not need the i2c_device_id argument.",0,0,4,0,,,,,,,,,58.609,,,,,,
719ca37972,ollama_gpt-oss_120b,4,"Removes an incorrect interrupt‑flags cell from the MSM display MDSS device‑tree bindings because the provider supplies only a single interrupt cell, correcting the binding specification.",4,0,0,0,,,,,,,,,58.683,,,,,,
71feb6f901,ollama_gpt-oss_120b,4,"The patch restores correct initialization of the engine workaround list for Gen2‑3 i915 platforms, which was broken by a prior helper‑signature simplification, by always initializing the list (a no‑op when no workarounds exist).",4,0,0,0,,,,,,,,,51.907,,,,,,
727e60604f,ollama_gpt-oss_120b,4,"The patch deletes an obsolete comment in btrfs_search_slot() that described a former custom locking scheme, which is no longer used after the switch to rw semaphores.",0,0,4,0,,,,,,,,,63.979,,,,,,
72907bff3b,ollama_gpt-oss_120b,4,"The commit adds definitions for two new DPCD bit fields required for PSR2 support according to the eDP 1.5 specification, updating the DRM driver to expose these capabilities.",0,0,0,4,,,,,,,,,61.646,,,,,,
72b3588e27,ollama_gpt-oss_120b,4,"The patch deletes duplicate invocations of ras_late_init within the HDP RAS block of the amdgpu driver, simplifying the initialization flow.",0,0,4,0,,,,,,,,,59.981,,,,,,
72de208f2b,ollama_gpt-oss_120b,4,"The patch removes an unnecessary cast when assigning the void* result of of_device_get_match_data() to a typed pointer in the PCI j721e driver, as the cast is redundant.",0,0,4,0,,,,,,,,,57.404,,,,,,
72e560cb8c,ollama_gpt-oss_120b,4,"Makes tcp_cdg_release safe to be invoked repeatedly, fixing a double‑free crash that occurs when MPTCP calls tcp_disconnect on an already‑disconnected flow while using CDG congestion control.",4,0,0,0,,,,,,,,,62.431,,,,,,
7392d87a9f,ollama_gpt-oss_120b,3,"The patch modifies the v4l2 control reference code to allocate memory for array members inside struct ctrl_ref, preparing the kernel to let drivers resize those arrays later.",0,0,4,0,,,,,,,,,67.582,,,,,,
73ab99aad5,ollama_gpt-oss_120b,4,"The commit modifies the STM32 DHCOM device tree to use MCO2 as the RMII clock source for the DWMAC Ethernet MAC, replacing the ETHCK_K source. This frees PLL4_P from a 50 MHz limit, allowing higher PLL frequencies, which improves SD/MMC throughput and reduces EMI.",0,0,4,0,,,,,,,,,63.328,,,,,,
73ad6a9dd5,ollama_gpt-oss_120b,4,"Adds sanity checks in the Qualcomm QMP PCIe PHY driver probe to verify that required configuration masks (pwrdn_ctrl and phy_status) are provided, emitting WARN_ON_ONCE if missing, thus catching misconfigurations early.",0,4,0,0,,,,,,,,,56.124,,,,,,
73b4476562,ollama_gpt-oss_120b,4,"Adds a compatible string for the AST2600 EVB A1 board in the Aspeed device tree, allowing the kernel to recognize and support this hardware.",0,0,0,4,,,,,,,,,65.866,,,,,,
74333c7d87,ollama_gpt-oss_120b,4,"Adds a runtime assertion that clear_em_logging() must be called while holding a write lock on the extent map tree, ensuring proper locking before merging extent map entries during logging.",0,4,0,0,,,,,,,,,65.014,,,,,,
7460ade1fc,ollama_gpt-oss_120b,4,"The patch modifies rcu_tasks_trace_pregp_step() to IPI every CPU, placing the currently running task on the holdout list and recording its RCU Tasks Trace read-side state, ensuring running tasks are accounted for during grace‑period processing.",4,0,0,0,,,,,,,,,68.378,,,,,,
747c7cf159,ollama_gpt-oss_120b,4,Updates the BMA400 accelerometer driver macros for minimum and maximum scale values to match the sensor's true sensitivity per LSB for all supported ranges.,4,0,0,0,,,,,,,,,59.754,,,,,,
7498a457ec,ollama_gpt-oss_120b,4,"The patch corrects the packet extraction logic for the Sparx5 driver so that packets whose length is not a multiple of 4 are processed without erroneously including extra checksum bytes, and ensures the checksum is interpreted in little‑endian host order.",4,0,0,0,,,,,,,,,56.613,,,,,,
753df96be5,ollama_gpt-oss_120b,3,"The patch removes an unnecessary comparison in find_va_links() of the vmalloc subsystem, simplifying traversal logic by relying on the invariant that each vmap_area’s start is ≤ end.",0,0,4,0,,,,,,,,,58.399,,,,,,
75448ff73f,ollama_gpt-oss_120b,4,"Adds a central definition for the 'linux,input-type' property in the dt-bindings input.yaml file and updates all existing bindings to reference this definition, improving consistency of device tree documentation.",0,0,4,0,,,,,,,,,59.907,,,,,,
75554fe00f,ollama_gpt-oss_120b,4,"The patch changes the declared return type of a Sparx5 network driver function from bool to int, aligning the signature with the actual error‑integer values it returns.",4,0,0,0,,,,,,,,,59.234,,,,,,
75c96ccea2,ollama_gpt-oss_120b,4,Corrects a spelling mistake in a comment within the selftests/vm/pkeys test suite; no functional code changes.,0,0,4,0,,,,,,,,,61.141,,,,,,
7651d6b250,ollama_gpt-oss_120b,4,"Switches RCU synchronization code to use call_rcu_hurry() instead of call_rcu(), restoring previous behavior because power‑saving changes in call_rcu slowed down RCU sync.",4,0,0,0,,,,,,,,,62.617,,,,,,
76ee15ae1b,ollama_gpt-oss_120b,4,"The commit extends the Qualcomm socinfo driver by adding entries for additional SoCs (SM8350, SC8280XP, SA8540P, SM8450) and related PMICs, enabling the kernel to recognize these platforms.",0,0,0,4,,,,,,,,,59.5,,,,,,
77072b0f4b,ollama_gpt-oss_120b,4,"The patch replaces the multiline macro vt6655_mac_word_reg_bits_on in the vt6655 driver with an equivalent static inline function, because checkpatch.pl rejects multiline macros.",0,0,4,0,,,,,,,,,56.093,,,,,,
77b2d26805,ollama_gpt-oss_120b,4,"The commit updates the 8250_omap serial driver to use the generic uart_xmit_advance() helper for advancing the transmit queue, aiming for code unification and increased robustness.",0,0,4,0,,,,,,,,,54.823,,,,,,
77c11720a4,ollama_gpt-oss_120b,3,"The patch deletes calls to bio_advance() in __split_and_process_bio() and __send_duplicate_bios() because a previous change removed the loop that required them, making the code obsolete.",0,0,4,0,,,,,,,,,53.369,,,,,,
797efbc523,ollama_gpt-oss_120b,4,"Adds a guest_cpu attribute to perf's hypervisor thread handling, allowing perf to identify which guest CPU (VCPU) a host hypervisor thread is executing.",0,0,0,4,,,,,,,,,62.829,,,,,,
7984b43542,ollama_gpt-oss_120b,3,"The patch adds a driver quirk to enable the Synaptics InterTouch (rmi4) touchpad on ThinkPad P1 G3 (and possibly X1 Extreme G3), which was previously disabled by default.",0,0,0,4,,,,,,,,,66.135,,,,,,
79af2404e5,ollama_gpt-oss_120b,3,Implements hardware workaround Wa_16013835468 in the i915 DRM driver to handle PSR2 when a display mode has delayed vblank.,4,0,0,0,,,,,,,,,61.168,,,,,,
79cac25e51,ollama_gpt-oss_120b,4,"Adds the const qualifier to all initialization tables and rtl8xxxu_rfregs in the rtl8xxxu Wi‑Fi driver, making these arrays read‑only; many were already static.",0,0,4,0,,,,,,,,,57.384,,,,,,
79dcd4e840,ollama_gpt-oss_120b,4,"Adds support for multiple subnodes within pinctrl groups for MediaTek mt8195, updating the dt-bindings YAML and providing an example usage.",0,0,0,4,,,,,,,,,54.936,,,,,,
7a70d9a1cf,ollama_gpt-oss_120b,4,"Adds a runtime check for Xilinx SHA hardware via the firmware get_version API, preventing the driver from probing on unsupported platforms, switches to module_platform_driver macro, and adds a firmware dependency.",4,0,0,0,,,,,,,,,59.438,,,,,,
7a7b0b4865,ollama_gpt-oss_120b,3,"The patch refactors the QLA2xxx driver’s EDIF BSG interface: it adds a version field and a version check, and removes dead code and unused fields, preparing for future enhancements.",0,0,4,0,,,,,,,,,55.61,,,,,,
7ac7bfe746,ollama_gpt-oss_120b,4,Fixes a spelling typo in a comment within the RDMA opa_vnic driver.,0,0,4,0,,,,,,,,,65.003,,,,,,
7afc1f6977,ollama_gpt-oss_120b,4,"Adds device‑tree binding definitions for the Qualcomm SM6350 camera clock controller, introducing compatible strings, clock IDs and required properties so the kernel can describe and use this hardware.",0,0,0,4,,,,,,,,,52.15,,,,,,
7b0ac469e3,ollama_gpt-oss_120b,3,"The patch expands the rtl8xxxu Wi‑Fi driver’s chip‑cut handling to accept version letters A‑P, replacing the previous fallback that reported ""unknown"" for cuts beyond E.",4,0,0,0,,,,,,,,,59.178,,,,,,
7b45b51e77,ollama_gpt-oss_120b,3,"The patch separates the handling of HK_FLAG_WQ and HK_FLAG_DOMAIN in the workqueue housekeeping cpumask, giving each its own cpumask and forbidding mixed flag calls, to enable future runtime cpuset modifications.",0,0,4,0,,,,,,,,,56.172,,,,,,
7b7c22ccdf,ollama_gpt-oss_120b,4,"The commit updates the MAINTAINERS file to change John Garry's email address for arm64 perf tooling, with no code modifications.",0,0,0,0,,,,,,,,,59.931,,,,,,
7b8b82224c,ollama_gpt-oss_120b,4,"The patch deletes an explicit .owner assignment in the Sunplus Ethernet driver because the core network code already sets it, eliminating a warning from the platform_no_drv_owner.cocci check.",0,0,4,0,,,,,,,,,59.618,,,,,,
7ba63521a1,ollama_gpt-oss_120b,4,The patch adds power‑management support to the Microchip PCI1XXXX SPI driver by implementing suspend and resume callbacks that save the driver configuration on suspend and restore it on resume.,0,0,0,4,,,,,,,,,58.24,,,,,,
7bd7ad3c31,ollama_gpt-oss_120b,3,"The commit corrects the baud‑rate table for FTDI SIO USB‑serial devices, restoring the proper 300 bps entry that had been mistakenly mapped to 9600 bps for many years.",4,0,0,0,,,,,,,,,54.703,,,,,,
7c10dd0a88,ollama_gpt-oss_120b,4,"Adds support in the perf x86 AMD driver for the PERF_SAMPLE_DATA_SRC event by converting IBS raw data into the generic perf_mem_data_src structure, enabling tools like perf mem and c2c to use detailed memory access information.",0,0,0,4,,,,,,,,,60.231,,,,,,
7c8881b779,ollama_gpt-oss_120b,4,"The patch adds a cleanup path that frees the orom_data buffer allocated with vzmalloc() when ice_read_flash_module() fails, thereby correcting a memory‑leak in ice_get_orom_civd_data().",4,0,0,0,,,,,,,,,58.432,,,,,,
7cb29b1c99,ollama_gpt-oss_120b,3,"Adds two BPF selftests that verify passing a read‑only map value pointer or a PTR_TO_MEM with MEM_RDONLY flag to a global BPF function/kfunc is rejected, confirming kernel enforces read‑only checks.",0,4,0,0,,,,,,,,,65.406,,,,,,
7cbb6681d7,ollama_gpt-oss_120b,4,"Adds a standard sysfs ""label"" attribute for ChromeOS EC sensors when their physical location is known, removing the custom ""location"" attribute and the associated field in the driver state.",0,0,0,4,,,,,,,,,59.64,,,,,,
7cbeeb0553,ollama_gpt-oss_120b,3,"Updates the LX2160A ARM64 device‑tree CAN node, correcting the `fsl,clk-source` property to use the proper uint8 encoding (`/bits/ 8 <0>`), which removes a warning about an overly long value.",4,0,0,0,,,,,,,,,61.996,,,,,,
7d547dcf97,ollama_gpt-oss_120b,4,The commit updates the MAINTAINERS file to add Roman Gushchin as a co‑maintainer for the memory controller subsystem.,0,0,4,0,,,,,,,,,58.141,,,,,,
7dae459f5e,ollama_gpt-oss_120b,4,"The patch changes libiscsi so that the iscsi_cls_conn sysfs entry is created only after the iscsi_conn structure’s dd_data is initialized, preventing a NULL pointer dereference when userspace reads attributes. It also deletes the now‑unused iscsi_create_conn() helper.",4,0,0,0,,,,,,,,,53.676,,,,,,
7dc65e3c0e,ollama_gpt-oss_120b,4,"The patch changes a cast in drivers/mmc/host/mxcmmc.c to first cast the pointer to uintptr_t before converting to enum mxcmci_type, eliminating a clang -Wvoid-pointer-to-enum-cast warning.",0,0,4,0,,,,,,,,,55.556,,,,,,
7e193a42c3,ollama_gpt-oss_120b,4,"Extends can_changelink() check to recognize struct can_priv::bitrate_const, allowing netlink configuration of CAN devices with fixed bit rates without needing a no‑op do_set_bittiming callback.",4,0,0,0,,,,,,,,,62.076,,,,,,
7e271f42a5,ollama_gpt-oss_120b,4,"Adds cleanup on the error path of xhci_alloc_stream_info() by calling xhci_free_stream_ctx() to free the allocated stream_ctx_array, eliminating a memory leak.",4,0,0,0,,,,,,,,,54.741,,,,,,
7e47607133,ollama_gpt-oss_120b,4,"Adds a NULL‑pointer check after ioremap() in the ray_cs driver, handling cases where ioremap fails and preventing later dev_dbg from dereferencing a NULL pointer.",4,0,0,0,,,,,,,,,58.446,,,,,,
7e97cfed99,ollama_gpt-oss_120b,4,"Fixes a memory leak in vsock_connect() where multiple non‑blocking connects could schedule the same delayed work, causing an extra sock_hold without a matching sock_put. Replaces schedule_delayed_work() with mod_delayed_work() and balances the reference count.",4,0,0,0,,,,,,,,,60.542,,,,,,
7ea75dd386,ollama_gpt-oss_120b,4,"Converts the existing I2C binding for Atmel/Microchip SoCs from the legacy text format to the new Device Tree JSON‑schema format, updating the dt‑bindings repository accordingly.",0,0,4,0,,,,,,,,,59.203,,,,,,
7f8170686d,ollama_gpt-oss_120b,4,"Moves the LCOUNT constant definition for Intel SoundWire from the source file into a dedicated header, cleaning up hidden code and making the definition visible to other modules.",0,0,4,0,,,,,,,,,55.31,,,,,,
7fa6c0fe8b,ollama_gpt-oss_120b,4,"The patch modifies map_block() to set the block‑id handle only when get_hw_block_id() succeeds, avoiding returning handle 0 on failure.",4,0,0,0,,,,,,,,,59.051,,,,,,
7fe05e125d,ollama_gpt-oss_120b,4,"Adds a missing WARN_ON validation for the vsi->vf pointer in ice_vsi_rebuild, fixing a kernel warning that occurred during VF reset after a prior change stored the VF pointer.",4,0,0,0,,,,,,,,,57.291,,,,,,
8001fa240f,ollama_gpt-oss_120b,4,"Removes dead DMA‑32 fallback configuration in the hisi_sas SCSI driver, simplifying the code because a 64‑bit dma_set_mask never fails when the mask is present.",0,0,4,0,,,,,,,,,62.989,,,,,,
8007935305,ollama_gpt-oss_120b,4,"The commit updates the armada_37xx watchdog driver’s .set_timeout callback to also write the new timeout value to hardware counter 1, which was previously unchanged, ensuring that ioctl(WDIOC_SETTIMEOUT) correctly changes the watchdog timeout.",4,0,0,0,,,,,,,,,61.723,,,,,,
801179b670,ollama_gpt-oss_120b,3,"The patch removes the .is_enabled flag from PRCMU clock drivers because the generic clock core already tracks enable counts, eliminating redundant state.",0,0,4,0,,,,,,,,,64.675,,,,,,
805a3ebed5,ollama_gpt-oss_120b,3,"The patch reorganizes XIP‑related #ifdef blocks in the RISC‑V memory initialization code, moving the pt_ops macro next to its conditional and grouping similar XIP macros to reduce scattered CONFIG_XIP_KERNEL checks.",0,0,4,0,,,,,,,,,68.809,,,,,,
80890c5ea0,ollama_gpt-oss_120b,3,"The patch relaxes the restriction on changing the SCSI target driver’s database root directory, allowing the change only when no devices are registered, fixing the previous inability to reconfigure dbroot after module load.",4,0,0,0,,,,,,,,,58.668,,,,,,
8094029330,ollama_gpt-oss_120b,4,"Adds cleanup of a legacy kprobe_event when add_kprobe_event_legacy() or attach fails, preventing stale tracefs entries left after a failed kprobe attach, especially when livepatch and kprobe coexist.",4,0,0,0,,,,,,,,,62.535,,,,,,
80d691854f,ollama_gpt-oss_120b,3,"Adds remoteproc driver support for MediaTek mt8186's SCP, enabling the kernel to manage that remote processor.",0,0,0,4,,,,,,,,,58.623,,,,,,
81188dd195,ollama_gpt-oss_120b,3,"Adds module parameters to the speakup_dummy driver so default driver settings can be supplied at boot, allowing configuration via module options instead of changing sysfs variables after boot.",0,0,0,4,,,,,,,,,58.423,,,,,,
8262499426,ollama_gpt-oss_120b,4,"Adds the legacy compatible string 'riscv,clint0' to the SiFive CLINT timer dt-binding so that QEMU‑generated device trees pass dt‑validate.",4,0,0,0,,,,,,,,,60.989,,,,,,
82806744fd,ollama_gpt-oss_120b,4,"The patch adjusts swiotlb_max_mapping_size() to factor in the minimum alignment mask, correcting the calculation of the maximum DMA mapping size when the original buffer offset is non‑zero, which fixes boot failures on Hyper‑V Isolation VMs with forced swiotlb.",4,0,0,0,,,,,,,,,62.824,,,,,,
829ec038c9,ollama_gpt-oss_120b,3,"Updates the habanalabs driver to use the new unified memory manager for the command‑buffer flow, adding required code and deleting the previous memory‑management implementation.",0,0,4,0,,,,,,,,,60.008,,,,,,
82cd4bacff,ollama_gpt-oss_120b,4,"The patch changes vmbus_request_addr() to return VMBUS_RQST_ERROR when the transaction ID is zero, preventing a NULL dereference in netvsc_send_completion() and aligning zero‑ID handling with Hyper‑V semantics.",4,0,0,0,,,,,,,,,66.117,,,,,,
831f87424d,ollama_gpt-oss_120b,2,"The patch updates the i.MX JPEG driver to handle changes in the source resolution at runtime, refining the relevant function to support dynamic resolution adjustments.",2,0,1,2,,,,,,,,,65.855,,,,,,
836e49e103,ollama_gpt-oss_120b,4,"The patch changes bpf_selem_alloc to use copy_map_value instead of memcpy, preventing user‑supplied data from overwriting the zero‑initialized spin lock field in BPF storage maps.",4,0,0,0,,,,,,,,,57.319,,,,,,
837cf45df1,ollama_gpt-oss_120b,4,"Fixes a race in MPTCP ADD_ADDR handling by caching the remote address earlier and using the cached value after releasing the PM lock, preventing overwriting when multiple ADD_ADDR options arrive consecutively.",4,0,0,0,,,,,,,,,58.201,,,,,,
8450813136,ollama_gpt-oss_120b,3,"The commit separates the device‑tree binding schema for the Synopsys DW uMCTL2 DDR controller from the unrelated Zynq A05 DDRC controller, updating the synopsys,ddrc-ecc.yaml file and related device descriptions.",0,0,4,0,,,,,,,,,64.588,,,,,,
849c19d149,ollama_gpt-oss_120b,4,"The commit modifies the ARM64 Rockchip device tree for ROCK Pi 4 to set the I2S1 controller status to disabled, ensuring its pins remain usable as GPIO by default.",4,0,0,0,,,,,,,,,57.855,,,,,,
84c9829d16,ollama_gpt-oss_120b,4,"Adds definitions for the ADC block’s clock and reset lines in the Renesas r9a07g043 CPG driver, enabling the kernel to manage the ADC’s clock and reset.",0,0,0,4,,,,,,,,,59.449,,,,,,
84d46e1fc3,ollama_gpt-oss_120b,4,"The patch deletes the declaration and assignment of the variable 'mdss' in drivers/gpu/drm/msm/msm_drv.c because the code that used it was removed, eliminating a clang -Wunused-but-set-variable warning.",0,0,4,0,,,,,,,,,61.784,,,,,,
8512559741,ollama_gpt-oss_120b,4,"The patch changes tcp_v4_rcv() to call kfree_skb_reason() instead of kfree_skb(), adding specific drop‑reason codes (NO_SOCKET, PKT_TOO_SMALL, TCP_CSUM, TCP_FILTER) so that skb free events are logged with the reason.",0,0,4,0,,,,,,,,,44.526,,,,,,
854d8e3616,ollama_gpt-oss_120b,4,The patch removes an obsolete comment and an unnecessary overflow check in mm/writeback because a prior commit guarantees the variable cannot be negative or overflow.,0,0,4,0,,,,,,,,,56.07,,,,,,
8551ed70dd,ollama_gpt-oss_120b,4,"Updates the MAINTAINERS file to correct a broken reference caused by a prior conversion of Mediatek JPEG dt-binding to YAML and expands the entry to also cover the encoder YAML, ensuring maintainer lookup works.",4,3,0,0,,,,,,,,,66.079,,,,,,
85c73bf726,ollama_gpt-oss_120b,3,"The commit modifies the xfs_buf_incore() function to return an error code and place the buffer pointer in an output parameter, matching the style of other XFS buffer APIs.",0,0,4,0,,,,,,,,,58.125,,,,,,
862a876c3a,ollama_gpt-oss_120b,3,"Fixes the DSC slice reset logic in AMD DRM driver so that when neither min nor max slices can accommodate the pixel clock, DSC is correctly disabled.",4,0,0,0,,,,,,,,,58.242,,,,,,
868695e43b,ollama_gpt-oss_120b,4,Adds clock and reset definitions for PWM channels 8‑14 in the Renesas r9a09g011 CPG driver and marks the shared APB clock as critical to keep it always on.,0,0,0,4,,,,,,,,,51.856,,,,,,
872ad758f9,ollama_gpt-oss_120b,4,"The patch corrects FDMA handling for LAN966x when the MTU changes by reading the correct hardware MTU (including L2 header and FCS) and adjusting skb allocation to reserve space for skb_shared_info, preventing allocation failures.",4,0,0,0,,,,,,,,,61.816,,,,,,
879e5ac7b2,ollama_gpt-oss_120b,3,"The patch introduces bookkeeping data and code so the host can unwind the hypervisor stack in non‑protected nVHE mode, preparing for later stacktrace support.",0,0,0,4,,,,,,,,,64.356,,,,,,
886e09c77d,ollama_gpt-oss_120b,4,Corrects a misspelled word in the error log printed when devm_snd_dmaengine_pcm_register() fails in the Microchip SPDIF receiver driver.,0,0,4,0,,,,,,,,,63.759,,,,,,
89b3554782,ollama_gpt-oss_120b,4,"The patch sets the fb_modifiers_not_supported flag in the virtual KMS (vkms) driver so GDM3 does not attempt to use framebuffer modifiers, fixing the start‑up failure on virtual displays.",4,0,0,0,,,,,,,,,61.575,,,,,,
89c30dd221,ollama_gpt-oss_120b,4,Corrects the Chinese translation of the devicetree item 'machine_desc' by keeping the whole word untranslated in the docs.,0,0,4,0,,,,,,,,,65.441,,,,,,
8a85007c83,ollama_gpt-oss_120b,4,"Adds a helper function in the pmbus hwmon driver to test whether a block register exists, because existing byte‑register checks fail when PEC is enabled.",0,0,0,4,,,,,,,,,62.037,,,,,,
8af028c2b2,ollama_gpt-oss_120b,4,"The patch replaces the multiline macro vt6655_mac_word_reg_bits_off in the vt6655 driver with an equivalent static inline function, because the kernel checkpatch tool rejects multiline macros.",0,0,4,0,,,,,,,,,56.435,,,,,,
8b1ac84dcf,ollama_gpt-oss_120b,4,The commit corrects indentation and block‑quote formatting in the sysfs‑fs‑erofs ABI documentation to eliminate Sphinx warnings during HTML documentation generation.,0,0,4,0,,,,,,,,,58.421,,,,,,
8b1b4730b0,ollama_gpt-oss_120b,3,"The patch updates the Realtek rtw89 driver for the 8852c chipset, adding extra initialization for the BA CAM version 1 and fixing the host‑to‑controller (H2C) data layout to match the hardware expectations.",4,0,0,0,,,,,,,,,58.83,,,,,,
8b3120dfc1,ollama_gpt-oss_120b,4,"Adjusts whitespace/indentation in dcn32_hwseq.c to fix a smatch warning about inconsistent indenting, with no functional code changes.",0,0,4,0,,,,,,,,,60.277,,,,,,
8b3a9ad862,ollama_gpt-oss_120b,4,"Updates the ASoC jz4740-i2s driver to handle separate TX and RX FIFO flush bits on newer SoCs, flushing each FIFO independently before activation, correcting the previous behavior where only the TX flush bit was set, leaving the RX FIFO uncleared.",4,0,0,0,,,,,,,,,58.666,,,,,,
8bad51c689,ollama_gpt-oss_120b,4,"Enables QUP and GPI DMA nodes in the sm6350-lena device tree, preparing the board for future I2C functionality.",0,0,0,4,,,,,,,,,48.714,,,,,,
8c70bd5802,ollama_gpt-oss_120b,4,"The commit adds PCI device IDs for Intel Raptor Lake PCH‑S LPSS to the mfd driver, enabling the kernel to recognize this new hardware.",0,0,0,4,,,,,,,,,59.412,,,,,,
8c8e5b6ae4,ollama_gpt-oss_120b,4,"The commit edits a comment in the crypto n2 code, deleting a duplicated word ""to"" to clean up the documentation.",0,0,4,0,,,,,,,,,59.409,,,,,,
8cbd4725ff,ollama_gpt-oss_120b,4,"The patch adds a USB audio quirk for the Accuphase DAC-60 to enable native DSD playback up to DSD256 by selecting the appropriate alternate setting, which was previously unsupported.",0,0,0,4,,,,,,,,,62.117,,,,,,
8da1170a16,ollama_gpt-oss_120b,3,"Adds support for the VCN 4.0 IP block in the amdgpu driver, providing its initialization and decoder/encoder ring functions.",0,0,0,4,,,,,,,,,58.053,,,,,,
8db41f733d,ollama_gpt-oss_120b,3,Adds EXPORT_SYMBOL statements for MediaTek VCodec decoder power‑management functions so they are visible to other modules when the decoder is built as a loadable module.,0,0,0,4,,,,,,,,,63.42,,,,,,
8ebcc62c73,ollama_gpt-oss_120b,4,Adds READ_ONCE to reads of net->ipv4.sysctl_igmp_qrv in IGMP code to prevent concurrent modification races.,4,0,0,0,,,,,,,,,60.436,,,,,,
8ef6e1ba71,ollama_gpt-oss_120b,4,Adds a boolean rx_timeout flag in the 8250 DW UART IRQ handling code to make the timeout condition explicit; no functional behavior change.,0,0,4,0,,,,,,,,,66.047,,,,,,
8f0588e80e,ollama_gpt-oss_120b,3,"The patch updates the PTP OCP driver to check the return value of nvmem_device_find, which can be a valid pointer or an IS_ERR() error pointer, and adds proper error handling to avoid dereferencing a bad pointer.",4,0,0,0,,,,,,,,,59.437,,,,,,
8f40baded4,ollama_gpt-oss_120b,4,"The patch renames the kernel macro for ID_AA64MMFR2_EL1.VARange from the historic LVA name to the official name defined in the ARM DDI0487H.a specification, aligning kernel code with the spec without altering behavior.",0,0,4,0,,,,,,,,,65.431,,,,,,
8f5a9371e6,ollama_gpt-oss_120b,4,"The commit updates comments in the rzg2l thermal driver: replaces an unclear label with a clearer one, corrects a spelling typo, and moves a block comment to its own line to follow coding style.",0,0,4,0,,,,,,,,,59.268,,,,,,
901a30cf5f,ollama_gpt-oss_120b,4,"The patch edits a source comment in powerpc/pseries/vas, removing a duplicated word ""the"" on line 807; no code logic is altered.",0,0,4,0,,,,,,,,,57.447,,,,,,
905eebcf28,ollama_gpt-oss_120b,4,"The patch deletes the unused variable `cnt` from recv_func in the r8188eu driver, cleaning up dead code.",0,0,4,0,,,,,,,,,58.539,,,,,,
907862e9ae,ollama_gpt-oss_120b,4,"The patch adds handling for failure to acquire a hardware semaphore in release_swfw_sync, logging an error and exiting to avoid an infinite loop when hardware is surprise‑removed.",4,0,0,0,,,,,,,,,61.969,,,,,,
9087c6ff8d,ollama_gpt-oss_120b,4,"The patch moves the call to maybe_wait_bpf_programs() out of the loop in generic_map_delete_batch, so the synchronize_rcu() barrier runs only once before returning to userspace, eliminating redundant synchronization per deletion.",0,0,4,0,,,,,,,,,58.302,,,,,,
90b13cdde1,ollama_gpt-oss_120b,4,"The commit rewrites the KVM self‑test state_test to create a single vCPU via vm_create_with_one_vcpu() / vm_recreate_with_one_vcpu(), passing a struct kvm_vcpu instead of a global VCPU_ID, and switches to vcpu_run(). It removes the arbitrary non‑zero ID and simplifies test setup.",0,0,4,0,,,,,,,,,64.23,,,,,,
90b8c2c8f9,ollama_gpt-oss_120b,4,"The patch replaces #ifdef CONFIG_PM_SLEEP guards in the vf610 IIO DAC driver with calls to pm_sleep_ptr(), allowing the compiler to omit the functions when CONFIG_PM_SLEEP is disabled, simplifying the code and avoiding propagation of this pattern to other drivers.",0,0,4,0,,,,,,,,,58.311,,,,,,
9102b78b6f,ollama_gpt-oss_120b,4,"The commit updates the copyright year range in the maple_tree test code, extending it to cover the current development year. It modifies only comment/license text, with no functional code changes.",0,0,4,0,,,,,,,,,56.233,,,,,,
913c4a3e19,ollama_gpt-oss_120b,4,"The commit updates the rc5t583 multi-function device driver to use the newer i2c .probe_new() callback instead of the older .probe, because the driver does not need the i2c_device_id argument.",0,0,4,0,,,,,,,,,55.784,,,,,,
914813cc52,ollama_gpt-oss_120b,3,"The patch modifies vchiq_get_state in the vchiq_arm driver to add a NULL check and return early, also tidying the code for clearer readability.",4,0,0,0,,,,,,,,,58.218,,,,,,
91592b5c0c,ollama_gpt-oss_120b,4,"Moves the efi32_pe_entry function from the assembly file head_64.S into the .text section, preparing it for extraction into a separate compilation unit.",0,0,4,0,,,,,,,,,53.722,,,,,,
91776af1d8,ollama_gpt-oss_120b,4,"The patch moves two CEC register definitions from the public header into adv7511_cec.c, eliminating unused‑variable warnings when the CEC driver option is disabled.",0,0,4,0,,,,,,,,,60.239,,,,,,
92039e8c08,ollama_gpt-oss_120b,3,"Adds CLK_OPS_PARENT_ENABLE flag to pixel and byte clock sources in the Qualcomm dispcc-sm6350 driver so that set_rate can succeed, fixing a failure in clock rate programming.",4,0,0,0,,,,,,,,,53.733,,,,,,
9231bb1b25,ollama_gpt-oss_120b,3,"The commit updates the pcm3168a ASoC driver to replace legacy bus‑clock defines with the newer ASoC DAI format terminology, aligning the code with current naming conventions.",0,0,4,0,,,,,,,,,65.384,,,,,,
92f78f81ac,ollama_gpt-oss_120b,4,Adds a runtime validation that the number of IPA commands in a transaction does not exceed the TLV FIFO size and checks channel direction by passing a new flag to gsi_channel_data_valid() and using a local variable.,0,4,0,0,,,,,,,,,62.585,,,,,,
932be3e95b,ollama_gpt-oss_120b,3,"The commit removes a non‑bit‑field that follows a bit‑field in a packed struct, eliminating unwanted padding that altered the struct size used for zero‑ing and configuration calculations.",4,0,0,0,,,,,,,,,68.157,,,,,,
93a8417088,ollama_gpt-oss_120b,4,"The patch fixes a bug in the Ocelot driver where moving a VCAP filter writes an outdated hit counter back to hardware, inflating statistics. It now reads the current counter into tmp->stats.pkts before migration, ensuring correct counters for self‑tests.",4,0,0,0,,,,,,,,,57.148,,,,,,
944d95f766,ollama_gpt-oss_120b,4,"The patch deletes a conditional block in the NFS code that checks IS_SWAPFILE, because the macro is always defined, making the code dead. The change simply removes this unnecessary hack.",0,0,4,0,,,,,,,,,59.96,,,,,,
947934e389,ollama_gpt-oss_120b,4,"Updates the tps65219 regulator driver to use .is_enabled() for state checking in tps65219_set_bypass, fixing an incorrect enable test, and removes an unused ret variable.",4,0,0,0,,,,,,,,,56.884,,,,,,
949cd0b5c2,ollama_gpt-oss_120b,3,"Adds a transaction ID field to the IPA driver to track the first completed but unpolled transaction, updates it during NAPI polling, and includes temporary sanity‑check warnings that are later removed.",0,0,4,0,,,,,,,,,58.356,,,,,,
9536923d3f,ollama_gpt-oss_120b,4,"Deletes the now‑unused tstamp pointer from the mlx5e_txqsq struct in the mlx5e driver, after timestamp handling was migrated to the core driver.",0,0,4,0,,,,,,,,,57.517,,,,,,
9577fc5fdc,ollama_gpt-oss_120b,3,"The patch modifies the nxp-nci NFC driver to stop printing a spurious ""header length mismatch"" message when an I2C operation fails, returning only the I2C error code.",4,0,0,0,,,,,,,,,60.4,,,,,,
957f60273a,ollama_gpt-oss_120b,4,"Adds device‑tree binding entries for the WCN6750 Wi‑Fi chip to expose Wake‑on‑Wireless (WoW) support via the ath11k driver, enabling the kernel to configure and use WoW on that hardware.",0,0,0,4,,,,,,,,,58.209,,,,,,
95b39792c6,ollama_gpt-oss_120b,4,"The patch removes the use of the global ARCH_NR_GPIOS macro in the GPIO aggregator driver, introducing a local constant set to 512 as the maximum number of GPIOs to aggregate.",0,0,4,0,,,,,,,,,64.922,,,,,,
95b8f316ae,ollama_gpt-oss_120b,4,"The patch re-formats comments in the r8188eu driver to follow the drivers/net coding style, ensuring they match kernel conventions before the driver is merged.",0,0,4,0,,,,,,,,,66.01,,,,,,
96fed779d3,ollama_gpt-oss_120b,4,"Adds device‑tree binding definitions for the Renesas RZ/G2L interrupt controller, introducing the compatible string and required property specifications for kernel support.",0,0,0,4,,,,,,,,,59.711,,,,,,
97115f5f0f,ollama_gpt-oss_120b,4,"The patch changes the return type of PS_RDY_CHECK in the r8188eu driver to the boolean type, reflecting that it only yields true or false.",0,0,4,0,,,,,,,,,58.69,,,,,,
97236ad5a6,ollama_gpt-oss_120b,4,"The patch adds a guard in gfs2_glock_dq() to detect if a GL_ASYNC glock holder has already been removed from the active/waiting list, preventing a race where the holder could be dequeued twice after a failed async lock request.",4,0,0,0,,,,,,,,,56.582,,,,,,
972aa1a161,ollama_gpt-oss_120b,4,"The patch removes the driver‑specific yesno() helper in drm/amd/display and replaces its usage with the generic str_yes_no() from linux/string_helpers.h, updating includes accordingly.",0,0,4,0,,,,,,,,,61.951,,,,,,
97558d170a,ollama_gpt-oss_120b,4,"The commit corrects an out-of-bounds array access in the imx-jpeg driver that occurs when JPEG parsing fails and an uninitialized slot index (MXC_MAX_SLOTS) is used, preventing kernel panic on module reload.",4,0,0,0,,,,,,,,,63.346,,,,,,
9794c30841,ollama_gpt-oss_120b,4,"Adds device‑tree compatible strings for DH electronics i.MX8M Plus DHCOM and PDK2 boards to the ARM DT bindings YAML file, documenting these SoM/evaluation boards.",0,0,4,0,,,,,,,,,62.348,,,,,,
98047313cd,ollama_gpt-oss_120b,4,"The patch corrects translate_desc() in vhost by preserving the original 'last' address when looping over IOTLB lookups, fixing a range mis‑calculation that could cause incorrect descriptor translation.",4,0,0,0,,,,,,,,,55.389,,,,,,
9847f21225,ollama_gpt-oss_120b,4,"The patch adds a check in lib/cmdline's next_arg function to only read args[i-1] when i > 0, preventing an out‑of‑bounds memory access that caused a kernel page fault when parsing a quoted argument.",4,0,0,0,,,,,,,,,66.673,,,,,,
984fed5686,ollama_gpt-oss_120b,4,"The patch reorders static functions and variables in the via686a hwmon driver to eliminate four unnecessary forward declarations, improving source layout and removing redundant code.",0,0,4,0,,,,,,,,,56.923,,,,,,
99387b0160,ollama_gpt-oss_120b,4,The patch changes acpi_processor_get_platform_limit() to compare the new _PPC value with the previously stored one and only update the frequency QoS request when it differs. It also validates the _PPC value against the state count and sets a consistent default QoS value in acpi_processor_ppc_init().,0,0,4,0,,,,,,,,,60.733,,,,,,
994b7ac169,ollama_gpt-oss_120b,4,"The patch deletes the build‑system logic that forced a special link order for arm64/head.o, relying on the linker script to place the required .head.text header correctly.",0,0,4,0,,,,,,,,,63.033,,,,,,
997b99e3b3,ollama_gpt-oss_120b,3,The patch modifies the Tegra194 PCI driver to compute the RAS DES PCIe capability offset at runtime instead of using a fixed hard‑coded value for each controller.,0,0,4,0,,,,,,,,,55.493,,,,,,
9995c1d096,ollama_gpt-oss_120b,3,"The patch modifies ASoC soc-pcm backend state handling for PAUSE_RELEASE, adding a per‑FE boolean to track pause state and changing the transition from STOP to PAUSE when all streams are paused, improving resource management.",4,0,0,0,,,,,,,,,58.56,,,,,,
99bd995655,ollama_gpt-oss_120b,4,"Adds kernel support to record each unloaded module that introduced a taint, maintaining a list and count; feature is optional and disabled by default.",0,0,0,4,,,,,,,,,58.625,,,,,,
99df7a2810,ollama_gpt-oss_120b,4,"Blocks the /proc/powerpc/ofdt interface from altering the in‑kernel device tree when kernel lockdown is enabled, preventing untrusted changes that could bypass lockdown.",0,4,0,0,,,,,,,,,59.152,,,,,,
9a34161a0b,ollama_gpt-oss_120b,3,"The commit updates ADI ASoC drivers to use the new legacy_dai_naming flag instead of non_legacy_dai_naming, aligning the drivers with the new naming flag convention for CPU‑side DAIs.",0,0,4,0,,,,,,,,,62.593,,,,,,
9a7a1be6b6,ollama_gpt-oss_120b,4,"The patch changes a memory allocation in the ptp_ocp driver from kzalloc(x*y) to kcalloc(y, x) to use the overflow‑checking variant, which is more appropriate for allocating an array.",0,0,4,0,,,,,,,,,63.032,,,,,,
9a938eba8d,ollama_gpt-oss_120b,3,"The patch removes the redundant regs pointer from coredump_params and relies on task_pt_regs(current) directly, simplifying core dump code.",0,0,4,0,,,,,,,,,61.381,,,,,,
9a9acdccdf,ollama_gpt-oss_120b,4,"Adds a dma_release_channel() call in emac_probe() error path to correctly free a DMA channel obtained by emac_configure_dma(), fixing a resource‑leak bug.",4,0,0,0,,,,,,,,,60.583,,,,,,
9ad1230533,ollama_gpt-oss_120b,2,"The patch modifies btrfs_ioctl to obtain the inode directly from the file descriptor and reuse that inode for subsequent callbacks, avoiding creation of a new inode instance.",0,0,4,0,,,,,,,,,59.085,,,,,,
9ae551ded5,ollama_gpt-oss_120b,3,"Updates the i2c SCMI driver to replace a manual extraction of match data with the standard device_get_match_data() call in acpi_smbus_cmi_add(), improving code clarity and correctness.",0,0,3,0,,,,,,,,,60.572,,,,,,
9aeb7f99a1,ollama_gpt-oss_120b,4,"Adds a helper rdev_mdlock_deref() that wraps rcu_dereference_protected() for rdev/replacement pointers accessed while mddev_lock is held, annotating these accesses to silence sparse warnings.",0,0,4,0,,,,,,,,,64.731,,,,,,
9af41cc334,ollama_gpt-oss_120b,4,"Implements handling of GTP_ECHO_REQ packets by sending a GTP_ECHO_RSP with the required IE, making the kernel GTP device conform to the GTP specification.",4,0,0,0,,,,,,,,,51.546,,,,,,
9b392e0e0b,ollama_gpt-oss_120b,4,"Adds a null‑pointer check before accessing hdev->name in Bluetooth logging helpers (bt_dev_info, bt_dev_warn, bt_dev_err, bt_dev_dbg) to prevent dereferencing an invalid hdev and causing kernel faults.",4,0,0,0,,,,,,,,,58.6,,,,,,
9b51d9d866,ollama_gpt-oss_120b,4,"The patch replaces uses of cpumask_next_* with cpumask_first_* when the start index is -1 (i.e., beginning of mask) for efficiency, and introduces a missing cpumask_first_zero() helper.",0,0,4,0,,,,,,,,,68.233,,,,,,
9b60b67519,ollama_gpt-oss_120b,3,The commit disables the clevo-mail LED driver by marking it as broken until the hardware interface for setting blink rate via brightness is corrected.,0,4,0,0,,,,,,,,,60.509,,,,,,
9b6bf4d612,ollama_gpt-oss_120b,4,"Adjusts nl80211 BSS lookup handling: if the lookup returns an error pointer, the code sets the BSS pointer to NULL before freeing, preventing an invalid free.",4,0,0,0,,,,,,,,,63.5,,,,,,
9b7fd1670a,ollama_gpt-oss_120b,4,"The commit changes the Aquantia PHY driver to clear default advertisements of 2.5 Gbps and 5 Gbps when the Ethernet port is limited to 1 Gbps, ensuring the PHY only advertises up to 1000BASE‑T as requested via phylink.",4,0,0,0,,,,,,,,,59.851,,,,,,
9b80ccda23,ollama_gpt-oss_120b,4,"Adds missing rcu_read_lock and takes a reference to real_dev in bond_ethtool_get_ts_info() to protect against calls via setsockopt that lack RCU protection, fixing a crash reported by syzbot.",4,0,0,0,,,,,,,,,60.69,,,,,,
9c818d8491,ollama_gpt-oss_120b,4,"Adds logging for GPIO and DMIC quirks in the Intel SOF ES8336 ASoC driver, extending the previously logged SSP quirk to expose these quirks via kernel logs.",0,0,4,0,,,,,,,,,63.771,,,,,,
9d19d966b4,ollama_gpt-oss_120b,4,"Renames the variables maxpctksize and maxpcktsize in the USB gadget UAC2 driver to the correctly spelled wMaxPacketSize, fixing inconsistent naming.",0,0,4,0,,,,,,,,,58.981,,,,,,
9d895e4684,ollama_gpt-oss_120b,4,"The commit modifies perf's data conversion to JSON so that tracepoint (probe) variables are emitted as ""field name"": ""field value"" entries using tep_print_field, fixing the previous omission.",0,0,4,0,,,,,,,,,60.669,,,,,,
9db056e950,ollama_gpt-oss_120b,4,"The commit corrects typographical errors in warning and debug messages within the nvmet-auth subsystem, changing string literals to proper spelling without altering code logic.",0,0,4,0,,,,,,,,,58.007,,,,,,
9dd4545f65,ollama_gpt-oss_120b,4,"The commit corrects a duplicated word in a comment within the AMD DRM driver, changing 'the the' to 'the'. No functional code is altered.",0,0,4,0,,,,,,,,,60.112,,,,,,
9ec9b79a2b,ollama_gpt-oss_120b,4,"The patch refactors the conv_uni_to_pc() function in tty/vt consolemap by loading the vc_uni_pagedir_loc pointer into a local variable with a NULL check, splitting a large conditional into smaller ones, and removing an unnecessary newline, solely to improve code readability.",0,0,4,0,,,,,,,,,56.931,,,,,,
9ed11999f9,ollama_gpt-oss_120b,4,"Adds an entry to the MAINTAINERS file, listing the author as maintainer for the Allwinner A31 MIPI CSI-2 bridge media driver.",0,0,4,0,,,,,,,,,60.362,,,,,,
9f22f95951,ollama_gpt-oss_120b,3,"The commit adds a device‑specific quirk for Chicony Easycamera USB IDs in the uvcvideo driver, disabling or limiting the power line control because those cameras implement it incorrectly.",4,0,0,0,,,,,,,,,60.295,,,,,,
9f92c20279,ollama_gpt-oss_120b,4,"The commit corrects false detection of ODM combine mode changes for HDMI, removes unnecessary stream reprogramming, and enforces static ODM policy to stop intermittent black screens.",4,0,0,0,,,,,,,,,61.21,,,,,,
a014f0ecdd,ollama_gpt-oss_120b,4,"Removes the unit address from the panel endpoint node in the am335x device tree, because endpoint nodes must not have a unit address; this eliminates the need for a mandatory 'reg' property and fixes the DTS validation error.",4,0,0,0,,,,,,,,,63.2,,,,,,
a01befa0a2,ollama_gpt-oss_120b,3,"The patch changes the hisilicon DRM driver to initialize on‑stack mode structures with drm_mode_init() instead of manual setup, ensuring the list head is properly cleared and avoiding uninitialized stack data.",0,4,0,0,,,,,,,,,67.76,,,,,,
a0c5149088,ollama_gpt-oss_120b,3,"The patch replaces direct uncore register accesses in i915 display code with intel_de_* accessor functions, centralising register handling.",0,0,4,0,,,,,,,,,51.694,,,,,,
a0ccc717c4,ollama_gpt-oss_120b,4,"Adds runtime checks in the amdgpu driver discovery code to ensure the number of VCN and SDMA instances reported by firmware does not exceed the size of the driver‑defined structures, preventing out‑of‑bounds handling.",0,4,0,0,,,,,,,,,60.696,,,,,,
a156f09c90,ollama_gpt-oss_120b,4,"The patch changes the s390 exception table handling to sort the amode31 extable earlier, ensuring the early program check handler can locate entries that were previously unsorted.",4,0,0,0,,,,,,,,,53.508,,,,,,
a17b984115,ollama_gpt-oss_120b,4,"Removes the driver’s reset_resume callback for wireless Xbox 360 pads so that after suspend/resume the USB core rebinds the device, preventing a hung out‑URB that broke LED control and force feedback.",4,0,0,0,,,,,,,,,65.465,,,,,,
a189b2ee93,ollama_gpt-oss_120b,4,"The patch changes fb_modesetting_disabled() to be a static‑inline function in its header, so each compilation unit gets its own copy, eliminating the multiple‑definition linker error reported.",4,0,0,0,,,,,,,,,60.557,,,,,,
a2ab95a313,ollama_gpt-oss_120b,4,"The commit adds Clause‑45 MDIO PHY management support to the lan743x network driver, enabling communication with PHYs using the Clause‑45 MDIO protocol.",0,0,0,4,,,,,,,,,57.87,,,,,,
a2e3fe5f24,ollama_gpt-oss_120b,3,"The commit adds a new stub header file (pfn.h) in tools/include, providing definitions required by test code.",0,0,4,0,,,,,,,,,58.305,,,,,,
a2ed70d0ec,ollama_gpt-oss_120b,3,"The patch removes calls to acpi_video_set_dmi_backlight_type() in the toshiba_acpi driver to stop premature backlight unregistration that caused a race, and adds DMI quirks for two known transflective-display models.",4,0,0,0,,,,,,,,,56.94,,,,,,
a373f38cd1,ollama_gpt-oss_120b,4,"The patch removes the driver’s call to the unsupported ""dtim_assoc"" IOVAR in brcmfmac, stopping repeated error messages after a Wi‑Fi roam because the firmware no longer provides TIM information.",4,0,0,0,,,,,,,,,68.316,,,,,,
a382f8fee4,ollama_gpt-oss_120b,4,"Replace BUG_ON() with WARN_ON_ONCE() in signal handling so unexpected conditions are logged but execution continues, avoiding kernel panic and aiding debugging.",0,4,0,0,,,,,,,,,61.565,,,,,,
a39a6b330b,ollama_gpt-oss_120b,4,"The patch removes three redundant variable initializations (bPacketMatchBSSID, bPacketToSelf, bPacketBeacon) from update_recvframe_phyinfo_88e in the r8188eu driver, because the variables are overwritten before any use.",0,0,4,0,,,,,,,,,58.595,,,,,,
a3a9c39704,ollama_gpt-oss_120b,4,"The patch rewrites shmem_read_mapping_page_gfp() to call shmem_get_folio_gfp() directly, removing extra compound_head() calls and simplifying the internal shmem page‑retrieval path.",0,0,4,0,,,,,,,,,60.54,,,,,,
a3b774342f,ollama_gpt-oss_120b,4,"Adds validation for NTFS BOOT sectors_per_clusters shift value, ensuring it stays within allowed limits and returns -EINVAL otherwise, preventing invalid shift operations.",4,0,0,0,,,,,,,,,59.565,,,,,,
a3d3280378,ollama_gpt-oss_120b,4,"The patch fixes a null‑pointer dereference on RISC‑V when KASAN early init calls pfn_to_page before sparsemem structures are initialized, by removing that call.",4,0,0,0,,,,,,,,,57.92,,,,,,
a4218aef7c,ollama_gpt-oss_120b,4,"Commit modifies dpaa2-eth to reuse the scatter‑gather table cache for normal packet processing, enlarges cached buffers to hold the maximum number of entries, and replaces per‑packet allocate/free with dpaa2_eth_sgt_get/recycle calls, reducing allocation overhead.",0,0,4,0,,,,,,,,,68.264,,,,,,
a45194b9de,ollama_gpt-oss_120b,4,Updates the dt-bindings MAINTAINERS file to replace Krzysztof Kozlowski's email with his @kernel.org address.,0,0,4,0,,,,,,,,,59.029,,,,,,
a49c3ab7d7,ollama_gpt-oss_120b,4,"Adds a new enum value ""skip"" to the qcom,gsi-loader DT property, allowing the device tree to indicate that GSI firmware is already loaded and should not be loaded by AP or modem.",0,0,0,4,,,,,,,,,58.091,,,,,,
a4c82270f0,ollama_gpt-oss_120b,4,"Changes the Qualcomm SDM630 device‑tree to describe the TCSR mutex via MMIO instead of a syscon regmap, correcting the binding so the required ‘reg’ property is present and the syscon regex matches, thereby fixing DT schema validation errors.",4,0,0,0,,,,,,,,,65.489,,,,,,
a4cb3651a1,ollama_gpt-oss_120b,4,"Fixes a bug where returning from an interrupt to a soft‑masked (irqs‑disabled) context could lose a pending soft‑masked IRQ because the exit path for irqs‑enabled contexts was incorrectly used, clearing the wrong flag. The patch changes the exit handling to clear the proper flag and adds explanatory comments.",4,0,0,0,,,,,,,,,62.53,,,,,,
a522b7ad8e,ollama_gpt-oss_120b,4,"The patch sets the hotpluggable flag of all LoongArch I/O master CPUs to 0 and stops creating their /sys/.../online sysfs control files, because these CPUs cannot be hot‑plugged and the files mislead user‑space tools.",4,0,0,0,,,,,,,,,65.19,,,,,,
a570e68fab,ollama_gpt-oss_120b,4,"The patch cleans up the IA‑64 remove_siblinginfo() function by deleting the unused variable 'last' and the associated dead code, simplifying the implementation.",0,0,4,0,,,,,,,,,58.978,,,,,,
a59f7a7f76,ollama_gpt-oss_120b,3,"Updates the arm64 FP self‑test Makefile to build programs from TEST_GEN_PROGS_EXTENDED (compiled tests) instead of TEST_PROGS_EXTENDED (non‑compiled scripts), while keeping script tests in the latter.",0,0,4,0,,,,,,,,,63.827,,,,,,
a5a923038d,ollama_gpt-oss_120b,4,"The patch adds logic to fbcon_do_set_font() to undo font size changes when vc_resize() fails, preventing inconsistent console state after allocation failures reported by syzbot.",4,0,0,0,,,,,,,,,56.717,,,,,,
a5e9e202fe,ollama_gpt-oss_120b,3,"Adds a new 'power-domains' property description to the MediaTek video codec encoder device tree binding, documenting that the encoder may depend on a power domain.",0,0,4,0,,,,,,,,,64.21,,,,,,
a63de89bee,ollama_gpt-oss_120b,3,"The patch lowers the log severity of power and thermal envelope events on Gaudi2 devices from warning/error to informational, reflecting that they are not error conditions.",0,0,4,0,,,,,,,,,60.58,,,,,,
a683dc5c14,ollama_gpt-oss_120b,3,The commit updates the dt-bindings documentation for Hirschmann Hellcreek network devices to reference other schemas using absolute paths instead of relative ones.,0,0,4,0,,,,,,,,,60.797,,,,,,
a7663c89f4,ollama_gpt-oss_120b,4,"The patch adds EXPORT_SYMBOL declarations for mt6358 driver functions that were missing, allowing other modules to link against them and eliminating undefined symbol errors during module build.",4,0,0,0,,,,,,,,,58.633,,,,,,
a772105cfa,ollama_gpt-oss_120b,3,The commit reorders fields in the LTTPR UHBR link‑rate support structure of the AMD DRM driver to follow the field order defined by the DisplayPort 2.0 specification.,0,0,3,0,,,,,,,,,61.176,,,,,,
a7786cbae4,ollama_gpt-oss_120b,3,"The patch updates the wcd9335 ASoC driver so the slimbus mux put operation checks whether the value actually changes; if unchanged it returns early, stopping the driver from reporting a change and generating spurious events.",4,0,0,0,,,,,,,,,60.819,,,,,,
a7ecbe92b9,ollama_gpt-oss_120b,4,"The patch moves the acquisition of card->lock earlier in fw_core_handle_bus_reset so that accesses to card->local_node and card->bm_retries are protected, and removes redundant locking inside fw_destroy_nodes calls, adding a comment about required locking.",4,0,0,0,,,,,,,,,56.82,,,,,,
a8a0b1f707,ollama_gpt-oss_120b,3,"The patch moves the _set_policy function into the chip_ops structure of the rtw89 driver, allowing the RTL8852C chip to define additional coexistence policies (e.g., DBCC, multi‑role, TDMA). This restructures the driver to handle per‑chip policy differences.",0,0,4,0,,,,,,,,,58.758,,,,,,
a8d412ec98,ollama_gpt-oss_120b,4,"Deletes an unnecessary assignment to the variable 'negative' in the ad2s1210 driver, which was never read before being overwritten, eliminating a clang dead store warning.",0,0,4,0,,,,,,,,,66.242,,,,,,
a8db854be2,ollama_gpt-oss_120b,4,"The patch changes the octeontx2 PF driver to forward AF replies to the VF without modifying them, preserving the error code set by AF. Previously PF altered the reply, causing the VF to miss error information.",4,0,0,0,,,,,,,,,61.657,,,,,,
a8e6398ffe,ollama_gpt-oss_120b,4,"The commit removes an obsolete flags check for CHIP_IP_DISCOVERY in the amdgpu DRM driver because IP‑based discovery is now fully supported, simplifying the code path.",0,0,4,0,,,,,,,,,60.651,,,,,,
a90b8fc9ca,ollama_gpt-oss_120b,3,"The patch modifies the dw_hdmi driver to enable General Control Packets only when the sink reports Deep Color support, disabling automatic GCP for 24‑bit mode on sinks without Deep Color, to comply with HDMI 1.4b specification.",4,0,0,0,,,,,,,,,68.771,,,,,,
aa0a20f521,ollama_gpt-oss_120b,3,"The patch modifies the ARM IRQ entry assembly to stop using register R9, which is reserved for the task pointer and must stay unchanged between IRQ entry and exit.",4,0,0,0,,,,,,,,,63.528,,,,,,
aa303964bc,ollama_gpt-oss_120b,3,"Implements VSC packet revision 4 in the AMD DRM driver, revising Start/End SDP data to follow the eDP 1.5 specification and enable PSR support.",0,0,0,4,,,,,,,,,60.074,,,,,,
aa814c51ab,ollama_gpt-oss_120b,4,"The commit updates the tracing tools Makefile to add build, install, and clean rules for the rtla target, allowing rtla to be compiled and managed through the existing build system.",0,0,0,4,,,,,,,,,62.895,,,,,,
aabfe05a82,ollama_gpt-oss_120b,4,"Adds a device‑tree compatible string for the PCA85073A RTC, enabling the existing PCF85063 driver to bind to this chip; verified on a custom i.MX6SX board.",0,0,0,4,,,,,,,,,61.224,,,,,,
ab3593eeef,ollama_gpt-oss_120b,3,"The patch updates the Chrome EC Type‑C driver to set the parent pointer of a USB‑PD partner object via the registration wrapper, enabling the system to identify which Type‑C device a PD object belongs to.",4,0,0,0,,,,,,,,,58.434,,,,,,
ab9d8032db,ollama_gpt-oss_120b,4,"Adds device‑tree nodes for an MMIO‑based MDIO multiplexer on the LS1043A‑QDS board, declares the FPGA as a simple‑mfd compatible device, and connects Ethernet interfaces to the new PHY nodes.",0,0,0,4,,,,,,,,,64.941,,,,,,
abba345311,ollama_gpt-oss_120b,3,"Adjusts the mt76 driver to set IEEE80211_VHT_CAP_TX_ANTENNA_PATTERN and RX_ANTENNA_PATTERN during stream initialization, ensuring antenna configuration is present for 6 GHz capabilities.",4,0,0,0,,,,,,,,,60.285,,,,,,
abe3c63144,ollama_gpt-oss_120b,4,"The patch adds a gfp_t parameter to convert_context() and its callers so that memory allocation uses GFP_ATOMIC inside the spinlock, eliminating the BUG caused by sleeping in atomic context.",4,0,0,0,,,,,,,,,62.16,,,,,,
ac41c2b642,ollama_gpt-oss_120b,4,"Adds a platform shutdown callback for the WCN6750 Wi‑Fi device so it stops DMA before the SMMU driver is shut down, avoiding SMMU faults during system power‑off.",4,0,0,0,,,,,,,,,58.44,,,,,,
ac45520960,ollama_gpt-oss_120b,3,"The patch updates the ocelot driver to handle bridge port flag configuration on the NPI port, redirecting the operation to the analyzer block index that maps to the CPU port, enabling the Felix DSA driver to control flooding to the CPU.",0,0,0,4,,,,,,,,,57.787,,,,,,
ac686cbc6f,ollama_gpt-oss_120b,4,"Adds support for the qcom,msm8974-mss-pil device tree binding by extending the existing MSM8916 schema with an extra mss-supply property, handled via a simple conditional.",0,0,0,4,,,,,,,,,52.131,,,,,,
ac78fa502a,ollama_gpt-oss_120b,4,"Adds a defensive null check in dc_submit_i2c_oem to abort when the DDC pointer is NULL, preventing crashes from invalid calls.",4,0,0,0,,,,,,,,,59.666,,,,,,
ad30d108a5,ollama_gpt-oss_120b,4,"Removes the i.MX8QM entry from the fsl-lpuart compatible enum in dt-bindings because it is backward compatible with i.MX8QXP, forcing nodes to list both compatible strings via the existing 'items' entry.",0,0,4,0,,,,,,,,,58.655,,,,,,
ad3aa7c31e,ollama_gpt-oss_120b,4,"The patch reorders removal of an i915_gem_context from the global list until after its reference is dropped, preventing use‑after‑free of the list node that caused a general protection fault in i915_perf.",4,0,0,0,,,,,,,,,68.747,,,,,,
ad5c5690de,ollama_gpt-oss_120b,3,Adds a helper that allocates MSI‑X interrupt vectors for virtual queues and configuration interrupts in the vDPA ifcvf driver.,0,0,0,4,,,,,,,,,59.161,,,,,,
ad72c3c3f6,ollama_gpt-oss_120b,4,"The patch removes an inappropriate snd_BUG_ON() check in snd_usbmidi_output_open() that triggered a kernel panic when a USB MIDI device presented an invalid endpoint, fixing the erroneous crash.",4,0,0,0,,,,,,,,,58.212,,,,,,
ad75bd85b1,ollama_gpt-oss_120b,4,"The patch modifies the Sony laptop keyboard backlight driver to skip probing for the 0x153 SNC handle, which lacks a dedicated probe address, preventing the probe from unintentionally turning the backlight off.",4,0,0,0,,,,,,,,,55.871,,,,,,
add61d3c31,ollama_gpt-oss_120b,4,"The patch limits 36‑bpp linebuffer usage to DCN display engines and forces DCE engines to use 30‑bpp, eliminating unwanted dithering on DCE‑11.2 hardware and restoring correct pixel passthrough for scientific applications.",4,0,0,0,,,,,,,,,60.909,,,,,,
ae962e5f63,ollama_gpt-oss_120b,4,"The patch renames an inner variable named 'rate' in the mac80211 airtime code to avoid shadowing the outer 'rate' variable, eliminating confusion without altering functionality.",0,0,4,0,,,,,,,,,58.179,,,,,,
aeb8441203,ollama_gpt-oss_120b,4,"Replaces casts of literal addresses to (void *) in x86 boot code with absolute_pointer() macro, stopping GCC 11/12 false -Warray-bounds warnings.",0,0,4,0,,,,,,,,,64.667,,,,,,
aecf89f2f8,ollama_gpt-oss_120b,4,"Adds definitions for the LEDs and buttons of the Asus RTN-10U router in the MIPS BCM47XX platform driver, enabling the kernel to recognize and control these hardware elements.",0,0,0,4,,,,,,,,,58.517,,,,,,
afb8d5f431,ollama_gpt-oss_120b,3,"The patch changes pinctrl actions to mark irq_chip structures as immutable, removes an unnecessary copy, sets IRQCHIP_IMMUTABLE flag, and adds helper calls to gpiolib to silence kernel warnings about mutable irq_chips.",0,4,0,0,,,,,,,,,58.4,,,,,,
b00e3e03cf,ollama_gpt-oss_120b,4,"Updates the imx8mp-phycore-som device tree: disables unused LDO4 and enables LDO5, which supplies VSEL for the NVCC_SD2 SD‑Card bus, correcting the regulator configuration.",4,0,0,0,,,,,,,,,63.493,,,,,,
b02180e899,ollama_gpt-oss_120b,3,"The patch replaces generic clk_prepare_enable/disable calls with driver‑specific mchp_pit64b_suspend() and mchp_pit64b_resume() to correctly manage timer clocks during init and removal, aligning power‑management handling.",4,0,0,0,,,,,,,,,60.057,,,,,,
b02ba9ed7c,ollama_gpt-oss_120b,3,"The patch unifies how underscores and dots are added to i915 microcode (UC) filenames by moving delimiter handling into the concatenation macro, removing explicit delimiters in the filename prefixes.",0,0,4,0,,,,,,,,,51.456,,,,,,
b087a381d7,ollama_gpt-oss_120b,4,"Adds a snd_card_free() call in the probe error path of the sonicvibes ALSA driver to correctly release resources before the card is registered, fixing a leak caused by prior devres cleanup.",4,0,0,0,,,,,,,,,58.302,,,,,,
b127315d9a,ollama_gpt-oss_120b,4,"Adds a new dmaengine driver for the Apple ADMAC audio DMA controller found in Apple Silicon SoCs, integrating it into the kernel.",0,0,0,4,,,,,,,,,55.392,,,,,,
b13fa27a4b,ollama_gpt-oss_120b,3,"The patch modifies the UDL DRM driver to pass a rectangle structure directly to udl_handle_damage(), removing intermediate handling and simplifying the code path.",0,0,4,0,,,,,,,,,60.765,,,,,,
b148c8b9b9,ollama_gpt-oss_120b,4,"Adds new self‑test cases for the BPF subsystem to verify correct handling of padding in btf_dump, using hand‑crafted and fuzz‑generated inputs.",0,0,4,0,,,,,,,,,60.617,,,,,,
b1a09b6368,ollama_gpt-oss_120b,4,Adds a call to unregister_candev() in the mcp251x_can_probe() error path to correctly clean up the CAN device when GPIO setup fails.,4,0,0,0,,,,,,,,,61.254,,,,,,
b1bbd3a57b,ollama_gpt-oss_120b,4,Adjusts indentation of a bullet list in thermal documentation to eliminate a Sphinx warning about missing blank line.,4,0,0,0,,,,,,,,,60.944,,,,,,
b1d003f1b7,ollama_gpt-oss_120b,4,Adds over‑current detection for USB 1 on the Verdin i.MX8MP board by defining the USB_1_OC# pin (active‑low) in the device tree and removing its previous gpio_hog3 assignment.,0,0,0,4,,,,,,,,,63.479,,,,,,
b24cb2d169,ollama_gpt-oss_120b,3,"Adds handling for the CMD_ERROR_EVENT command in the kvaser_usb driver, logging or safely ignoring an unexpected error event that should never be sent by the device.",4,0,0,0,,,,,,,,,53.68,,,,,,
b2d71f275d,ollama_gpt-oss_120b,4,"Adds the _EL1 suffix to macro definitions for ID_AA64ISAR2_EL1 fields, aligning them with the convention of using full register names; no functional code changes.",0,0,4,0,,,,,,,,,60.034,,,,,,
b354eaeec8,ollama_gpt-oss_120b,4,"Updates the CN10K egress ratelimit driver to use the new NIX_AF_TLXX_PIR/CIR register format, fixing burst exponent/mantissa handling and changing maxrate from u32 to u64 to match the stack.",4,0,0,0,,,,,,,,,59.72,,,,,,
b3fd0a86da,ollama_gpt-oss_120b,3,"The patch modifies the sfc driver by replacing BUG_ON checks with WARN_ON and adds code to recover from the condition, aiming to avoid kernel panic and address a checkpatch warning.",0,4,0,0,,,,,,,,,61.879,,,,,,
b43d0c0a42,ollama_gpt-oss_120b,4,"The patch changes the definition of the const array uid_strings in the Intel ASoC cirrus-common driver from a stack‑allocated variable to a static const object, moving it to read‑only data and reducing generated code size.",0,0,4,0,,,,,,,,,58.152,,,,,,
b57774ccf5,ollama_gpt-oss_120b,4,"The patch defines a constant for the fixed value 0x6 and removes the never‑used UsbTxAggDescNum field from the hal_data_8188e struct in the r8188eu driver, cleaning up the data structure.",0,0,4,0,,,,,,,,,58.937,,,,,,
b5fa1d09f1,ollama_gpt-oss_120b,4,"Adjusts uml_vector_default_bpf() to accept a const argument, aligning with the recent constification of MAC address structures.",4,0,0,0,,,,,,,,,59.051,,,,,,
b61699d2cd,ollama_gpt-oss_120b,4,"The patch modifies the mt7915 driver testmode TX antenna configuration, replacing per‑band chainmask fields with a single antenna_mask for both band0 and band1, removing conversion logic when forming firmware commands and simplifying user configuration.",0,0,4,0,,,,,,,,,56.764,,,,,,
b653db7735,ollama_gpt-oss_120b,4,"The patch clears the page->private pointer when a page is split or migrated, ensuring the PG_private flag and private pointer stay consistent. It adds zeroing after get_new_page() and after split_huge_page() to fix cases where page->private was left uninitialized.",4,0,0,0,,,,,,,,,60.314,,,,,,
b661a848a5,ollama_gpt-oss_120b,4,Corrects a spelling mistake in a comment within the ASoC AMD ACP driver.,0,0,4,0,,,,,,,,,62.842,,,,,,
b6a709cb51,ollama_gpt-oss_120b,3,"Adds updated register and field definitions for the Mediatek Ethernet PCS based on recent investigation, reflecting differences from the Lynx PCS.",0,0,4,0,,,,,,,,,57.042,,,,,,
b76ecff831,ollama_gpt-oss_120b,3,"The patch updates the fbdev hot‑unplug workaround for framebuffers lacking a device. It adds a kernel warning and rewrites the surrounding comment, noting that the workaround is obsolete now that each OF framebuffer has a platform device.",0,0,4,0,,,,,,,,,68.983,,,,,,
b771aadc6e,ollama_gpt-oss_120b,3,"The commit changes F2FS to treat a zoned block device as having one uniform zone capacity, removing per‑zone capacity handling to simplify the filesystem implementation.",0,0,4,0,,,,,,,,,57.019,,,,,,
b7bc1c9e5b,ollama_gpt-oss_120b,4,"The commit updates all source files to replace the GPLv2 boilerplate with the SPDX identifier 'GPL-2.0-only', standardizing license declarations across the tree.",0,0,4,0,,,,,,,,,63.976,,,,,,
b7dc37fcf6,ollama_gpt-oss_120b,4,"The patch deletes the now‑unused declaration of sni_cpu_time_init() after earlier changes removed all its calls, cleaning up dead code in the MIPS time‑keeping subsystem.",0,0,4,0,,,,,,,,,67.392,,,,,,
b808a7eb30,ollama_gpt-oss_120b,4,"The patch modifies the AMD DRM display driver to increase the command buffer (compbuf) size before the driver updates GPU clocks. Previously the compbuf size was set after clock updates, which could cause P‑State hangs. By programming the larger compbuf earlier, the hang is avoided.",4,0,0,0,,,,,,,,,62.656,,,,,,
b888886a45,ollama_gpt-oss_120b,4,"Adds a device‑tree node for the Mediatek MT6795 pinctrl controller, declaring its presence while leaving pin configuration to machine‑specific DTs.",0,0,0,4,,,,,,,,,60.303,,,,,,
b8a71b9536,ollama_gpt-oss_120b,4,"The commit corrects various misspelled words in the ath10k Wi‑Fi driver, as reported by the codespell tool, without altering functionality.",0,0,4,0,,,,,,,,,58.239,,,,,,
b92d8a6e93,ollama_gpt-oss_120b,3,Removes a redundant resource check in the USB c67x00 driver’s remove function because the probe already validated the resource.,0,0,4,0,,,,,,,,,65.274,,,,,,
b93d2ec34e,ollama_gpt-oss_120b,4,"Updates KVM x86 documentation for MSR filtering, clarifying terminology, fixing an off‑by‑one description error, and removing redundant text.",0,0,4,0,,,,,,,,,58.748,,,,,,
b98c359f1d,ollama_gpt-oss_120b,3,"The patch updates memory‑management code to call folio_swap_flags directly instead of converting a folio to a page and using page_swap_flags. The sole caller already has a folio, so the conversion is moved down, simplifying the call chain.",0,0,4,0,,,,,,,,,62.858,,,,,,
b98d2d722f,ollama_gpt-oss_120b,4,"The patch modifies the error string emitted by the mlx5e driver when changing LRO state, replacing the old specific wording with a newer, more generic name.",0,0,4,0,,,,,,,,,57.379,,,,,,
b9f3973ab3,ollama_gpt-oss_120b,4,"Adds support for nested VMLOAD/VMSAVE instructions in KVM on x86 AMD SVM, enabling proper nested virtualization handling and verified by multi-level Linux guest testing.",0,0,0,4,,,,,,,,,60.856,,,,,,
ba05b39d26,ollama_gpt-oss_120b,4,"Stops overwriting the sdw_msg buffer on write commands, treating it as const, to prevent caller data corruption in the SoundWire Cadence driver.",4,0,0,0,,,,,,,,,55.159,,,,,,
ba3ea04a25,ollama_gpt-oss_120b,3,"The patch modifies the intel_soc_pmic_bxtwc driver to reuse a temporary struct device variable more widely, simplifying the code and improving readability.",0,0,4,0,,,,,,,,,57.071,,,,,,
bac4b41d91,ollama_gpt-oss_120b,3,"The patch moves local variables of dml32_CalculateSwathAndDETConfiguration into a temporary structure, reducing the function's stack frame in the AMD DRM display driver.",0,0,4,0,,,,,,,,,60.466,,,,,,
bad0eb76dc,ollama_gpt-oss_120b,4,"Refactors the Chinese admin-guide documentation index, reformatting the ToDo list in the generated HTML for a cleaner appearance.",0,0,4,0,,,,,,,,,70.302,,,,,,
bb2aa78e9a,ollama_gpt-oss_120b,4,"The patch moves the TSC ratio definitions used by the SVM KVM implementation into the svm.h header, matching the SVM specification and improving code organization.",0,0,4,0,,,,,,,,,58.516,,,,,,
bc055a50a8,ollama_gpt-oss_120b,4,"Adds documentation for the Renesas RZ/G2UL USB2 PHY bindings, noting it matches the RZ/G2L PHY and can use the existing compatible string as fallback.",0,0,4,0,,,,,,,,,59.707,,,,,,
bc4c94994f,ollama_gpt-oss_120b,4,"The commit refactors the ltc2983 temperature driver to obtain configuration values via a generic device‑property interface, allocating a single buffer for all values instead of per‑value reads, making the driver independent of OF and usable on other platforms.",0,0,4,0,,,,,,,,,66.467,,,,,,
bcdf998ea3,ollama_gpt-oss_120b,4,"The commit updates the STM32 device tree to include an alternate pin multiplexing configuration for the DCMI pins, required for AV96 board support.",0,0,0,4,,,,,,,,,60.155,,,,,,
bce1b56c73,ollama_gpt-oss_120b,4,The commit reverts a previous sbitmap fix because it introduced CPU stalls and possible infinite loops; restoring the original code stops the regression.,4,0,0,0,,,,,,,,,56.155,,,,,,
bceb8b8ded,ollama_gpt-oss_120b,3,"The commit deletes the q->qid member from the mt76 driver because it is no longer referenced, cleaning up dead code.",0,0,4,0,,,,,,,,,63.058,,,,,,
bd2db32e7c,ollama_gpt-oss_120b,4,"The patch saves the device's base register before freeing the MMC host and uses that saved value instead of dereferencing the freed host pointer in moxart_remove(), eliminating a reported use‑after‑free.",4,0,0,0,,,,,,,,,63.022,,,,,,
bd363ee533,ollama_gpt-oss_120b,3,"The patch updates mac80211 MLME code to set the sta.mlo flag when a station uses Multi‑Link Operation, fixing an omission introduced by prior rebasing.",4,0,0,0,,,,,,,,,63.493,,,,,,
bd53e442e8,ollama_gpt-oss_120b,3,"Adds minimal register set (regset) definitions for the m68k architecture, enabling core‑dump support of the elf_fdpic loader; code is conditional and provides only the required infrastructure.",0,0,0,4,,,,,,,,,65.951,,,,,,
bdf240188b,ollama_gpt-oss_120b,4,"The commit updates the imx319 I2C camera driver to mark the flip controls with V4L2_CTRL_FLAG_MODIFY_LAYOUT, informing V4L2 that the image layout (Bayer order) changes when flips are applied.",4,0,0,0,,,,,,,,,63.235,,,,,,
be2b2f6b62,ollama_gpt-oss_120b,4,"The commit changes the function process_msg_close in the rnbd-srv driver to return void instead of int, because it always returned 0, removing an unnecessary return value.",0,0,4,0,,,,,,,,,55.99,,,,,,
be78aa8a38,ollama_gpt-oss_120b,4,"Adds support for the SBI v0.3 System Reset (SRST) extension in the RISC‑V KVM hypervisor, enabling guest power‑off and reboot via the standard SBI interface.",0,0,0,4,,,,,,,,,63.542,,,,,,
bea75b3389,ollama_gpt-oss_120b,4,"Adds 16-byte NOP padding before every function on x86, aligning functions to 16 bytes and preparing the kernel for software call‑stack tracking and kCFI/FineIBT, with no observed performance impact.",0,0,4,0,,,,,,,,,65.04,,,,,,
bedcf9d1dc,ollama_gpt-oss_120b,4,"The commit renames the clock identifier video_pll1 to video_pll in the i.MX driver to match the reference manual, keeping old constants for compatibility, with no functional changes.",0,0,4,0,,,,,,,,,53.935,,,,,,
bf172a01ea,ollama_gpt-oss_120b,3,"The patch updates i9xx_update_wm() in the i915 DRM driver to call the existing single_enabled_crtc() helper instead of a custom ad‑hoc check, and removes an unused 'enabled' variable, aligning the code with other legacy WM functions.",0,0,4,0,,,,,,,,,61.22,,,,,,
bf29274d77,ollama_gpt-oss_120b,3,"Adds a guard in the AMD DRM driver to verify that a PSR-enabled panel has already entered PSR before attempting to enter MALL state, and prevents overwriting link settings when programming a phantom stream sharing the same link.",4,0,0,0,,,,,,,,,58.149,,,,,,
bf2e1ae417,ollama_gpt-oss_120b,3,"Changes audit_init_parent to take a const char * path, improving const‑correctness of the function signature.",0,0,4,0,,,,,,,,,65.771,,,,,,
bf54d97a83,ollama_gpt-oss_120b,3,"Adds support for mono audio streams in the tas2770 ASoC driver by enabling downmix and channel switching, allowing the right channel range to be used for mono playback.",0,0,0,4,,,,,,,,,56.983,,,,,,
bfb5711e24,ollama_gpt-oss_120b,4,"The patch updates the STM32 VREFBUF regulator driver to replace pm_runtime_get_sync calls with pm_runtime_resume_and_get, simplifying runtime‑PM handling.",0,0,4,0,,,,,,,,,64.468,,,,,,
bfc618fcc3,ollama_gpt-oss_120b,3,"The patch changes the Intel raw NAND driver to read the chip‑select line from the flash device's own device‑tree node (a child of the NAND controller) instead of the controller node, fixing the source of the CS value.",4,0,0,0,,,,,,,,,55.605,,,,,,
c01147d929,ollama_gpt-oss_120b,4,"The commit replaces the existing shouty macros that compute XFS inode fork sizes with static inline helper functions, adding type checking and improving code safety and readability.",0,0,4,0,,,,,,,,,57.966,,,,,,
c1631dbc00,ollama_gpt-oss_120b,3,"The patch corrects hci_read_buffer_size_sync to stop using the LE‑only opcode HCI_OP_LE_READ_BUFFER_SIZE_V2 and instead use the appropriate generic read‑buffer‑size path, fixing incorrect handling of buffer size queries for non‑LE Bluetooth devices.",4,0,0,0,,,,,,,,,57.205,,,,,,
c1da5a7bef,ollama_gpt-oss_120b,4,"Changes the r888eu driver to allocate the efuse buffer with kmalloc and free it on exit, replacing a fixed 512‑byte stack array and dropping the __aligned(4) qualifier.",0,0,4,0,,,,,,,,,56.276,,,,,,
c1e48e36c1,ollama_gpt-oss_120b,4,"The commit marks several functions in dcn32_hubbub.c as static because they are only used within that file, removing external linkage and eliminating compiler warnings about missing prototypes.",0,0,4,0,,,,,,,,,61.023,,,,,,
c223929418,ollama_gpt-oss_120b,4,"The commit revises the PTP OCP driver to compute sysfs attribute groups before registration and uses sysfs_create_groups, avoiding sysfs_remove_group on unregistered groups that caused a crash.",4,0,0,0,,,,,,,,,57.232,,,,,,
c24538f538,ollama_gpt-oss_120b,4,"The patch deletes the declaration of the function intel_gt_create_kobj() from drm/i915/gt because it is not referenced anywhere, cleaning up dead code.",0,0,4,0,,,,,,,,,68.622,,,,,,
c297448760,ollama_gpt-oss_120b,4,"The patch edits the max9759 driver Kconfig to drop an unconditional 'select GPIOLIB' because GPIO support is optional, preventing forced inclusion of the gpiolib subsystem and eliminating build‑time warnings in random configurations.",0,0,4,0,,,,,,,,,63.357,,,,,,
c2bc16817a,ollama_gpt-oss_120b,3,"Introduces folio_batch_move_lru() and rewrites LRU handling in swap from pagevecs to folio_batches, merging existing pagevec helper logic into new folio_batch functions.",0,0,4,0,,,,,,,,,58.644,,,,,,
c2ca36e82f,ollama_gpt-oss_120b,4,"The patch deletes an unnecessary f2fs_lock_op call in f2fs_new_inode because f2fs_alloc_nid() does not need to block checkpoint and __f2fs_build_free_nids() is already protected by nat_tree_lock, simplifying the code.",0,0,4,0,,,,,,,,,66.594,,,,,,
c3ad8d23bc,ollama_gpt-oss_120b,4,"Adds an is_subset helper to the perf cpumap code that returns true when the second cpumap is a subset of the first, extending the cpumap API.",0,0,0,4,,,,,,,,,58.973,,,,,,
c4168db7c8,ollama_gpt-oss_120b,4,The patch updates the lynxpoint pinctrl driver to explicitly include required header files that were previously missing and orders the include list alphabetically.,4,0,0,0,,,,,,,,,58.474,,,,,,
c4d2497032,ollama_gpt-oss_120b,4,"The patch removes the functions tcf_connmark_walker() and tcf_connmark_search() from the act_connmark scheduler because they duplicate the behavior of a generic walk/search helper, simplifying the codebase.",0,0,4,0,,,,,,,,,58.942,,,,,,
c4d66f7db6,ollama_gpt-oss_120b,3,"The patch corrects the nouveau driver for TU102 GPUs so that the sw_bundle64_init command includes the high 32 bits of the value, which were previously omitted.",4,0,0,0,,,,,,,,,68.214,,,,,,
c4d987de9c,ollama_gpt-oss_120b,3,"Updates the rkvdec driver to call the new vb2_find_buffer helper, retrieving a vb2_buffer by its timestamp instead of the previous lookup method.",0,0,4,0,,,,,,,,,60.243,,,,,,
c575521462,ollama_gpt-oss_120b,3,Adds new unit tests for the MCTP subsystem to verify key/tag lookup behavior on routed packets by inserting specific entries and checking match/mismatch outcomes.,0,0,0,0,,,,,,,,,68.348,,,,,,
c5e58c4545,ollama_gpt-oss_120b,4,"Adds a manual snd_card_free() call in the cs46xx driver’s probe error path to correctly release resources before the card is registered, fixing a leak caused by devres cleanup ordering.",4,0,0,0,,,,,,,,,60.843,,,,,,
c5e804ba38,ollama_gpt-oss_120b,3,"The patch updates the mxsfb DRM driver to use the dev_err_probe() helper instead of hand‑written error logging, adding a helpful entry in /sys/kernel/debug/devices_deferred.",0,0,4,0,,,,,,,,,61.753,,,,,,
c5e97ed154,ollama_gpt-oss_120b,4,"The patch changes bootmem code to store free page information in page->index instead of page->freelist, using the same bits but an integer field to eliminate pointer casts.",0,0,4,0,,,,,,,,,41.861,,,,,,
c5f81301d0,ollama_gpt-oss_120b,3,"The patch updates the sdw-mockup driver to use the new snd_sdw_params_to_config helper for converting hw_params to SoundWire configuration, replacing existing conversion code.",0,0,4,0,,,,,,,,,63.006,,,,,,
c65234b283,ollama_gpt-oss_120b,4,"The patch corrects refcount handling in configfs_make_dirent() for error paths of configfs_create_dir(), adding a configfs_put() call to avoid leaked sd and fragment objects, thus fixing a memory leak reported by kmemleak.",4,0,0,0,,,,,,,,,61.492,,,,,,
c6c1f11b69,ollama_gpt-oss_120b,4,"The patch changes the error codes returned by xdp_do_redirect() for AF_XDP zero‑copy redirects, distinguishing allocation failures (ENOMEM) from Rx buffer full (ENOBUFS) instead of using ENOSPC for both.",0,4,0,0,,,,,,,,,65.502,,,,,,
c7c16c5b19,ollama_gpt-oss_120b,4,"The patch changes NVMe PCI reset handling: on reset failure it no longer unbinds the driver but simply shuts down the controller, leaving it in a dead state.",4,0,0,0,,,,,,,,,58.415,,,,,,
c7e31e36d8,ollama_gpt-oss_120b,4,"Adds schema constraints to device‑tree OPP binding child nodes, setting unevaluatedProperties or additionalProperties to false so only documented properties are allowed.",0,4,0,0,,,,,,,,,66.991,,,,,,
c86d18f4aa,ollama_gpt-oss_120b,4,"The patch corrects a memory leak in the io_uring file registration path: when __io_sqe_files_scm() finds no files, it frees resources but fails to release the associated uid reference, leading to leaked memory. The commit adds the missing uid put.",4,0,0,0,,,,,,,,,58.688,,,,,,
c8bd296cca,ollama_gpt-oss_120b,4,"Adds Kconfig selections for generic CBC and AES as fallbacks for the __cbc-aes-neonbs algorithm on ARM, ensuring the algorithm can register during boot.",4,0,0,0,,,,,,,,,59.148,,,,,,
c8d18e4402,ollama_gpt-oss_120b,4,"Adds a runtime check in the ASoC core that detects when drivers use the generic wrapping method to set the driver field in snd_ctl_card_info and prints an error, urging proper initialization to avoid truncation and name clashes.",0,4,0,0,,,,,,,,,64.175,,,,,,
c8e98eaf2b,ollama_gpt-oss_120b,4,"Adds a new ASoC board configuration (adl_rt5682) for Intel platforms that lack a speaker amplifier, wiring the alc5682 headset codec to SSP0 per Intel BT offload design.",0,0,0,4,,,,,,,,,68.716,,,,,,
c90b6b50b4,ollama_gpt-oss_120b,4,"The patch removes the gfp_flags argument from null_alloc_page(), which was always passed as GFP_NOIO by null_insert_page(), and updates callers to use the default behavior, simplifying the API.",0,0,4,0,,,,,,,,,59.232,,,,,,
c951cd3b89,ollama_gpt-oss_120b,4,"Adds a minimal sysfs stub for DAMON, creating a hierarchy of sysfs directories and files to control virtual address space monitoring, moving away from the debugfs interface.",0,0,0,4,,,,,,,,,56.931,,,,,,
c95aa2bab9,ollama_gpt-oss_120b,4,"Adds a NET dependency to INTEL_HFI_THERMAL in Kconfig so that THERMAL_NETLINK's NET requirement is satisfied, removing a Kconfig warning and numerous build errors.",4,0,0,0,,,,,,,,,60.82,,,,,,
c9da02bfb1,ollama_gpt-oss_120b,4,"Corrects swapped bitmask values in RX_DMA_GET_SPORT and RX_DMA_GET_SPORT_V2 macros of the MediaTek Ethernet driver, ensuring proper source‑port extraction.",4,0,0,0,,,,,,,,,67.539,,,,,,
c9e6aeb588,ollama_gpt-oss_120b,4,"The patch corrects the prefetch calculation loop in the AMD DCN3.2 display driver by resetting local variables each iteration, ensuring the loop exits correctly instead of consuming the entire vstartup after a failure.",4,0,0,0,,,,,,,,,67.49,,,,,,
cacdb14b1c,ollama_gpt-oss_120b,4,"The patch fixes a race condition in the roccat HID driver where reports are freed without synchronization, leading to a use‑after‑free during roccat_read(). It adds proper locking or safe handling to prevent the kfree() from occurring while copy_to_user() accesses the buffer.",4,0,0,0,,,,,,,,,55.498,,,,,,
cae5c1ab05,ollama_gpt-oss_120b,3,"The commit removes the CONFIG_DRM_AMD_DC_DCN Kconfig option from the amdgpu_dm directory because it is redundant and was only used to bypass compilation errors, making the DC code truly OS‑agnostic.",4,0,0,0,,,,,,,,,58.081,,,,,,
cb04b5ef85,ollama_gpt-oss_120b,3,"The patch modifies mac80211 code so that when the DTIM period is set it is stored in link->conf->dtim_period and not cleared afterwards, while still using beacon data when present.",4,0,0,0,,,,,,,,,53.846,,,,,,
cb55f27ac9,ollama_gpt-oss_120b,3,"The patch adds the list_for_each_table_entry macro to the proc sysctl code, replacing manual traversal of ctl_table with a macro to make the loop cleaner and more readable.",0,0,4,0,,,,,,,,,58.734,,,,,,
cbd2574854,ollama_gpt-oss_120b,3,"The patch changes io_uring’s multishot accept handling so that when the completion‑queue entry (CQE) ring overflows, the pending multishot accept request is dropped, similar to the existing multishot poll behavior.",4,0,0,0,,,,,,,,,67.925,,,,,,
cc1049ccee,ollama_gpt-oss_120b,4,"Adds a call to mv88e6xxx_get_caps() during port setup so CPU/DSA ports obtain correct MAC capabilities, fixing the default 10 Mbps speed caused by missing capabilities after earlier changes.",4,0,0,0,,,,,,,,,60.287,,,,,,
cc2609eda6,ollama_gpt-oss_120b,4,The commit updates ath10k driver source to silence new checkpatch warnings by replacing strlcpy with strscpy and fixing an unnecessary integer promotion in a printf format string.,0,0,4,0,,,,,,,,,62.868,,,,,,
cc2f2df48a,ollama_gpt-oss_120b,4,Updates the it66121 device‑tree binding header to document and enable audio support for the ITE HDMI bridge.,0,0,0,4,,,,,,,,,68.925,,,,,,
cc767e7c69,ollama_gpt-oss_120b,4,"Adds a check in the io_uring networking path so that zerocopy sendmsg operations are rejected with an error when the underlying socket does not support zerocopy, mirroring earlier handling for zerocopy send.",4,0,0,0,,,,,,,,,59.255,,,,,,
ccb9bc1dfa,ollama_gpt-oss_120b,4,"Adds ethtool --identify support to the nfp driver, enabling the NIC firmware to blink the panel LED when the command is invoked.",0,0,0,4,,,,,,,,,62.167,,,,,,
cd044ff918,ollama_gpt-oss_120b,4,"Adds device‑tree binding definitions for the Himax hx83112b touchscreen, providing the necessary documentation files so the kernel can describe and support this hardware.",0,0,0,4,,,,,,,,,54.525,,,,,,
cd4e5f30f5,ollama_gpt-oss_120b,4,"Adds a regulator node and enables the PCIe 2 controller and its combphy in the quartz64-b device tree for Rockchip arm64 platforms, extending hardware support.",0,0,0,4,,,,,,,,,64.507,,,,,,
cd50f9b247,ollama_gpt-oss_120b,4,"The patch separates the responsibilities of nvme_kill_queues: it renames the part that marks all namespace gendisks dead to nvme_mark_namespaces_dead and moves the unquiescing of I/O queues out to the callers, reflecting that the two actions are now independent.",0,0,4,0,,,,,,,,,58.3,,,,,,
cdbb816b5b,ollama_gpt-oss_120b,3,"The patch removes an unnecessary check for Correctable Error (CE) status when querying RAS Uncorrectable Error (UE) address in the amdgpu DRM driver, simplifying the code path.",0,0,4,0,,,,,,,,,62.496,,,,,,
ce0091a0e0,ollama_gpt-oss_120b,4,"The commit resolves Sparse static analysis warnings in PowerPC time code by adding missing declarations, including proper headers, removing duplicate definitions, and reordering definitions to follow includes.",0,0,4,0,,,,,,,,,65.831,,,,,,
ce3a0a29fb,ollama_gpt-oss_120b,3,"The commit updates the Merrifield GPIO driver to replace duplicated enable/disable code with a call to the existing str_enable_disable() helper, improving code reuse.",0,0,4,0,,,,,,,,,64.634,,,,,,
cee7db1b02,ollama_gpt-oss_120b,4,"Adds a conditional test for xeCJK.sty in the kerneldoc preamble, loading it only if the file exists, to avoid xelatex errors on systems where texlive-xecjk is not installed.",4,0,0,0,,,,,,,,,60.125,,,,,,
cf0d7e7f45,ollama_gpt-oss_120b,3,"The patch updates NFS code to use struct sockaddr_storage in memcpy calls, matching the actual union size and eliminating false positive fortify warnings about field‑spanning writes.",0,0,4,0,,,,,,,,,60.833,,,,,,
cf260db405,ollama_gpt-oss_120b,3,"The patch updates Btrfs code to use the OFFSET_MAX macro instead of INT_LIMIT(loff_t), improving readability by using a self‑describing constant for the maximum file offset.",0,0,4,0,,,,,,,,,61.149,,,,,,
cf8f4462e5,ollama_gpt-oss_120b,3,"The patch removes the obsolete of_gpio.h header from the zevio GPIO driver and updates the code to use newer of_* APIs and structures, cleaning up the driver.",0,0,4,0,,,,,,,,,61.149,,,,,,
cff35798fa,ollama_gpt-oss_120b,3,"The patch modifies the AMD KFD driver to correct how compute unit (CU) masks are generated on GFX10+ GPUs that use work‑group processors (WGP). It forces the mask to be pairwise contiguous and distributes CUs round‑robin across shader engines, assuming WGP mode.",4,0,0,0,,,,,,,,,60.13,,,,,,
d016fc7ab5,ollama_gpt-oss_120b,3,"The commit updates the max14656 power supply driver to replace a custom delayed‑work implementation with the kernel helper devm_delayed_work_autocancel(), reducing code size.",0,0,4,0,,,,,,,,,59.448,,,,,,
d082a0255f,ollama_gpt-oss_120b,4,Adds a hardware capability flag (hwcap) for ARM64 MTE asymmetric mode (FEAT_MTE3) so user‑space can detect its support via the standard hwcap mechanism.,0,0,0,4,,,,,,,,,70.024,,,,,,
d0864ee4f8,ollama_gpt-oss_120b,3,"The patch extracts combo PHY register definitions from the generic i915 register header into a dedicated header, limiting their inclusion to the few files and platforms that actually need them.",0,0,4,0,,,,,,,,,60.935,,,,,,
d0871b5a22,ollama_gpt-oss_120b,3,"The patch modifies the Palmas MFD driver to obtain its match data directly via device_get_match_data(), removing custom handling and simplifying the code.",0,0,4,0,,,,,,,,,55.724,,,,,,
d09adf6100,ollama_gpt-oss_120b,4,"The commit updates the ptp_pch driver to use the generic ioread64_hi_lo() and iowrite64_hi_lo() helpers for 64‑bit I/O, replacing any custom handling.",0,0,4,0,,,,,,,,,68.543,,,,,,
d13bc4d84a,ollama_gpt-oss_120b,4,"The patch deletes the sx8 block driver files, as the hardware is obsolete and the driver has been unmaintained since 2005, cleaning up the kernel source tree.",0,0,4,0,,,,,,,,,58.409,,,,,,
d13da2f4c8,ollama_gpt-oss_120b,4,"The commit updates the Qualcomm USB VBUS regulator DT binding by renaming the generic node name from ""dcdc"" to ""usb-vbus-regulator"" and adjusts the example accordingly.",0,0,4,0,,,,,,,,,60.469,,,,,,
d147553b64,ollama_gpt-oss_120b,3,"Adds the UNTRAIN_RET speculation‑mitigation macro to the Xen entry path on x86, ensuring the entry code executes the barrier.",0,4,0,0,,,,,,,,,60.923,,,,,,
d184cc910e,ollama_gpt-oss_120b,4,"Removes the obsolete <linux/gpio.h> header from the i2c ccs driver, keeping only the needed <linux/gpio/consumer.h> include.",0,0,4,0,,,,,,,,,63.044,,,,,,
d1ad2721b1,ollama_gpt-oss_120b,4,"The patch updates the kbuild header‑check test to stop including include/linux/cyclades.h, because that header now emits a warning indicating it should never be used. The file is removed from the list of headers the test scans.",4,0,0,0,,,,,,,,,63.297,,,,,,
d1ddc536df,ollama_gpt-oss_120b,4,Adds ability to override the DMA mapping device in the mt76 driver so that the WED driver can use non‑coherent DMA while the PCI device may be configured for coherent DMA; the WED driver will adjust the PCI HIF coherent I/O setting on attach.,0,0,0,4,,,,,,,,,60.384,,,,,,
d1f68ba069,ollama_gpt-oss_120b,4,"The patch renames btrfs_insert_file_extent() to btrfs_insert_hole_extent() because the function only inserts hole extents, and removes parameters that are no longer used, improving code clarity.",0,0,4,0,,,,,,,,,65.432,,,,,,
d23417a5bf,ollama_gpt-oss_120b,4,Fixes a memory leak in the OrangeFS kernel module by ensuring the debug_help_string buffer allocated in orangefs_prepare_debugfs_help_string() is freed when the module is removed or when the string is changed.,4,0,0,0,,,,,,,,,65.214,,,,,,
d2403ee73d,ollama_gpt-oss_120b,4,"Updates the Qualcomm ADSP remoteproc device tree binding to simplify interrupt constraints, reflecting that variants only differ by an optional last interrupt.",0,0,4,0,,,,,,,,,60.03,,,,,,
d24e7855ef,ollama_gpt-oss_120b,4,"The patch raises the GT reset‑failure timeout from 5 s to 60 s in the i915 driver, preventing premature device wedge and data loss when a reset takes longer, as reported in issue 6448.",4,0,0,0,,,,,,,,,68.958,,,,,,
d31d37912e,ollama_gpt-oss_120b,3,"Adds handling for PTP timestamp interrupts in the sparx5 network driver, allowing the driver to read timestamps from the FIFO when a 2‑step timestamping event occurs.",0,0,0,4,,,,,,,,,57.873,,,,,,
d3345fecf9,ollama_gpt-oss_120b,3,"Adds a new 'requires_cpu' flag in perf's event selection code to distinguish uncore events that need a specific CPU from system-wide events, correcting the semantics of the existing system_wide flag.",0,3,0,0,,,,,,,,,66.216,,,,,,
d3a20dcbca,ollama_gpt-oss_120b,4,"Adds kernel documentation strings for core domain fields in the Tegra PMC driver, enabling kerneldoc generation; no functional code change.",0,0,4,0,,,,,,,,,61.413,,,,,,
d3b43eb505,ollama_gpt-oss_120b,3,The patch adds a null‑pointer check after calling platform_get_resource() in the mt6397 RTC driver to avoid dereferencing a NULL pointer.,4,0,0,0,,,,,,,,,60.95,,,,,,
d4893978f9,ollama_gpt-oss_120b,4,"The patch renames the existing filter group identifiers in the mlx5 bridge driver from generic 'fg' to 'vlan_filter' in functions, variables and definitions, to distinguish them from a forthcoming QinQ filter group, improving code readability.",0,0,4,0,,,,,,,,,63.222,,,,,,
d4940b84da,ollama_gpt-oss_120b,4,"Removes the now‑unused declaration of arch_kprobe_override_function() from x86/kprobes after a prior commit eliminated all its calls, cleaning up dead code.",0,0,4,0,,,,,,,,,59.771,,,,,,
d49fc69293,ollama_gpt-oss_120b,3,"The patch wraps the -mno-branch-likely compiler flag with cc-option for MIPS Loongson targets, preventing clang warnings from becoming errors, and moves the flag check into Kconfig to run at configuration time.",4,0,0,0,,,,,,,,,53.854,,,,,,
d4ad017d63,ollama_gpt-oss_120b,4,"The patch replaces calls to of_irq_get_byname with the generic fwnode_irq_get_byname in platform code, allowing both OF and ACPI described devices to obtain named interrupts via the fwnode abstraction.",0,0,0,4,,,,,,,,,60.705,,,,,,
d4bfba1e75,ollama_gpt-oss_120b,3,"Adds a new helper function hda_codec_device_remove() in the Intel SOF ASoC driver to separate removal handling between the controller and codec, improving code organization.",0,0,4,0,,,,,,,,,58.091,,,,,,
d57716702d,ollama_gpt-oss_120b,4,"Adds the mmhub v3_0_1 register header files to the amdgpu driver to support the newer hardware version, noting differences from the previous v3_0_0 headers.",0,0,0,4,,,,,,,,,60.085,,,,,,
d5f497b889,ollama_gpt-oss_120b,4,Replaces sprintf with snprintf in ptp_ocp_verify() to make the code easier to review and potentially safer.,0,0,4,0,,,,,,,,,59.354,,,,,,
d61876a285,ollama_gpt-oss_120b,4,"The patch replaces devres_alloc()/devres_add() with devm_add_action_or_reset() in devm_clk_hw_register_clkdev(), simplifying the implementation without altering behavior.",0,0,4,0,,,,,,,,,59.144,,,,,,
d64a29af12,ollama_gpt-oss_120b,3,Adds a runtime validation of the user‑provided CQ counter offset in the habanalabs driver for the wait_for_interrupt and register_for_timestamp APIs.,4,0,0,0,,,,,,,,,59.717,,,,,,
d6501ecfb6,ollama_gpt-oss_120b,4,"The patch updates a printf format string in the Gaudi driver: the variable div_sel is a u32 but was printed with %d. The format specifier is changed to match the unsigned 32‑bit type, correcting the output and avoiding undefined behavior.",4,0,0,0,,,,,,,,,58.966,,,,,,
d6c2964db3,ollama_gpt-oss_120b,4,"Adds support for additional TC flower filter keys in the Microchip Sparx5 driver’s IS2 VCAP, enabling matching on IPv4/IPv6 addresses, fragments, ports, protocols, VLAN tags, TCP flags, and IP TOS, plus a 128‑bit keyfield for IPv6.",0,0,0,4,,,,,,,,,57.926,,,,,,
d6c47d21a0,ollama_gpt-oss_120b,4,Adds IRQ handling support for Meson S4 SoCs by defining the expanded set of GPIO IRQ lines and their mapping.,0,0,0,4,,,,,,,,,70.275,,,,,,
d6d0c7f681,ollama_gpt-oss_120b,4,"Adds a new cpufeatures flag for AMD PerfMonV2 by parsing CPUID leaf 0x80000022, exposing the capability and PMC count registers so the kernel can use the new performance monitoring hardware.",0,0,0,4,,,,,,,,,64.417,,,,,,
d6dd2fe711,ollama_gpt-oss_120b,4,"Adds code to free the rwi structure when the last reset entry succeeds, eliminating a 32‑byte memory leak introduced by a prior commit.",4,0,0,0,,,,,,,,,61.235,,,,,,
d6f8168e43,ollama_gpt-oss_120b,4,"The patch casts the return value of __fls to unsigned long in the Intel AVS ASoC driver so that the %ld format specifier matches the type on arc, m68k and sparc, eliminating a build‑time warning and allowing the kernel to compile on those architectures.",4,0,0,0,,,,,,,,,60.993,,,,,,
d775155a86,ollama_gpt-oss_120b,4,"The commit renames ice_sriov.c and its header to ice_vf_mbx.c to reflect that the file contains generic VF mailbox code, preparing for future Scalable IOV support.",0,0,4,0,,,,,,,,,59.369,,,,,,
d80afefb17,ollama_gpt-oss_120b,4,"The patch modifies f2fs_inode_info by splitting the existing cp_task field into cp_task (used for FS_CP_DATA_IO accounting) and wb_task (used to avoid deadlocks). This corrects a regression where, with the data_flush mount option, background data‑flush I/O was incorrectly counted as checkpoint I/O.",4,0,0,0,,,,,,,,,65.435,,,,,,
d873697ef2,ollama_gpt-oss_120b,4,"Adds a guard in ieee80211_tx_control_port() to skip __ieee80211_select_queue() when the hardware reports fewer than four queues, fixing a regression that caused invalid queue IDs and association failures on rt2500-pci and similar drivers.",4,0,0,0,,,,,,,,,67.565,,,,,,
d8ca113724,ollama_gpt-oss_120b,3,The commit adds driver support for the Multi‑Gigabit Ethernet (MGBE/XPCS) hardware present in NVIDIA Tegra234 SoCs within the stmmac network driver.,0,0,0,4,,,,,,,,,56.648,,,,,,
d8fa2fd791,ollama_gpt-oss_120b,3,Adds missing string entries for two iavf driver init states so debug prints show correct state names instead of UNKNOWN_STATE.,0,0,4,0,,,,,,,,,60.287,,,,,,
d8fc085509,ollama_gpt-oss_120b,4,"The commit modifies perf inject to copy the kcore_dir directory from the input perf.data into the output file, preserving kallsyms and related files for later analysis.",0,0,0,4,,,,,,,,,61.034,,,,,,
d931686dc2,ollama_gpt-oss_120b,4,"Updates the sun4i_can device‑tree binding to include the common CAN controller binding defined in can-controller.yaml, improving the DT binding documentation.",0,0,4,0,,,,,,,,,55.217,,,,,,
d955cf3df3,ollama_gpt-oss_120b,4,"The commit relocates the Renesas PRR device tree binding file from the soc directory to a new hwinfo directory, grouping chip ID and SoC information under hwinfo for better organization.",0,0,4,0,,,,,,,,,60.16,,,,,,
d9ad805083,ollama_gpt-oss_120b,4,"The patch removes an explicit cast to u8 when comparing two u8 fields (card_8192_version and IC_Cut) against a macro already defined as u8, simplifying the driver code.",0,0,4,0,,,,,,,,,66.014,,,,,,
d9dcb63677,ollama_gpt-oss_120b,4,The patch deletes an unnecessary #include of linux/msi.h from the iommu/of source file because the file does not use any symbols from that header.,0,0,4,0,,,,,,,,,63.778,,,,,,
d9edc4bc67,ollama_gpt-oss_120b,3,"The commit adds a new algorithm for setting BCH ECC geometry when NAND devices have OOB size >1KB, ensuring the bad‑block mark stays within data chunks, and falls back to a separate ECC for metadata if needed.",0,0,0,4,,,,,,,,,64.381,,,,,,
da4363457f,ollama_gpt-oss_120b,4,"The patch wraps the Energy Model‑specific functions cppc_get_cpu_cost and cppc_get_cpu_power in #ifdef CONFIG_ENERGY_MODEL guards, so they are only compiled when the energy model is enabled. This removes the unused‑function warnings that cause build failures and avoids executing unnecessary code when the feature is disabled.",4,0,0,0,,,,,,,,,66.41,,,,,,
da92e03c7f,ollama_gpt-oss_120b,4,"Updates octeontx2-af driver source files to initialize previously uninitialized variables and add checks, removing smatch static analysis warnings about uninitialized symbols and possible ERR_PTR dereferences.",4,0,0,0,,,,,,,,,63.47,,,,,,
daeb1c2b50,ollama_gpt-oss_120b,3,"The commit edits the Exynos850 device‑tree to drop wake‑up interrupt entries that were incorrectly placed in the main device node, keeping only the proper interrupt definition in the pin‑controller node.",4,0,0,0,,,,,,,,,63.361,,,,,,
db45c76bad,ollama_gpt-oss_120b,4,"The patch adds interrupt configuration and handling code for the Micrel ksz9477 PHY driver, aligning it with other Micrel PHYs that already support interrupts.",0,0,0,4,,,,,,,,,58.564,,,,,,
dc09fe1c5e,ollama_gpt-oss_120b,4,"Adds support for the t6000 DART IOMMU page table entry format used in Apple M1 Pro/Max/Ultra SoCs, handling 42‑bit physical addresses and mandatory sub‑page protection by configuring it to allow full‑page access.",0,0,0,4,,,,,,,,,59.667,,,,,,
dc3f4dee81,ollama_gpt-oss_120b,4,"The patch modifies scripts/checkpatch.pl to stop flagging macros that contain a 'case' statement as errors, recognizing that such macros are used in drivers.",4,0,0,0,,,,,,,,,64.989,,,,,,
dca4f5fdbc,ollama_gpt-oss_120b,4,"The patch replaces a manual size calculation in pwc_decompress() with the struct_size() helper, removing a flexible‑struct warning and preventing integer‑overflow scenarios that could lead to heap overflows.",0,4,0,0,,,,,,,,,63.648,,,,,,
dcf23cca93,ollama_gpt-oss_120b,4,"The patch replaces calls to nodes_weight() with nodes_empty() in arch/x86 code where only a check for any set bit is needed, because nodes_empty() can stop early and is more efficient.",0,0,4,0,,,,,,,,,59.455,,,,,,
dd0be8278a,ollama_gpt-oss_120b,4,"Adds a dma-channel-mask property to the Tegra GPCDMA device‑tree node and updates the interrupts list to include all 32 channels, correcting the previous driver limitation to 31 channels.",4,0,0,0,,,,,,,,,63.963,,,,,,
dd2319c618,ollama_gpt-oss_120b,4,"The patch adds checks that, when a KVM x86 vendor module loads, use the corrected KVM_X86_OP annotations to detect and emit warnings if any function pointers in the kvm_x86_ops structure are NULL, preventing possible NULL‑pointer dereferences.",0,4,0,0,,,,,,,,,63.291,,,,,,
dd4516aee3,ollama_gpt-oss_120b,4,"The patch modifies KVM self‑tests by removing the generic vm_xsave_req_perm call, moving it into the amx_test, and adding a parameter to customize which xsave bit is requested, allowing other tests to use it differently.",0,0,4,0,,,,,,,,,62.008,,,,,,
dd51d3a33c,ollama_gpt-oss_120b,4,"The patch updates the VC4 HDMI driver to correctly detect the hdmi_enable_4kp60 configuration flag by replacing the old clk_round_rate() check with clk_get_max_rate(), which now returns the true maximum clock rate after a recent clock subsystem change.",4,0,0,0,,,,,,,,,64.239,,,,,,
ddaefa209c,ollama_gpt-oss_120b,4,"The patch modifies devm_hwmon_device_register_with_info() so that its 'chip' argument must be supplied, preventing drivers from merely renaming calls to the old hwmon_device_register() without providing proper chip information.",0,4,0,0,,,,,,,,,64.072,,,,,,
ddf2a6093c,ollama_gpt-oss_120b,4,"The commit updates the lm90 hardware monitoring driver to replace a left‑shift expression with the BIT macro, improving code readability without altering behavior.",0,0,4,0,,,,,,,,,61.942,,,,,,
de3d098dd1,ollama_gpt-oss_120b,3,"Adds a PowerPC64‑specific module loader check that validates the ELF ABI version of a module before loading, overriding the generic ELF check.",0,4,0,0,,,,,,,,,56.224,,,,,,
de40c281fe,ollama_gpt-oss_120b,4,"The patch switches simple‑KMS helper functions in the simpledrm driver to the standard DRM atomic helpers, removes empty CRTC enable/disable helpers, and always calls drm_atomic_helper_check_plane_state(). No runtime behavior changes, only internal refactoring for better architecture and code reuse.",0,0,4,0,,,,,,,,,60.163,,,,,,
de85193cff,ollama_gpt-oss_120b,4,"Commit replaces manual cancel_delayed_work_sync() in the sbs‑charger driver’s remove() path with devm_delayed_work_autocancel(), which automatically handles cancellation only when the delayed work was initialized, and removes the now‑redundant remove() function.",4,0,0,0,,,,,,,,,59.889,,,,,,
de9d555cb8,ollama_gpt-oss_120b,3,"Adds a call to devlink_port_type_clear() in the mlx4 driver cleanup when devlink_port_type_set() was previously used, ensuring the port type state is properly cleared.",4,0,0,0,,,,,,,,,61.925,,,,,,
dedc215003,ollama_gpt-oss_120b,3,Adds a JPEG decode worker interface in the Media driver to allow three hardware decoders to run in parallel on the MT8195 SoC.,0,0,0,4,,,,,,,,,64.503,,,,,,
df22168207,ollama_gpt-oss_120b,4,"The patch updates the cdce925 clock driver to use the new simple I2C probe mechanism. It replaces the old probe that required an id argument with i2c_match_id to obtain driver data, allowing the driver to be probed via probe_new.",0,0,4,0,,,,,,,,,59.394,,,,,,
dfafa56029,ollama_gpt-oss_120b,3,"The patch replaces a hand‑written delayed‑work implementation in the da9063 driver with the kernel helper devm_delayed_work_autocancel(), shortening the code and using device‑managed resources.",0,0,4,0,,,,,,,,,58.918,,,,,,
dff4ac75ee,ollama_gpt-oss_120b,4,"Moves the handling of the keep_towrite flag from ext4_writepage() to ext4_bio_write_page() so that pages with unwritable buffers retain the TOWRITE tag, preventing WB_SYNC_ALL from skipping them and causing data loss, especially during transaction commit.",4,0,0,0,,,,,,,,,61.151,,,,,,
e004ea1059,ollama_gpt-oss_120b,3,"The commit moves the lookup of a devlink snapshot ID to the caller, simplifying devlink_nl_region_read_snapshot_fill, removing an unused parameter, and enabling early exit on invalid IDs.",0,0,4,0,,,,,,,,,58.394,,,,,,
e0d8259355,ollama_gpt-oss_120b,4,"The commit raises the deprecation delay for SELinux's checkreqprot and runtime‑disable knobs from 5 s to 15 s, making the warning more visible to users still using these deprecated options.",0,0,4,0,,,,,,,,,58.283,,,,,,
e10ab8b394,ollama_gpt-oss_120b,4,"Adds support for up to three CAN-FD channels in the gs_usb driver for STM32G3 devices, increasing the driver’s channel limit from the previous value.",0,0,0,4,,,,,,,,,58.797,,,,,,
e137b81d30,ollama_gpt-oss_120b,4,"The patch deletes the variable 'found_devs' from the qla2xxx SCSI driver because it is only incremented and never used elsewhere, eliminating dead code.",0,0,4,0,,,,,,,,,65.145,,,,,,
e1553351d7,ollama_gpt-oss_120b,4,"The patch deletes VPRINTK debug prints in libata and removes the ata_scsi_dump_cdb() helper because tracepoints already provide the same information, cleaning up redundant code.",0,0,4,0,,,,,,,,,56.834,,,,,,
e1a863cddb,ollama_gpt-oss_120b,3,"The commit corrects a kernel-doc comment in drivers/hv/vmbus_drv.c so the documented prototype matches the actual __vmbus_child_driver_register function, eliminating a build warning.",0,0,4,0,,,,,,,,,59.708,,,,,,
e1c6a7ec14,ollama_gpt-oss_120b,3,"The patch relaxes the requirement to hold the iSCSI back_lock when calling iscsi_get_task, adding logic to detect the final put before freeing the task, aiming to reduce lock contention and improve performance.",0,0,4,0,,,,,,,,,55.595,,,,,,
e1e7bc481d,ollama_gpt-oss_120b,4,"The patch rewrites DRM EDID logging to use device‑specific macros (drm_kms_dbg, drm_err), adds a standardized connector identifier format [CONNECTOR:%d:%s], passes connector structures where needed, and condenses tile debug output to a single line, improving consistency and readability.",0,0,4,0,,,,,,,,,64.045,,,,,,
e200904b27,ollama_gpt-oss_120b,4,"The commit refactors PCI power management by extracting the post‑delay portion of pci_power_up() into a new helper pci_set_full_power_state(), called only where needed, eliminating redundant work for one caller.",0,0,4,0,,,,,,,,,58.87,,,,,,
e20b77c14b,ollama_gpt-oss_120b,3,"The patch updates the i915 driver to drop Intel Ice Lake (ICL) specific Thunderbolt AUX power well definitions and adopt the generic TBT1‑4 names from the hardware specification, cleaning up power domain handling.",0,0,4,0,,,,,,,,,58.383,,,,,,
e24ccaaf7e,ollama_gpt-oss_120b,4,"The patch deletes the remaining IDE driver documentation files that were left after the IDE driver removal, consolidating the changes with a prior documentation cleanup commit.",0,0,4,0,,,,,,,,,56.538,,,,,,
e2b993302f,ollama_gpt-oss_120b,4,"The patch modifies amdgpu_display_framebuffer_init to skip tiling‑flag validation when virtual display (vkms) is enabled, because vkms lacks FB modifiers, thereby removing a warning on GFX9+ hardware.",4,0,0,0,,,,,,,,,58.634,,,,,,
e2efb6359e,ollama_gpt-oss_120b,4,"Adds a hypervisor check to skip the WBINVD cache‑flush in ACPI sleep handling, because inside VMs it is unnecessary and on TDX guests triggers a #VE exception.",4,0,0,0,,,,,,,,,64.522,,,,,,
e3d5ea2c01,ollama_gpt-oss_120b,4,"The patch tightens tcp_read_sock() by detecting a bad return from recv_actor(), emitting a one‑time warning and forcing progress to avoid an infinite loop.",4,0,0,0,,,,,,,,,57.72,,,,,,
e47877c7aa,ollama_gpt-oss_120b,4,"Changes rhashtable synchronization from bh‑safe to irq‑safe, updating lock/unlock helpers to return flags and accept them directly, allowing the hash table to be used in interrupt context.",0,0,0,4,,,,,,,,,56.257,,,,,,
e52432e164,ollama_gpt-oss_120b,3,Adds an explicit length check before memset in vtpm_proxy_fops_read to silence a GCC -Warray-bounds warning and make the code safe if proxy_dev->req_len changes.,0,4,0,0,,,,,,,,,59.075,,,,,,
e5933cf487,ollama_gpt-oss_120b,4,"The commit updates the yas530 IIO driver to use DEFINE_RUNTIME_DEV_PM_OPS() and pm_ptr() macros, enabling the compiler to drop the dev_pm_ops structure and related functions when CONFIG_PM is disabled, removing the need for __maybe_unused annotations.",0,0,4,0,,,,,,,,,55.736,,,,,,
e59b3c730b,ollama_gpt-oss_120b,4,The commit updates RTC driver source files to include <linux/kstrtox.h> instead of <linux/kernel.h> because the kstrto* conversion functions were relocated to the new header.,0,0,4,0,,,,,,,,,55.816,,,,,,
e5da651985,ollama_gpt-oss_120b,4,"The commit adds calls to sdma_v5_2_enable(false) during hw_fini and re‑enables it after resume when running under SRIOV, ensuring the shared SDMA engine is correctly reset and preventing premature use during resume.",4,0,0,0,,,,,,,,,62.554,,,,,,
e5f969dd93,ollama_gpt-oss_120b,3,"The patch adds a generic timeout function interface to the MediaTek JPEG decoder driver, enabling handling of hardware timeouts.",0,0,0,4,,,,,,,,,62.793,,,,,,
e5fc78252c,ollama_gpt-oss_120b,4,"Adds capability for AMD DRM driver to enter low‑power zstate during the extra vertical blank period created by FreeSync video mode, calculating available time and adjusting registers, with restore on exit.",0,0,0,4,,,,,,,,,64.493,,,,,,
e60414644c,ollama_gpt-oss_120b,4,"The commit deletes the ipa_fw_mem reserved memory node from the trogdor device tree overlay, eliminating a memory region overlap that caused a boot-time error on trogdor boards.",4,0,0,0,,,,,,,,,62.27,,,,,,
e63b81aef2,ollama_gpt-oss_120b,3,"The patch updates Btrfs's merge_state function to replace direct rb_next/rb_prev traversal of the extent I/O tree with the next_state/prev_state helper functions, simplifying and cleaning up the code.",0,0,4,0,,,,,,,,,65.142,,,,,,
e688ba3e27,ollama_gpt-oss_120b,4,"The commit updates the function pointer prototype for hqd_destroy() so its third parameter type matches the actual implementations (enum kfd_preempt_type), eliminating a kernel CFI type mismatch that caused a runtime failure on certain GPUs.",4,0,0,0,,,,,,,,,63.679,,,,,,
e6b0337513,ollama_gpt-oss_120b,4,"The commit updates the arm64 device tree for the Meson SM1 Odroid board, correcting the GPIO pin and setting it to open‑drain for the tf‑io regulator, which eliminates the boot loop that occurs after a reboot.",4,0,0,0,,,,,,,,,62.929,,,,,,
e730558adf,ollama_gpt-oss_120b,3,"The patch consolidates duplicated fsnotify logic for handling events on child inodes when the parent inode has a mark without FS_EVENT_ON_CHILD. It moves this handling into the mark type iterator preparation, excluding the parent mark type and correcting mask clearing and event ignoring issues.",4,0,0,0,,,,,,,,,63.183,,,,,,
e75d5ae8ab,ollama_gpt-oss_120b,4,"Adds support for multiple BAR configurations (0, 2, 4) in NTB endpoint function, storing BAR numbers in ntb_epf_data so different VID/PID can select appropriate mapping, increasing flexibility of memory BAR mapping.",0,0,0,4,,,,,,,,,57.028,,,,,,
e79368b15d,ollama_gpt-oss_120b,4,Updates the STM32 pinctrl device‑tree binding: renames the property from 'reset' to the correct 'resets' and adds 'additionalProperties: false' to the schema.,4,0,0,0,,,,,,,,,68.302,,,,,,
e7b060460f,ollama_gpt-oss_120b,4,Adds propagation of timestamping flags in the IPv6 ping (ping6) implementation so that requested packet timestamps are actually delivered.,0,0,0,4,,,,,,,,,68.094,,,,,,
e8c81d649a,ollama_gpt-oss_120b,4,"Adds a compatible entry for the Microchip Icicle reference design in the RISC‑V device‑tree bindings, documenting the FPGA fabric version it targets.",0,0,0,4,,,,,,,,,59.534,,,,,,
e92a216d16,ollama_gpt-oss_120b,4,"Adds proper error handling in rio_register_mport(): on device_register() failure it releases the device reference with put_device() so the name allocated by dev_set_name() is freed, and removes the port from rio_mports list.",4,0,0,0,,,,,,,,,61.487,,,,,,
e945c653c8,ollama_gpt-oss_120b,4,"The patch separates kernel‑only capability flags from the user‑visible ib_device::device_cap_flags, introduces a new kernel_cap_flags bitmap, adds explanatory comments, and drops unused flags, clarifying the API boundary.",0,0,4,0,,,,,,,,,59.054,,,,,,
e950329880,ollama_gpt-oss_120b,3,"The patch modifies ath9k_hw_resettxqueue to silence a GCC‑12 array‑bounds warning about accessing txq[32] on a 10‑element array, likely via a cast, pragma, or index adjustment, without changing runtime behavior.",0,0,4,0,,,,,,,,,73.111,,,,,,
e973746882,ollama_gpt-oss_120b,4,"The patch updates KVM's CPUID handling for x86 so that when the base XFD feature flag is not reported, the per‑state‑component XFD bits (sub‑function i of CPUID 0Dh) are cleared, ensuring KVM's CPUID output respects the Intel XFD dependency.",4,0,0,0,,,,,,,,,61.327,,,,,,
e9b67ec2d3,ollama_gpt-oss_120b,4,"Adds explicit linux/highmem.h and linux/swap.h includes where needed, enabling removal of the indirect linux/i2c.h include from i915_drv.h and cleaning up header dependencies.",0,0,4,0,,,,,,,,,68.841,,,,,,
ea5872dd6b,ollama_gpt-oss_120b,3,"Adds a boolean flag in the mlx5 driver to remember whether the vport ACL namespace has been created, so it is not freed and recreated on each e-switch mode change; it is only freed on driver unload or bare‑metal mode.",0,0,4,0,,,,,,,,,61.914,,,,,,
eab25b4f93,ollama_gpt-oss_120b,3,Adds logic to the bq25892 driver to read the usb_type property from an external charger‑detecting power‑supply device and set the IINLIM register accordingly.,0,0,0,4,,,,,,,,,59.514,,,,,,
eb47b59afb,ollama_gpt-oss_120b,3,"The patch replaces all occurrences of SERIAL_XMIT_SIZE with UART_XMIT_SIZE in the serial subsystem, removing the duplicate macro and standardizing on UART_XMIT_SIZE.",0,0,4,0,,,,,,,,,60.625,,,,,,
ebca1b8056,ollama_gpt-oss_120b,4,"Refactors the KVM self‑test xapic_ipi_test to stop using *_VCPU_ID macros, switching vm_create_with_one_vcpu to vm_create_with_vcpus() and passing struct kvm_vcpu pointers instead of numeric IDs, simplifying the test code.",0,0,4,0,,,,,,,,,64.334,,,,,,
ebddb14049,ollama_gpt-oss_120b,4,"The patch extracts the nearly identical NAT execution code from OVS and TC, places it in a new netfilter file nf_nat_ovs.c, and exports nf_ct_nat() for shared use, while keeping OVS/TC‑specific checks and flag updates. It also standardizes protocol extraction via skb_protocol().",0,0,4,0,,,,,,,,,56.526,,,,,,
ebe62df7c5,ollama_gpt-oss_120b,3,The patch removes direct calls to the internal da7219_aad_jack_det() function in the Rockchip ASoC driver and replaces them with the generic component->set_jack() API.,0,0,3,0,,,,,,,,,57.835,,,,,,
ec1d7e6ab9,ollama_gpt-oss_120b,4,"Deletes several unused AVIC function prototypes from kvm_x86_ops after they were removed during a switch to optional static calls, with no impact on kernel behavior.",0,0,4,0,,,,,,,,,64.374,,,,,,
ec80906b0f,ollama_gpt-oss_120b,4,"The patch updates the self‑test script test_lirc_mode2.sh to return a non‑zero exit status when the user test fails and to correctly handle the LIRCDEV check by quoting the variable, ensuring proper skip behavior under bash -n.",4,0,0,0,,,,,,,,,61.169,,,,,,
ec868592f5,ollama_gpt-oss_120b,4,"The patch deletes the obsolete enum odm_bw from the r8188eu driver, retaining the equivalent ht_channel_width enum, thus removing redundancy.",0,0,4,0,,,,,,,,,58.799,,,,,,
ec906102e5,ollama_gpt-oss_120b,4,"The commit updates the perf test suite for the ""perf stat CSV output linter"" (test 83) to handle the different CSV field count on s390 by replacing a Python comma‑counting script with a Bash function, making the test pass on that architecture.",4,0,0,0,,,,,,,,,59.712,,,,,,
ed482dc8c7,ollama_gpt-oss_120b,4,"Adds an explicit gpiolib header include to the midas_wm811 ASoC driver, removing reliance on indirect inclusion and preventing compilation errors in some kernel configurations.",4,0,0,0,,,,,,,,,63.165,,,,,,
ed81d3de8e,ollama_gpt-oss_120b,4,"The commit fixes the AD4130 driver sysfs documentation formatting by converting the mode list into a bullet list with blank lines, eliminating Sphinx indentation warnings.",0,0,4,0,,,,,,,,,60.428,,,,,,
ed823991c6,ollama_gpt-oss_120b,4,The commit adds support for the RPC-IF module clock on the Renesas R8A779G0 SoC and corrects a table alignment issue in the RPCSRC internal clock definition.,0,0,0,4,,,,,,,,,54.025,,,,,,
edb854a368,ollama_gpt-oss_120b,4,"The patch reallocates the SCSI device's budget_map after slave_configure() updates the queue depth, ensuring the map size matches the actual hardware limits and avoids unnecessary memory allocation.",4,0,0,0,,,,,,,,,63.404,,,,,,
edc6938f7b,ollama_gpt-oss_120b,3,Removes a register write in GV100 shader exception initialization to align the driver with the reference RM behavior.,4,0,0,0,,,,,,,,,68.217,,,,,,
ee3e3ac05c,ollama_gpt-oss_120b,4,"The commit adds an extensible rseq ABI. It makes the kernel expose the supported rseq feature size and required alignment to user-space via ELF auxiliary vectors, allowing registration with the original 32‑byte struct or larger structs.",0,0,0,4,,,,,,,,,60.298,,,,,,
ee74fdf0ca,ollama_gpt-oss_120b,3,"The patch updates the sun8i-ss crypto driver to replace pm_runtime_get_sync calls with pm_runtime_resume_and_get, using a more suitable runtime‑PM API and simplifying the code.",0,0,4,0,,,,,,,,,64.008,,,,,,
ee9aded6d3,ollama_gpt-oss_120b,4,"Updates two vt6655 driver macros, renaming the variable wData to reg_value to comply with kernel naming conventions and satisfy checkpatch.pl.",0,0,4,0,,,,,,,,,56.324,,,,,,
eed9f513bf,ollama_gpt-oss_120b,4,"The patch refactors the hisi_sas SCSI driver by having slave_configure_v3_hw() call the existing hisi_sas_slave_configure() function, eliminating duplicated code.",0,0,4,0,,,,,,,,,58.573,,,,,,
ef1a0808a2,ollama_gpt-oss_120b,4,"Renames parameters of amdgpu_ring_init in both header and source so that the declaration and definition use identical names (ring_size → max_dw, prio → hw_prio).",0,0,4,0,,,,,,,,,58.277,,,,,,
ef61b6ea15,ollama_gpt-oss_120b,3,"The patch modifies the Bluetooth driver suspend routine to always set the event mask after successful disconnects, ensuring the mask is applied even when wakeup is disabled, preventing premature wakeups.",4,0,0,0,,,,,,,,,60.001,,,,,,
efb6402c3c,ollama_gpt-oss_120b,4,"Adds a 1 MiB upper bound and overflow‑safe calculations for the temporary OSS PCM conversion buffer, preventing vmalloc() from exceeding INT_MAX and triggering WARN_ON, addressing a syzbot‑reported overflow.",4,0,0,0,,,,,,,,,62.96,,,,,,
f0052d7a1e,ollama_gpt-oss_120b,4,"Adds support for the Quectel EM05‑G USB modem in the option driver, handling its two USB configurations (RMNET and MBIM) and the associated interfaces.",0,0,0,4,,,,,,,,,58.795,,,,,,
f059b46e6f,ollama_gpt-oss_120b,4,"Adds a new power‑supply driver for the uPI uG3105 battery monitor, integrating it into the kernel's power subsystem for x86/ACPI platforms.",0,0,0,4,,,,,,,,,59.426,,,,,,
f074732d59,ollama_gpt-oss_120b,3,"The patch changes hugetlb_cgroup_from_page() to operate on folios, updates __remove_hugetlb_page() accordingly, and deletes the unused hugetlb_cgroup_from_page_resv() helper.",0,0,4,0,,,,,,,,,56.53,,,,,,
f0b6d3cc29,ollama_gpt-oss_120b,4,"The patch raises the hard‑reset delay in the Gaudi2 driver from 500 ms to 2 s so that firmware and preboot finish before registers are accessed, preventing premature register reads.",4,0,0,0,,,,,,,,,59.101,,,,,,
f0e34d2625,ollama_gpt-oss_120b,4,"The patch modifies the i2c remove callback of the jsa1212 light driver to return 0 instead of an error, because the driver already reports errors in its power_off routine. This eliminates a duplicate error message from the i2c core and prepares the driver for future callbacks that return void.",0,0,4,0,,,,,,,,,59.78,,,,,,
f110ed8498,ollama_gpt-oss_120b,4,"The patch moves the fixed‑file install/remove helpers into the filetable subsystem and changes their API to accept a context (ctx) instead of an io_kiocb, reflecting that the operation is not tied to a specific request.",0,0,4,0,,,,,,,,,68.533,,,,,,
f1d0821bf3,ollama_gpt-oss_120b,4,"Adds an IOCTL interface to the Xilinx firmware driver so users can enable/disable runtime features and query or set their configuration, capabilities that did not exist before.",0,0,0,4,,,,,,,,,57.985,,,,,,
f2701e0ffd,ollama_gpt-oss_120b,4,"Adds a dt-binding documentation entry for the ti,set-io-isolation property of the wkup_m3_ipc node, explaining its use to enable IO isolation during low‑power transitions on am43xx platforms.",0,0,4,0,,,,,,,,,69.209,,,,,,
f28d42663e,ollama_gpt-oss_120b,3,"The patch changes the allocation of the i915 scratch page from device (GT) memory to system memory on every platform, aiming for a uniform configuration and lower device memory usage.",0,0,4,0,,,,,,,,,69.169,,,,,,
f2c5092190,ollama_gpt-oss_120b,4,"The patch disables allocation of per‑CPU softirq stacks on PREEMPT_RT kernels, because PREEMPT_RT already runs softirqs on the regular kernel stack via __do_softirq(). This removes unused memory usage and guarantees do_softirq_own_stack() is never invoked.",0,0,4,0,,,,,,,,,58.312,,,,,,
f2fed022aa,ollama_gpt-oss_120b,4,"The patch replaces a hand‑written swap operation in the ia64 module code with the generic swap() macro from include/linux/minmax.h, simplifying the implementation without altering functionality.",0,0,4,0,,,,,,,,,58.12,,,,,,
f30ff35f62,ollama_gpt-oss_120b,3,"The patch changes jbd2_submit_inode_data() to invoke the filesystem‑provided j_submit_inode_data_buffers hook instead of the hard‑coded jbd2_journal_submit_inode_data_buffers, letting ext4 fastcommit use ext4_writepages() rather than generic_writepages().",0,0,4,0,,,,,,,,,61.217,,,,,,
f3116f2e52,ollama_gpt-oss_120b,4,"Updates the device‑tree binding documentation for the NXP i.MX8MQ VPU, separating G1 and G2 decoder blocks into distinct nodes that share only the vpu‑blk‑ctrl power domain.",0,0,4,0,,,,,,,,,68.417,,,,,,
f31e3c204d,ollama_gpt-oss_120b,4,"The patch frees the allocated soc_dev_attr structure when of_property_read_string() fails in mxs_machine_init(), preventing a memory leak on error paths.",4,0,0,0,,,,,,,,,57.94,,,,,,
f33b56d370,ollama_gpt-oss_120b,4,"Fixes ov5640 driver frame‑rate reporting: previously ov5640_try_frame_interval() assumed a universal 60 fps max, but only VGA mode supports it. The patch uses each mode's max_fps field to initialise maxfps, ensuring correct frame‑rate values are reported to users.",4,0,0,0,,,,,,,,,63.521,,,,,,
f346f32701,ollama_gpt-oss_120b,4,"The commit updates the MAINTAINERS file to add Helge Deller as the maintainer for the fbdev subsystem, reflecting a change in responsibility.",0,0,4,0,,,,,,,,,60.912,,,,,,
f38b3c6a78,ollama_gpt-oss_120b,4,The commit fixes whitespace by properly indenting lines in the handle_ctrl_vlan() function of the vdpa/mlx5 driver.,0,0,4,0,,,,,,,,,59.176,,,,,,
f3ac888fc5,ollama_gpt-oss_120b,3,The commit adds code to the SCMI cpufreq driver that detects when power values are expressed in micro‑Watts (as per SCMI v3.1) and converts them before passing to the Energy Model.,0,0,0,4,,,,,,,,,62.359,,,,,,
f3c2682bad,ollama_gpt-oss_120b,4,"Adds a generic notifier_block for VM fork events, exposing register/unregister functions so drivers like WireGuard can be informed when a VM forks; becomes a no‑op when the feature is not compiled.",0,0,0,4,,,,,,,,,60.154,,,,,,
f3e90c1ca9,ollama_gpt-oss_120b,4,"Removes the Btrfs extent writepage address space callback, which was only used for single‑page writeback from kswapd and caused inefficient random dirty‑page shoot‑down; the code is eliminated to rely on normal background writeback.",0,4,0,0,,,,,,,,,68.882,,,,,,
f4c6d22c6c,ollama_gpt-oss_120b,4,"The commit deletes a stray comment about an unfinished ""arbitrary monitoring target support"" feature that was unintentionally introduced in mm/damon due to patch reordering.",0,0,4,0,,,,,,,,,57.403,,,,,,
f4d1f2142a,ollama_gpt-oss_120b,4,"The commit renames or adjusts macros for the TRCIDR3 register in the ETM4x coresight driver to follow the sysreg.h naming convention (register name + field name + _MASK), improving code readability without changing generated code.",0,0,4,0,,,,,,,,,59.583,,,,,,
f4e526ff7e,ollama_gpt-oss_120b,3,"The patch extracts PAS handling from __mdt_load() into a dedicated helper, removing a boolean flag and simplifying the MDT loader API so callers can invoke PAS directly and manage its metadata.",0,0,4,0,,,,,,,,,63.51,,,,,,
f51debc256,ollama_gpt-oss_120b,4,Adds a Chinese translation of the vm/page_frags.rst documentation file.,0,0,0,0,,,,,,,,,65.623,,,,,,
f55fbb6afb,ollama_gpt-oss_120b,3,"The commit changes IPv4 route handling to reject routes whose rtm_tos contains ECN bits, by replacing the fc_tos field with a dscp_t type, ensuring ECN bits no longer affect route matching.",4,0,0,0,,,,,,,,,68.605,,,,,,
f5c0b4f304,ollama_gpt-oss_120b,4,"The patch removes the unused 'task' argument from functions invoked via do_arch_prctl_common() on x86, because those functions only operate on the current task, simplifying the API.",0,0,4,0,,,,,,,,,64.215,,,,,,
f624506f98,ollama_gpt-oss_120b,3,"The patch removes the EXPORT_SYMBOL for kthread_blkcg, limiting its visibility to the core kernel because it is only used by built‑in blk‑cgroup code.",0,0,4,0,,,,,,,,,56.35,,,,,,
f67be8b7ee,ollama_gpt-oss_120b,4,"Adds three regmap_field helper functions (set_bits, clear_bits, test_bits) as static inline or regular functions to simplify simple bit operations that were previously performed via regmap_field_update_bits.",0,0,4,0,,,,,,,,,62.317,,,,,,
f6e109a0af,ollama_gpt-oss_120b,4,"Updates kernel documentation to highlight the count helper functions for fwnode and device property arrays, informing developers about these shortcuts.",0,0,4,0,,,,,,,,,64.42,,,,,,
f716113aac,ollama_gpt-oss_120b,3,"Adds extra checks in the AMDGPU driver discovery code to verify table signatures, checksums and existence before access, and temporarily disables the MALL table.",0,4,0,0,,,,,,,,,60.945,,,,,,
f728eb3a50,ollama_gpt-oss_120b,4,"The patch changes several functions in the AMD display driver to static and removes an unused function, eliminating sparse -Wmissing-prototypes warnings.",0,0,4,0,,,,,,,,,62.054,,,,,,
f792a3629f,ollama_gpt-oss_120b,4,"The patch adds a free() for the fw_control_ex structure when pm8001_chip_fw_flash_update_build() fails, eliminating a memory leak in the pm8001 SCSI driver.",4,0,0,0,,,,,,,,,53.257,,,,,,
f93e2a100e,ollama_gpt-oss_120b,4,"The patch adds a NULL‑pointer check after a kzalloc() call in the SGI‑IP22 MIPS driver, handling allocation failure to avoid dereferencing a NULL pointer.",0,4,0,0,,,,,,,,,58.748,,,,,,
f9599127dd,ollama_gpt-oss_120b,4,"The patch deletes the HMM_BO_SHARE enum/value from the atomisp driver because the HMM buffer object implementation never supports it, removing dead code.",0,0,4,0,,,,,,,,,60.22,,,,,,
f98c5ec251,ollama_gpt-oss_120b,4,"Adds a guard in drm/v3d job cleanup to avoid dereferencing a NULL BO pointer when v3d_lookup_bos fails; ensures job->bo is non‑NULL before iteration and notes drm_gem_object_put already handles NULL, removing redundant checks.",4,0,0,0,,,,,,,,,61.11,,,,,,
f9b0593dd4,ollama_gpt-oss_120b,3,"The commit rewrites the mixel,mipi-dsi-phy device tree binding into a JSON‑schema format, adding assigned‑clocks properties and making power‑domains mandatory, to satisfy dtbs_check.",0,0,4,0,,,,,,,,,59.801,,,,,,
f9b62f9843,ollama_gpt-oss_120b,3,"Adds runtime checks for the IEEE80211_P2P_ATTR_CHANNEL_LIST attribute in the wilc1000 driver to ensure the buffer is large enough for a variable‑sized struct, preventing out‑of‑bounds writes.",4,0,0,0,,,,,,,,,57.218,,,,,,
f9cdf41306,ollama_gpt-oss_120b,4,"The patch corrects the selection of the port used to send VBT packets on Intel dual‑link DSI displays. It changes the code to use the per‑port bitmask in intel_dsi->ports rather than an incorrect mask, ensuring the right physical port is chosen.",4,0,0,0,,,,,,,,,58.568,,,,,,
fa1ef24ae2,ollama_gpt-oss_120b,4,"The patch modifies the thermal governor code to replace a deprecation warning about the userspace governor with an informational message that suggests using netlink thermal events, because the userspace governor is still required on production systems.",0,0,4,0,,,,,,,,,55.886,,,,,,
fa374ddba2,ollama_gpt-oss_120b,4,"The patch changes the DSI PHY driver to store direct clk_hw pointers instead of formatting parent clock names, simplifying management and reducing lookup overhead.",0,0,4,0,,,,,,,,,60.806,,,,,,
fa6fde350b,ollama_gpt-oss_120b,4,"The patch updates the xdp_bpf2bpf self‑test by removing the deprecated CHECK macro and replacing it with ASSERT* macros, cleaning up the test code.",0,0,4,0,,,,,,,,,68.268,,,,,,
faab292951,ollama_gpt-oss_120b,4,"Adds support to set the color space on the rkisp1 resizer sink pad and, for Bayer pass‑through mode, forces YCbCr encoding to Rec 601 and quantization to full range, propagating the settings unchanged.",0,0,0,4,,,,,,,,,61.301,,,,,,
fab6f4904e,ollama_gpt-oss_120b,4,"The patch deletes the IWL_DEVICE_BZ_COMMON macro and merges its sole usage into the IWL_DEVICE_BZ macro, simplifying the iwlwifi configuration code.",0,0,4,0,,,,,,,,,59.296,,,,,,
fb036ad7db,ollama_gpt-oss_120b,4,"Increases the default memory allocation in torture.sh from 1 GB to 2 GB so that KASAN testing, which requires at least 2 GB, can run successfully.",4,0,0,0,,,,,,,,,57.158,,,,,,
fb197474ed,ollama_gpt-oss_120b,4,"Adds correct device‑tree compatible strings for SSD130x I2C controllers and deprecates the older “fb”/“-i2c” variants, improving driver matching semantics.",0,0,4,0,,,,,,,,,61.481,,,,,,
fb4f4f4256,ollama_gpt-oss_120b,4,"The patch modifies the AMDGPU PSP driver termination code to release allocated memory when the unload operation fails, eliminating a memory leak.",4,0,0,0,,,,,,,,,58.361,,,,,,
fba6767c2d,ollama_gpt-oss_120b,4,Implements driver logic to recognise different A619 GPU speedbins (SKUs) and configure appropriate frequency ranges for each hardware variant.,0,0,0,4,,,,,,,,,60.261,,,,,,
fbfc4ca465,ollama_gpt-oss_120b,3,"Updates the STM32 nvmem driver config to include STM32MP15_BSEC_NUM_LOWER, preparing support for the upcoming STM32MP SoC variant.",0,0,0,4,,,,,,,,,58.639,,,,,,
fc04dafd26,ollama_gpt-oss_120b,3,Updates mnt_idmapping to replace old non‑type‑safe helper functions with new type‑safe equivalents for mapped filesystem UID/GID handling.,0,0,4,0,,,,,,,,,59.998,,,,,,
fc5004e5d4,ollama_gpt-oss_120b,3,"The patch moves a read‑only array used for V4L2 control ranges from stack allocation to a static definition, reducing stack usage and shrinking generated object code.",0,0,4,0,,,,,,,,,56.835,,,,,,
fcdc03f78d,ollama_gpt-oss_120b,4,"The commit removes obsolete declarations from the s390 compatibility header (compat_linux.h) that were made redundant by a prior change to use a generic UID16 implementation, and generally tidies up the small header file.",0,0,4,0,,,,,,,,,63.945,,,,,,
fd0fcdf33d,ollama_gpt-oss_120b,4,The patch removes an unnecessary include of the deprecated <linux/of_gpio.h> header from Mediatek DRM drivers because the code does not use any symbols from it.,0,0,4,0,,,,,,,,,61.079,,,,,,
fd3040b939,ollama_gpt-oss_120b,4,Adds support for the Sunplus SP7021 Ethernet controller by introducing a new driver in the net/ethernet subsystem.,0,0,0,4,,,,,,,,,59.679,,,,,,
fd3d91ab1c,ollama_gpt-oss_120b,4,The patch fixes a use‑after‑free in dvb‑core caused by a race between dvb_demux_open and dvb_dmxdev_release by adding an exit‑flag check and protecting the release path with a mutex.,4,0,0,0,,,,,,,,,62.958,,,,,,
fd8b330ce1,ollama_gpt-oss_120b,4,"Removes an unintended duplicate definition of tcp_wmem_schedule, fixing a compilation failure caused by the duplicate symbol.",4,0,0,0,,,,,,,,,62.432,,,,,,
fe23b6bbea,ollama_gpt-oss_120b,4,Adds a check for the return value of alloc_workqueue() in nintendo_hid_probe and implements error handling to avoid null dereference.,4,0,0,0,,,,,,,,,69.309,,,,,,
fea62d370d,ollama_gpt-oss_120b,3,"Adds a reset helper for per‑rmid architecture‑specific storage and calls it when a new rmid is first allocated, clearing hidden state that could otherwise persist beyond the rmid's lifetime.",4,0,0,0,,,,,,,,,62.149,,,,,,
ffc58bc4af,ollama_gpt-oss_120b,4,"Replaces explicit struct list_head initialization with the LIST_HEAD() macro in the Hyper-V utils driver, simplifying the code.",0,0,4,0,,,,,,,,,62.797,,,,,,
