hash,annotator,understand,purpose,bfc,bpc,prc,nfc,specification,asc,obvious,safety,timing,memory,info,safety_exp,time,see_commit_clicked,lore_clicked,lore_founded,is_merge_commit,is_part_patchset,lore_found
002752af7b,ollama_gpt-oss_120b,4,"Adds IS_ERR_OR_NULL checks to fwnode APIs and updates macros so error pointers can be passed safely, avoiding dereference of invalid handles and ensuring proper fallback handling.",0,4,0,0,,,,,,,,,69.841,,,,,,
00aaca3d07,ollama_gpt-oss_120b,4,"Updates the QMP PHY devicetree binding YAML to correct the child node description from per‑lane to per‑PHY, improving documentation accuracy.",0,0,4,0,,,,,,,,,59.867,,,,,,
00fa7f031d,ollama_gpt-oss_120b,4,"The commit introduces infrastructure for Firmware Assisted Memory (FAMS) switching: adds shutdown flag, new DMUB commands, capability fields, helper functions, and integration points across DC core, hardware sequence, resource handling, and FPU calculations.",0,0,0,4,,,,,,,,,90.629,,,,,,
016017a195,ollama_gpt-oss_120b,3,"Adds a CONFIG_UML guard around x86‑specific caching code in ttm_module.c so the driver compiles on User‑Mode Linux, fixing a build‑time error.",4,0,0,0,,,,,,,,,56.889,,,,,,
01c3f0387c,ollama_gpt-oss_120b,4,"Adds const qualification to static arrays of qcom_icc_bcm pointers in the SC8280XP interconnect driver, making them immutable because they are never modified, enhancing safety.",0,4,2,0,,,,,,,,,73.268,,,,,,
0209b5830b,ollama_gpt-oss_120b,4,"Adds CONFIG_32BIT guards to SBI PMU ecall arguments so that 64‑bit values are correctly split on RV32, fixing wrong argument handling in 32‑bit builds.",4,0,0,0,,,,,,,,,61.137,,,,,,
0255571a16,ollama_gpt-oss_120b,4,"The commit replaces direct accesses to perf_cpu_map structures with the official perf_cpu_map API across perf tools, adding loops using the API and improving reference‑count handling.",0,0,4,0,,,,,,,,,87.876,,,,,,
0263256791,ollama_gpt-oss_120b,3,"The patch adds tracepoints for DMA allocation and free paths, refactors the allocation helpers to pass the caller name, introduces wrapper macros that embed __func__, and updates trace event definitions to record the caller. This enables runtime tracing of DMA operations for debugging.",0,0,0,4,,,,,,,,,60.364,,,,,,
0285042fed,ollama_gpt-oss_120b,4,"The patch refactors the cs42l42 driver by separating the probe into bus‑specific, common, and register‑initialisation stages, introduces a common_probe helper, an init function, and an init_done flag, and updates remove/suspend handling to avoid register accesses before initialization, preparing the driver for SoundWire support.",0,0,4,0,,,,,,,,,72.578,,,,,,
029d6586dc,ollama_gpt-oss_120b,4,"Adds a device‑tree node for the QCOM sc7280 Data Capture and Compare (DCC) hardware, defining compatible strings and register address ranges.",0,0,0,4,,,,,,,,,59.913,,,,,,
0301bcd599,ollama_gpt-oss_120b,4,"The patch replaces direct (void *) casts of const pointers with (void *)(uintptr_t) casts and removes unnecessary casts when passing data to dma_map_single, ensuring proper de‑consting and compilation on stricter systems.",0,0,4,0,,,,,,,,,66.173,,,,,,
034921cdea,ollama_gpt-oss_120b,4,"The patch refactors vfio_ap_find_queue to use the AP bus's ap_get_qdev() hash‑table lookup instead of driver_find_device iteration, removing the match function and improving lookup efficiency.",0,0,4,0,,,,,,,,,64.281,,,,,,
038efb6348,ollama_gpt-oss_120b,4,Fixes NFSv4.2 CLONE handling where a zero‑length clone incorrectly set the destination inode size to zero by computing the correct count from the server‑provided size.,4,0,0,0,,,,,,,,,68.203,,,,,,
039d5d4db4,ollama_gpt-oss_120b,4,"Adds a static inline get_snr() function to extract the Signal‑to‑Noise Ratio from the wcn36xx receive descriptor, enabling future use such as implementing mac80211 get_survey().",0,0,0,4,,,,,,,,,64.675,,,,,,
03a6b195e8,ollama_gpt-oss_120b,3,"The patch changes RAID5 stripe handling to use full bio_init/uninit instead of partial initialization and later bio_set_dev/op_attrs and bio_reset, removing pre‑initialization loops and simplifying bio handling.",0,0,4,0,,,,,,,,,59.727,,,,,,
03eb65224e,ollama_gpt-oss_120b,4,"The patch removes an unnecessary backslash at the end of a line in the spr_cstates[] flags definition, simplifying the code without altering behavior.",0,0,4,0,,,,,,,,,59.493,,,,,,
03f16cd020,ollama_gpt-oss_120b,4,"Introduces CONFIG_OBJTOOL, replaces CONFIG_STACK_VALIDATION usages, adds HAVE_OBJTOOL config, updates Kconfig selections, Makefile, scripts and packaging to support objtool as an optional feature.",0,0,0,4,,,,,,,,,64.924,,,,,,
03fdb11da9,ollama_gpt-oss_120b,3,"The patch changes descriptor read/write helpers to use __le32 pointers instead of u32, fixing sparse-reported endianness type mismatches and ensuring correct byte order conversion.",4,0,0,0,,,,,,,,,77.088,,,,,,
0414441259,ollama_gpt-oss_120b,4,"The commit corrects a misspelling in the SCSI ChangeLog documentation, changing 'caste' to 'cast' in a comment about format specifiers.",0,0,4,0,,,,,,,,,55.835,,,,,,
044034efbe,ollama_gpt-oss_120b,4,"Updates the i.MX fractional‑N GPPLL rate table, changing the mfd field from 0 to 1 for several entries because the hardware specification disallows a zero value, preventing illegal register programming.",4,0,0,0,,,,,,,,,70.553,,,,,,
046545a661,ollama_gpt-oss_120b,4,"Fixes incorrect error code returned by kill_accessing_process() when a page is already hardware-poisoned, preventing duplicate SIGBUS and spurious ""Memory error not recovered"" messages.",4,0,0,0,,,,,,,,,64.49,,,,,,
04c439b367,ollama_gpt-oss_120b,4,"Updates the snvs-lpgpr devicetree binding YAML to list both specific i.MX8M compatible strings and the fallback fsl,imx7d-snvs-lpgpr, correcting the documentation of compatible properties.",0,0,4,0,,,,,,,,,57.745,,,,,,
04e0456f77,ollama_gpt-oss_120b,3,"The patch removes an unnecessary dev_err call after devm_ioremap_resource, because the helper already logs errors, cleaning up duplicate logging.",0,0,4,0,,,,,,,,,63.323,,,,,,
04e551d66d,ollama_gpt-oss_120b,4,"Adds mrouter port support to the Sparx5 Ethernet driver, introducing a flag, handling multicast flooding, a switchdev attribute, pgid updates, and clearing logic to enable ports to act as multicast routers.",0,0,0,4,,,,,,,,,59.084,,,,,,
0519f73adb,ollama_gpt-oss_120b,4,"The commit renames the struct xilinx_pcie_port to xilinx_pcie and updates all related code, comments, and function signatures to follow the <driver>_pcie naming convention, without altering functionality.",0,0,4,0,,,,,,,,,55.36,,,,,,
0537692bbe,ollama_gpt-oss_120b,4,"The patch removes an unused variable and a dev_vdbg debug print from qmp_combo_init, cleaning up verbose logging and dead code.",0,0,4,0,,,,,,,,,56.636,,,,,,
0542aac494,ollama_gpt-oss_120b,3,"The commit replaces the old .txt device‑tree binding for a GPIO IR LED transmitter with a new .yaml schema file and updates MAINTAINERS to reference it, converting the documentation to the DT schema format.",0,0,4,0,,,,,,,,,66.326,,,,,,
059ee82b64,ollama_gpt-oss_120b,3,"The patch modifies unx_lookup_cred() to allocate the credential structure with kmalloc using rpc_task_gfp_mask(), and only falls back to mempool for async lookups, matching rpc_malloc() behavior and fixing allocation failures.",4,0,0,0,,,,,,,,,58.372,,,,,,
05b90d2404,ollama_gpt-oss_120b,3,"Adds two new compatible strings (lenovo,thinkpad-x13s and qcom,sc8280xp-crd) to the QCOM device‑tree binding documentation, extending the list of supported sc8280xp devices.",0,0,3,0,,,,,,,,,68.736,,,,,,
05f333b746,ollama_gpt-oss_120b,4,"Adds a device‑tree node for the Qualcomm SM8150 Ethernet (ethqos) controller, defining compatible string, registers, clocks, interrupts, power domain, resets, IOMMU, and default disabled status.",0,0,0,4,,,,,,,,,67.088,,,,,,
069fc464f1,ollama_gpt-oss_120b,4,"Replace magic shift constant 9 with PAGE_SECTORS_SHIFT macro and drop unnecessary cast in read_part_sector, improving readability and maintainability.",0,0,4,0,,,,,,,,,72.372,,,,,,
0704a8586f,ollama_gpt-oss_120b,4,"The commit updates the DASD driver’s sysfs handling to use the newer default_groups field instead of default_attrs, adding ATTRIBUTE_GROUPS macro and adjusting the kobj_type struct accordingly.",0,0,4,0,,,,,,,,,50.95,,,,,,
079c4c0c6c,ollama_gpt-oss_120b,3,"The patch replaces manual read‑modify‑write code for DVO enable/disable with the generic intel_de_rmw() helper and switches to intel_de_posting_read(), improving consistency and safety of register accesses.",0,0,4,0,,,,,,,,,62.153,,,,,,
081e8432ad,ollama_gpt-oss_120b,4,"Deletes the hisilicon,hi6220-reset devicetree binding file because the related controllers are already documented elsewhere, removing duplicate documentation.",0,0,4,0,,,,,,,,,77.017,,,,,,
085292c3d7,ollama_gpt-oss_120b,4,"Reverts a prior change that set num_pipe_per_me to 2, restoring it to 1 to stop graphics hangs on Navi 21 with GNOME Wayland.",4,0,0,0,,,,,,,,,58.871,,,,,,
088c840599,ollama_gpt-oss_120b,4,"Adds a wrapper struct to store the __iomem pointer, updates init and mapping functions to use it, and eliminates sparse address‑space conversion warnings.",0,0,4,0,,,,,,,,,55.47,,,,,,
08a987a8a0,ollama_gpt-oss_120b,4,"Adds CRIU support for discovering SVM ranges: new struct fields, info function, and integration in kfd_chardev to report count and size, plus header prototypes.",0,0,0,4,,,,,,,,,78.551,,,,,,
09570c5010,ollama_gpt-oss_120b,4,"Adds a new boolean field submission_initialized to intel_guc, uses it to track GuC submission initialization instead of the LRC descriptor pool pointer, and updates init/fini logic accordingly. Improves code clarity and state tracking.",0,0,4,0,,,,,,,,,66.02,,,,,,
0966d38583,ollama_gpt-oss_120b,4,"Adds a helper to validate the true 32‑bit offset range for auipc+jalr relocations and replaces the previous signed‑32‑bit check, fixing incorrect range rejection on RISC‑V.",4,0,0,0,,,,,,,,,56.647,,,,,,
09e7af76db,ollama_gpt-oss_120b,4,"Adds error handling for clk_enable in davinci_mmc resume: stores return value, checks for failure, returns error if clk_enable fails, preventing continuation on error.",4,0,0,0,,,,,,,,,69.367,,,,,,
0a068f4a71,ollama_gpt-oss_120b,4,"Adds missing asterisks in comment blocks of trace_events_hist.c to fix clang ""bad line"" warnings, a cosmetic comment correction.",0,0,4,0,,,,,,,,,54.558,,,,,,
0a3a4b9d2b,ollama_gpt-oss_120b,3,"The patch enlarges the 'name' buffer in exynos_mct driver from 10 to 11 characters and adds a comment, fixing truncation when timer IDs exceed two digits, ensuring correct printing of mct_tick per CPU.",4,0,0,0,,,,,,,,,59.697,,,,,,
0a5bfb824a,ollama_gpt-oss_120b,4,"Fixes a hang after KVM VM migration on PowerPC by initializing the decrementer expiry relative to the guest timebase when TB_OFFSET is set, and removes the previous default initialization.",4,0,0,0,,,,,,,,,60.797,,,,,,
0adc2ab0e8,ollama_gpt-oss_120b,3,"Adds f2fs_io_flags() to compute I/O flags during bio allocation, replacing earlier direct flag attachment, to keep flags consistent and avoid I/O splitting between fio holders.",4,0,0,0,,,,,,,,,60.23,,,,,,
0b046e12ae,ollama_gpt-oss_120b,3,"The patch replaces a compound page check with PageHead() in compound_range_next(), removing a redundant order test and simplifying the logic.",0,0,4,0,,,,,,,,,68.278,,,,,,
0b465150b3,ollama_gpt-oss_120b,4,"Removes HAL_DEF_IS_SUPPORT_ANT_DIV handling from GetHalDefVar8188EUsb, adds rtw_antenna_diversity helper, updates callers, and deletes the enum entry, as part of cleaning up the HAL layer.",0,0,4,0,,,,,,,,,58.883,,,,,,
0b55f6bc46,ollama_gpt-oss_120b,3,"The patch corrects DSC bits_per_pixel handling in the DPU hardware configuration by removing incorrect fractional‑bit extraction and directly writing the 6.4‑format value, fixing the register calculation.",4,0,0,0,,,,,,,,,67.155,,,,,,
0b8ff0ba27,ollama_gpt-oss_120b,3,"The commit rewrites the perf test script to use the built‑in thloop workload instead of compiling a custom C program, removing the need for a compiler and simplifying the test.",0,0,4,0,,,,,,,,,59.082,,,,,,
0b94f2651f,ollama_gpt-oss_120b,3,"Adds a guard in hci_cmd_sync_queue to abort command queuing when the device is being unregistered, returning -ENODEV to avoid use‑after‑free crashes.",4,0,0,0,,,,,,,,,57.096,,,,,,
0bd5ab511e,ollama_gpt-oss_120b,4,"The patch adds a likely() hint to the XDP_REDIRECT/TX check in ice_clean_rx_irq_zc, restructures the control flow, and moves bookkeeping statements, aiming to help the compiler generate better‑predicted branches and improve performance.",0,0,4,0,,,,,,,,,69.517,,,,,,
0c51e12e21,ollama_gpt-oss_120b,3,"The patch adds an arp_invalidate() helper with a force flag and calls it when broadcast routes are added, clearing stale unicast neighbour entries that caused packet drops.",4,0,0,0,,,,,,,,,63.671,,,,,,
0c7833b9e8,ollama_gpt-oss_120b,4,"The commit deletes an unnecessary #include <asm/termios.h> from drivers/tty/n_hdlc.c because linux/tty.h already provides the needed termios definitions, simplifying header usage.",0,0,4,0,,,,,,,,,84.247,,,,,,
0c9ee5ba75,ollama_gpt-oss_120b,4,"The patch changes brcmstb_reset() from a global to a static function, eliminating a -Wmissing-prototypes compiler warning in the sdhci‑brcmstb driver; it does not modify runtime behavior.",0,0,4,0,,,,,,,,,69.747,,,,,,
0c9f178778,ollama_gpt-oss_120b,4,"The commit deletes all guest‑PASID related UAPI structures, helper functions and driver callbacks from the IOMMU core and headers, because they are unused and will be replaced by the new iommufd design.",0,0,4,0,,,,,,,,,74.493,,,,,,
0ca18d09c7,ollama_gpt-oss_120b,4,"Adds return‑value check for mmc_add_host() in moxart driver, freeing allocated host on error to avoid memory leak and crash.",4,0,0,0,,,,,,,,,59.495,,,,,,
0d8928a94b,ollama_gpt-oss_120b,4,"The patch replaces a 64‑bit modulo operation that required the undefined __umoddi3 helper on i386 with div_u64_rem, fixing a build‑time undefined symbol error for the amdgpu driver.",4,0,0,0,,,,,,,,,88.705,,,,,,
0dc33c6583,ollama_gpt-oss_120b,3,"The patch removes the storage of encryption keys in macsec flow structures, passes the key directly to transformation functions, and deletes related copies and zeroing, preventing key duplication and improving security.",4,0,0,0,,,,,,,,,77.614,,,,,,
0e3f72931f,ollama_gpt-oss_120b,4,"Replaces kmalloc with kvmalloc (and kfree with kvfree) for vhost/vsock packet buffers, preventing allocation failures for large packets (e.g., 32 KB) that caused SFTP over vsock crashes.",4,0,0,0,,,,,,,,,64.931,,,,,,
0e597e2aff,ollama_gpt-oss_120b,4,"The patch removes DP83822_RX_ERR_HF_INT_EN from the interrupt mask in dp83822_config_intr, disabling the RX error high‑frequency interrupt that caused an interrupt flood when the RCSR register filled, because the driver never reads/clears that register.",4,0,0,0,,,,,,,,,63.164,,,,,,
0ebdc51787,ollama_gpt-oss_120b,4,"Adds the compatible string ""aries,m100pfsevp"" to the RISC-V Microchip devicetree bindings YAML, documenting support for the Aries Embedded M100PFSEVP platform.",0,0,4,0,,,,,,,,,65.937,,,,,,
0ef882074e,ollama_gpt-oss_120b,4,"Adds runtime DSP path creation and freeing support to the Intel AVS ASoC driver, introducing path.c implementation, path.h API, new fields in avs_dev, and Makefile update to compile the new module.",0,0,0,4,,,,,,,,,84.691,,,,,,
0f12a22f37,ollama_gpt-oss_120b,3,"Adds a conditional to always flush the TLB on Vega20+XGMI GPUs because PTEs can be cached in the texture cache, preventing stale entries from causing stalls.",4,0,0,0,,,,,,,,,65.748,,,,,,
0f60740652,ollama_gpt-oss_120b,4,Adds support for Allwinner H616 USB PHY by defining a new configuration struct with its specific quirks and registering a compatible device tree entry.,0,0,0,4,,,,,,,,,56.685,,,,,,
0f9fa5f58c,ollama_gpt-oss_120b,4,"Adds support for the IVO M133NW4J-R3 eDP panel by inserting a new entry in the edp_panels array, using an existing timing macro due to missing documentation.",0,0,0,4,,,,,,,,,60.984,,,,,,
0fa32dad1e,ollama_gpt-oss_120b,4,"Renames the KVM self‑test evmcs_test to hyperv_evmcs, updates .gitignore and Makefile accordingly, aligning naming with other Hyper‑V tests.",0,0,4,0,,,,,,,,,56.973,,,,,,
10377bb293,ollama_gpt-oss_120b,4,"Adds the static qualifier to the of_match tables in arizona I2C and SPI drivers, making them internal after the tables were split and are no longer exported.",0,0,4,0,,,,,,,,,61.118,,,,,,
1038fd78a1,ollama_gpt-oss_120b,4,"Adds infrastructure for KPP template instances, defining struct kpp_instance, free handling, registration helper, and associated kernel-doc helpers, enabling future template‑based key‑agreement algorithms.",0,0,0,4,,,,,,,,,61.249,,,,,,
10a2199caf,ollama_gpt-oss_120b,4,"The patch reorders IRQ registration in the imx‑rngc driver, moving devm_request_irq after imx_rngc_irq_mask_clear to avoid handling a stale SEED_DONE interrupt that caused premature completion and a kernel crash during boot.",4,0,0,0,,,,,,,,,64.394,,,,,,
10a872375d,ollama_gpt-oss_120b,4,"The commit cleans up the QMP PHY devicetree binding YAML by removing redundant description fields, replacing them with boolean true, and tightening array size constraints, resulting in clearer documentation without changing kernel behavior.",0,0,4,0,,,,,,,,,55.411,,,,,,
1140f96cd4,ollama_gpt-oss_120b,4,"Updates ADI ADC device‑tree binding docs to add AD7927, clarify AD7923/AD7924 relationship, deprecate AD7924, and restructure compatible property with oneOf schema.",0,0,4,0,,,,,,,,,60.194,,,,,,
116c3f4a78,ollama_gpt-oss_120b,4,"The commit raises the max_brightness value for the Dream Cheeky HID LED from 31 to 63, correcting the previously too‑low default based on empirical testing.",4,0,0,0,,,,,,,,,69.354,,,,,,
11c2bf4a20,ollama_gpt-oss_120b,3,"Adds a default case to mvebu_pcie_hw_rd_conf() that returns all‑ones and PCIBIOS_BAD_REGISTER_NUMBER for unsupported read sizes, mirroring the write path.",4,0,0,0,,,,,,,,,55.098,,,,,,
1280d4b76f,ollama_gpt-oss_120b,4,"Removes the local bit_reverse function in lib/packing.c, replaces its use with the generic bitrev8() from linux/bitrev.h, adds BITREVERSE selection in Kconfig, and updates includes to reduce code duplication.",0,0,4,0,,,,,,,,,83.925,,,,,,
1299a129a9,ollama_gpt-oss_120b,3,"The patch reorders initialization: it calls local_flush_tlb_all() right after setup_ptwalker() and before page allocation, and moves output_pgtable_bits_defines() into tlb_init(). This prevents stale TLB entries that caused the second kernel of kexec/kdump to fail booting SMP.",4,0,0,0,,,,,,,,,59.368,,,,,,
12a824dc67,ollama_gpt-oss_120b,4,"The patch adds a per‑fiemap cache for backref sharedness checks, introduces cache structs and helper functions, updates the shared‑extent detection routine to use the cache, allocates the cache in extent_fiemap, and tracks root‑drop generations to keep cache validity.",0,0,4,0,,,,,,,,,69.156,,,,,,
12aeaaba08,ollama_gpt-oss_120b,4,"Updates perf c2c documentation to include the 'N/A' store metric, adding explanatory text and adjusting the report table.",0,0,4,0,,,,,,,,,69.0,,,,,,
1300eec9e5,ollama_gpt-oss_120b,4,"The commit moves the definitions and exports of mach_hwclk, mach_get_rtc_pll, and mach_set_rtc_pll from generic setup files into arch/m68k/kernel/time.c, ensuring they are present only when needed, fixing undefined reference errors during compilation of nommu m68k with CONFIG_RTC_DRV_GENERIC.",4,0,0,0,,,,,,,,,67.046,,,,,,
130fc180a4,ollama_gpt-oss_120b,3,"Adds a function to free allocated enclosure structures and calls it during driver unload and controller reset, eliminating a memory‑leak issue.",4,0,0,0,,,,,,,,,55.393,,,,,,
131a79b474,ollama_gpt-oss_120b,3,"Fixes race and double‑free issues in hugetlb vma lock handling during VMA splitting and range unmapping by allocating a fresh lock for duplicated VMAs, adjusting lock acquisition/release, and making the lock a condition for PMD sharing.",4,0,0,0,,,,,,,,,77.044,,,,,,
133e2d3e81,ollama_gpt-oss_120b,3,"Adds support for switching to a different time namespace during a vfork+exec sequence by detecting vfork completion, invoking timens_on_fork after exec, and relaxing clone flag checks, without introducing a new clone flag.",0,0,0,4,,,,,,,,,74.167,,,,,,
1397af5bfd,ollama_gpt-oss_120b,3,"The commit removes the per‑CPU dying list from conntrack, deletes related structures and functions, switches to the per‑net dying list, adjusts unconfirmed list handling, and sets IPS_CONFIRMED earlier to avoid double unlinking.",0,0,4,0,,,,,,,,,87.363,,,,,,
13a4223df8,ollama_gpt-oss_120b,4,"The commit fixes a duplicated word 'is' in a comment of ab8500_fg.c, changing 'is is' to 'is' in the function documentation.",0,0,4,0,,,,,,,,,61.891,,,,,,
14b9397240,ollama_gpt-oss_120b,3,Adds firmware‑derived I2C timing support to the DesignWare PCI driver by invoking i2c_parse_fw_timings and removing hard‑coded bus frequency.,0,0,0,4,,,,,,,,,63.418,,,,,,
15e15d64bd,ollama_gpt-oss_120b,3,"The commit adds handling for the X86_FEATURE_XENPV CPU feature in disabled-features.h, defining a macro based on CONFIG_XEN_PV and incorporating it into the disabled feature mask.",0,0,0,4,,,,,,,,,61.714,,,,,,
15e67227c4,ollama_gpt-oss_120b,3,"The commit adds a new CPU feature flag X86_FEATURE_RETHUNK, updates disabled‑features, and implements code to optionally rewrite compiler‑generated return‑thunk jumps to RET, with corresponding sections and module handling, allowing systems affected by the previous return‑thunk patch to avoid it.",4,0,0,0,,,,,,,,,65.302,,,,,,
1634602627,ollama_gpt-oss_120b,4,"Adds AVDD and MICVDD supply properties to the rt5682s devicetree binding YAML, documenting required regulators and updating examples.",0,0,4,0,,,,,,,,,69.402,,,,,,
1644dfe727,ollama_gpt-oss_120b,3,"The patch removes redundant resetting of architecture‑specific control arrays in set_mba_sc() and instead resets mbps_val[] within reset_all_ctrls(), simplifying the code path for MBA software controller handling.",0,0,4,0,,,,,,,,,57.185,,,,,,
1645e7b966,ollama_gpt-oss_120b,4,"The patch renames the vkms_composer struct to vkms_frame_info throughout the vkms driver, updating all field accesses and related variable names. It also adjusts comments and a warning check, but does not alter functionality.",0,0,4,0,,,,,,,,,62.324,,,,,,
16a54d4ee7,ollama_gpt-oss_120b,4,"The patch updates fbcon's sysfs show functions to use sysfs_emit instead of snprintf, changing two return statements to the newer helper for sysfs output.",0,0,4,0,,,,,,,,,66.142,,,,,,
16b1941eac,ollama_gpt-oss_120b,4,"The patch removes assignments to udc->dev.driver in the USB gadget UDC core, keeping the driver pointer NULL and eliminating a race that caused a use‑after‑free in dev_uevent, directly fixing the syzbot‑reported bug.",4,0,0,0,,,,,,,,,56.832,,,,,,
16ed828b87,ollama_gpt-oss_120b,4,"Adds missing iounmap() in zorro7xx_remove_one() to release a mapping allocated during probe, fixing a resource leak.",4,0,0,0,,,,,,,,,75.899,,,,,,
1724cc38e7,ollama_gpt-oss_120b,4,"The patch renames the .set_fmt_new callback in the jz4740 I2S driver back to the standard .set_fmt name, reflecting the core’s migration to the new direct‑clock specification.",0,0,4,0,,,,,,,,,65.059,,,,,,
17580de3e2,ollama_gpt-oss_120b,4,"The patch restructures the OnDisassoc function in the r8188eu driver, moving the non‑AP handling path out of the main if‑statement, adding an early return and reorganizing variable declarations to simplify the logic without altering behavior.",0,0,4,0,,,,,,,,,61.876,,,,,,
176c0b55d9,ollama_gpt-oss_120b,3,"Adds intel_async_flip_check_uapi to perform early async‑flip validation, introduces basic checks (CRTC active, modeset required, plane enabled), renames existing async check and integrates it into the atomic check flow.",0,4,0,0,,,,,,,,,71.949,,,,,,
17edb8e1e3,ollama_gpt-oss_120b,4,"The patch drops kernel-doc comments from static functions in drm_edid.c, replacing them with plain C comments while preserving the explanatory text.",0,0,4,0,,,,,,,,,66.226,,,,,,
1844c79c4d,ollama_gpt-oss_120b,3,"The patch updates the spear keyboard driver to replace the deprecated SIMPLE_DEV_PM_OPS macro with DEFINE_SIMPLE_DEV_PM_OPS, uses pm_sleep_ptr, and removes __maybe_unused from suspend/resume functions, eliminating compiler warnings.",0,0,4,0,,,,,,,,,59.826,,,,,,
18451db82e,ollama_gpt-oss_120b,4,"Adds rdma_get_udp_sport inline helper to compute UDP source port from a GRH flow label or, if absent, from local/remote QP numbers, exposing a new API in ib_verbs.h.",0,0,0,4,,,,,,,,,57.328,,,,,,
18489174e4,ollama_gpt-oss_120b,4,"Adds support for the on‑board RT711 SDCA audio codec on MeteorLake (MTL) platforms by extending the DMI quirk table, defining ACPI endpoint/ADR structures, and registering a new machine entry with the appropriate topology file.",0,0,0,4,,,,,,,,,64.158,,,,,,
192bb40f03,ollama_gpt-oss_120b,4,"The patch replaces the firmware‑aware MCR wait function with a non‑fw version that acquires and releases uncore->lock internally, updates callers, adds lockdep assertion, and fixes a race where the caller previously omitted the lock.",4,0,0,0,,,,,,,,,54.611,,,,,,
1968f2be5c,ollama_gpt-oss_120b,4,"Adds support for a new AMD PMC controller version by defining a new CPU ID (AMD_CPU_ID_CB) and handling it throughout the driver (PCI/ACPI IDs, register reads, debugfs, OS hint, probing).",0,0,0,4,,,,,,,,,66.182,,,,,,
1a048cde49,ollama_gpt-oss_120b,4,"The patch updates the r8188eu driver to use the generic ieee80211_get_DA helper instead of the driver‑specific get_da, adding a header cast and adjusting the comparison. This aligns the driver with the common mac80211 API.",0,0,4,0,,,,,,,,,61.335,,,,,,
1a8339c6bd,ollama_gpt-oss_120b,4,"Adds a new compatible string for the Elan eth3915n touchscreen controller in the devicetree binding documentation, enabling kernel to recognize this hardware variant.",0,0,0,4,,,,,,,,,65.373,,,,,,
1ab586f517,ollama_gpt-oss_120b,4,"Replace scnprintf with sysfs_emit in mcdi_logging_show to follow sysfs guidelines, improving correctness of sysfs output handling.",0,0,4,0,,,,,,,,,86.285,,,,,,
1ac7fd8159,ollama_gpt-oss_120b,3,"Adds support for Intel LBR format V7 (Goldmont plus/Tremont) by adding capability flags to x86_pmu, implementing intel_pmu_lbr_init() to set them, refactoring LBR handling to use these flags, and invoking the init from core.",0,0,0,4,,,,,,,,,67.519,,,,,,
1b0a54b3e8,ollama_gpt-oss_120b,4,"The patch merges the LED_871x struct into led_priv, removing the nested struct and updating all code to use the unified led_priv structure for LED handling in the r8188eu driver.",0,0,4,0,,,,,,,,,59.415,,,,,,
1b0c84a32e,ollama_gpt-oss_120b,3,"The patch changes the read of the capability word from a 64‑bit nn_readq to a 32‑bit nn_readl because the address is not qword aligned, avoiding exceptions on some architectures.",4,0,0,0,,,,,,,,,52.729,,,,,,
1b6345d416,ollama_gpt-oss_120b,4,"Ensures consistency between NFT_SET_CONCAT flag and field_count in nf_tables set creation: if multiple fields are specified without the flag, or the flag is set without field_count, the commit returns -EINVAL, adding validation.",0,4,0,0,,,,,,,,,59.964,,,,,,
1b929c02af,ollama_gpt-oss_120b,4,"Updates Makefile to set PATCHLEVEL to 2, adds '-rc1' EXTRAVERSION, and changes the NAME string, preparing the 6.2 release candidate.",0,0,0,0,,,,,,,,,51.896,,,,,,
1bd9dfec9f,ollama_gpt-oss_120b,3,"The patch restores x2AVIC support by allowing APIC MSR writes for registers other than ICR in x2APIC mode, removing a warning and adjusting the write path in kvm_apic_write_nodecode.",4,0,0,0,,,,,,,,,62.196,,,,,,
1c075b192f,ollama_gpt-oss_120b,4,"The patch corrects the length check in tipc_nl_compat_name_table_dump_header by casting sizeof(struct tipc_name_table_query) to int, ensuring proper handling when TLV_GET_DATA_LEN returns a negative value, fixing a KMSAN uninitialized‑value bug reported by syzbot.",4,0,0,0,,,,,,,,,58.104,,,,,,
1c0bd03532,ollama_gpt-oss_120b,4,"Adds compatible strings for the Altera Stratix10 SoC Development Kit in two device tree files, allowing the kernel to recognize and support this board.",0,0,0,4,,,,,,,,,58.123,,,,,,
1c33f8508b,ollama_gpt-oss_120b,3,"Adds avdd-0v9-supply and avdd-1v8-supply properties to the HDMI node and renames regulator nodes to match the hardware schematic, eliminating a kernel warning about missing supplies.",4,0,0,0,,,,,,,,,72.376,,,,,,
1c796caff0,ollama_gpt-oss_120b,4,"Renames the IIO test Kconfig entry and corresponding Makefile variable to IIO_FORMAT_KUNIT_TEST, aligning with the CONFIG_<name>_KUNIT_TEST naming convention required by KUnit.",0,0,4,0,,,,,,,,,63.214,,,,,,
1cec8bbc17,ollama_gpt-oss_120b,3,"The patch updates a KVM arm64 self‑test to use the proper KVM_GUESTDBG_ENABLE constant instead of the unrelated SINGLE_STEP_DISABLE enum, clarifying intent without altering runtime behavior.",0,0,4,0,,,,,,,,,56.63,,,,,,
1dcf37365e,ollama_gpt-oss_120b,4,"The commit replaces the legacy .txt device‑tree binding for Qualcomm GSBI with a new .yaml DT schema file, deleting the old text file and adding the schema that defines properties, examples, and validation rules.",0,0,4,0,,,,,,,,,66.782,,,,,,
1e029397d1,ollama_gpt-oss_120b,4,"The patch splits protection handling into separate read and configure steps, moves configuration to the end of device discovery, removes a duplicated revalidate call, and simplifies logging, thereby cleaning up the DIF/DIX workflow.",0,0,4,0,,,,,,,,,79.545,,,,,,
1ed914e341,ollama_gpt-oss_120b,3,"Adds audio support for the RZ/G2UL SMARC EVK by defining SSI1 pinmux, linking CPU DAI to SSI1, and conditionally enabling the SSI1 node in the device tree.",0,0,0,4,,,,,,,,,66.399,,,,,,
1ee6c5abeb,ollama_gpt-oss_120b,4,"Removes the forced IRQF_TRIGGER_RISING flag in the ath10k SNOC driver, allowing the interrupt type to be set via Device Tree, which resolves bind failures on hardware where the interrupt is level high.",4,0,0,0,,,,,,,,,65.759,,,,,,
1f2cfdd349,ollama_gpt-oss_120b,3,"The patch removes the erroneous __user qualifier from the buffer argument of proc_dointvec_minmax_sysadmin, restoring the correct function signature after it was moved to printk/sysctl.c.",4,0,0,0,,,,,,,,,58.38,,,,,,
1f4d8ae231,ollama_gpt-oss_120b,4,"Adds full GPIO interrupt support to the Microchip PCI1xxxx driver: includes interrupt header, defines new register offsets, implements irq_ack, irq_mask/unmask, irq_set_type, an IRQ handler, registers an irq_chip, and requests the IRQ in the driver setup.",0,0,0,4,,,,,,,,,59.636,,,,,,
1f74399fd1,ollama_gpt-oss_120b,4,"Removes an unused work_struct field from struct mlx5e_async_ctx in the kTLS transmit code, cleaning up dead code.",0,0,4,0,,,,,,,,,69.151,,,,,,
1fc4fa2ac9,ollama_gpt-oss_120b,4,"The patch fixes a congestion‑management bug in RxRPC where a zero cwnd persisted across calls, causing stalls. It replaces cwnd with ssthresh, adds idle‑reset logic based on RTT, tracks last transmission time, updates structures and trace events, and adjusts related code paths.",4,0,0,0,,,,,,,,,76.568,,,,,,
1fe5ebc4e1,ollama_gpt-oss_120b,4,"The commit relocates three inline helper functions (btrfs_root_readonly, btrfs_root_dead, btrfs_root_id) from accessors.h to ctree.h, where the btrfs_root structure is defined, to keep related code together and simplify syncing with btrfs-progs.",0,0,4,0,,,,,,,,,60.387,,,,,,
2019bf7cd2,ollama_gpt-oss_120b,4,"The commit adds a case for IP_VERSION(13,0,9) in amdgpu_discovery_set_ip_blocks, assigning the SMUIO function table, thereby enabling support for the new SMUIO hardware block.",0,0,0,4,,,,,,,,,77.498,,,,,,
203bcac9bf,ollama_gpt-oss_120b,3,"The patch raises the max average DRAM bandwidth usage percentage for DCN315 from 30% to 60% to resolve DML validation failures when multiple HDR displays are connected, aligning it with DCN31 values.",4,0,0,0,,,,,,,,,73.327,,,,,,
208cc9fe6f,ollama_gpt-oss_120b,4,"The patch changes the 4 GB boundary check to use the DMA address of memory pools instead of the virtual address, updating the helper function signature and all call sites accordingly, fixing a condition that could cause out‑of‑range DMA operations.",4,0,0,0,,,,,,,,,70.992,,,,,,
20ea94bc53,ollama_gpt-oss_120b,3,Adds a dt-binding property 'us-euro-gpios' to describe a GPIO used for selecting CTIA/OMTP headset mode on the wcd938x codec.,0,0,0,4,,,,,,,,,59.617,,,,,,
21234e3a84,ollama_gpt-oss_120b,3,"The patch reorders error‑cleanup in mlx5e_fs_init(): it now frees VLAN structures before kvfree’ing the flow‑steering object, preventing a use‑after‑free that could occur on initialization failure.",4,0,0,0,,,,,,,,,59.276,,,,,,
212ad7cb7d,ollama_gpt-oss_120b,3,"The patch restores proper peer cleanup for station disconnect on QCA6390/WCN6855 by conditionally skipping only the WMI_PEER_DELETE command, fixing a use‑after‑free caused by missing peer->sta nulling.",4,0,0,0,,,,,,,,,71.592,,,,,,
21457f4a91,ollama_gpt-oss_120b,4,"The commit deletes the unused rxrpc_kernel_get_reply_time function, its prototype, and documentation because the call issue time is now used instead of reply time.",0,0,4,0,,,,,,,,,55.689,,,,,,
216d1a8013,ollama_gpt-oss_120b,4,"The commit updates Luca Ceresoli’s maintainer email address from the personal domain to the Bootlin address in three devicetree binding YAML files, reflecting the preferred contact information.",0,0,4,0,,,,,,,,,65.171,,,,,,
21cdd6a0e8,ollama_gpt-oss_120b,4,Fixes probe() error handling in mpfs musb driver by returning proper negative error codes on allocation and phy registration failures.,4,0,0,0,,,,,,,,,58.957,,,,,,
21ce2c121f,ollama_gpt-oss_120b,4,"The commit moves registration of netdevice and switchdev notifiers from each device probe to module initialization, preventing duplicate notifier registration when multiple ADIN1110/2111 devices are present, thus eliminating probe warnings and failures.",4,0,0,0,,,,,,,,,59.229,,,,,,
2274c3b281,ollama_gpt-oss_120b,3,"The patch removes the inefficient jfs_writepage function and replaces it with the generic buffer_migrate_folio helper, updating the address_space_operations struct accordingly.",0,0,4,0,,,,,,,,,83.026,,,,,,
227f25972c,ollama_gpt-oss_120b,4,"Adds support for the new SCD_QUEUE_CONFIG_CMD introduced in newer firmware, extending the queue allocation API to use station masks and new flags, updates driver structures, config handling, and tx queue allocation logic to work with both old and new command versions, and ensures queues are removed before stations.",0,0,0,4,,,,,,,,,68.189,,,,,,
228f324dc7,ollama_gpt-oss_120b,4,"Adds a new helper function virt_get_pte_hva to obtain the host virtual address of a PTE for a given guest virtual address, and refactors addr_arch_gva2gpa to use this function.",0,0,0,4,,,,,,,,,61.53,,,,,,
22dd7a58b2,ollama_gpt-oss_120b,4,"The commit removes deprecated perf buffer APIs, deletes alias and versioned wrapper functions, simplifies option structs, and updates the libbpf symbol map, cleaning up the perf buffer interface.",0,0,4,0,,,,,,,,,64.517,,,,,,
2307a0e1ca,ollama_gpt-oss_120b,4,"The patch adds USB audio quirk entries for Fiero SC-01 devices with firmware v1.0.0 (48 kHz and 96 kHz), mirroring the existing v1.1.0 quirks, and registers corresponding flags, thereby enabling proper operation of these devices.",0,0,0,4,,,,,,,,,58.714,,,,,,
2327337b88,ollama_gpt-oss_120b,3,"The patch deletes the io_run_task_work() call at the start of io_uring_enter, postponing task work until after submissions to improve batching and overall performance.",0,0,4,0,,,,,,,,,59.86,,,,,,
23347c90e2,ollama_gpt-oss_120b,4,"Reorganizes OMAP3 clock nodes in DTS files, adding a ti,clksel parent node and clock-output-names to match updated clock driver bindings and eliminate device‑tree warnings.",0,0,4,0,,,,,,,,,66.24,,,,,,
233eb8d689,ollama_gpt-oss_120b,4,"Corrects a misspelled word in a comment in fs/ocfs2/quota_global.c, changing ""exlusive"" to ""exclusive"".",0,0,4,0,,,,,,,,,63.442,,,,,,
2397f780e1,ollama_gpt-oss_120b,4,"The patch rewrites try_to_free_swap and its helper to operate on struct folio instead of struct page, using folio helpers and removing compound_head calls, reducing kernel text size by about 74 bytes.",0,0,4,0,,,,,,,,,82.406,,,,,,
23cc6d8c37,ollama_gpt-oss_120b,3,"Changes cfg80211_auth_request.key_idx from unsigned u8 to signed s8, allowing -1 sentinel for NULL key and removing static checker warnings.",0,4,0,0,,,,,,,,,71.423,,,,,,
23dca7a900,ollama_gpt-oss_120b,3,"Adds a boolean reset flag to WED TX/RX ring setup functions and updates all call sites, preparing the driver for future reset handling of the Wireless Ethernet Dispatcher.",0,0,4,0,,,,,,,,,80.732,,,,,,
23e085b2de,ollama_gpt-oss_120b,3,"Adds CAP_SYS_ADMIN checks to NVMe ioctl commands (reset, subsystem reset, rescan) so only privileged users can invoke them, matching existing passthrough restrictions.",0,4,0,0,,,,,,,,,57.365,,,,,,
2485c12c98,ollama_gpt-oss_120b,4,"Adds CRIU restore support for AMD GPU driver by passing queue private data to queue creation functions and allowing allocation of SDMA queues with a specific sdma_id, restoring the same IDs used during checkpoint.",0,0,0,4,,,,,,,,,79.941,,,,,,
24873b8859,ollama_gpt-oss_120b,3,"The patch removes the HW_VAR_AC_PARAM_VI enum and its handling in SetHwReg8188EU, replacing the indirect SetHwReg call with a direct rtw_write32 in the WMMOnAssocRsp path, cleaning up unused code.",0,0,4,0,,,,,,,,,55.513,,,,,,
249369e931,ollama_gpt-oss_120b,4,Replaces snprintf with sysfs_emit/sysfs_emit_at in MHI sysfs attribute show functions to satisfy static analysis warnings.,0,0,4,0,,,,,,,,,54.19,,,,,,
24a3db53ec,ollama_gpt-oss_120b,3,"Reorganizes OMAP3 clock definitions in the device tree by adding a ti,clksel node that groups related clocks, adds clock-output-names, and removes duplicate mux nodes to silence DTS warnings.",0,0,4,0,,,,,,,,,66.669,,,,,,
25097de7b2,ollama_gpt-oss_120b,4,"The commit introduces a new Intel Meteor Lake pinctrl/GPIO driver. It adds a Kconfig option, updates the Makefile, and provides a full source file defining pins, pad groups, communities, ACPI matching, and driver registration.",0,0,0,4,,,,,,,,,60.687,,,,,,
255d7a9581,ollama_gpt-oss_120b,4,"The commit extracts QCS404 peripheral authentication service device‑tree bindings from the generic ADSP bindings file into a dedicated qcom,qcs404-pas.yaml file, removing those entries from qcom,adsp.yaml and adding the new schema file.",0,0,4,0,,,,,,,,,55.476,,,,,,
2564aa7544,ollama_gpt-oss_120b,3,"Adds example 'clocks' and 'clock-names' entries to the SDM845 camera clock binding documentation, enabling the driver to recognize a bi-tcxo clock from the device tree.",0,0,4,0,,,,,,,,,57.77,,,,,,
258030acc9,ollama_gpt-oss_120b,4,"The patch changes the dsa_switch struct's num_ports field from size_t to unsigned int, reducing struct size by eliminating padding, and updates the dev_err format string in dsa2.c to match the new type.",0,0,4,0,,,,,,,,,63.779,,,,,,
25eb948601,ollama_gpt-oss_120b,4,"Removes redundant chip type comments from the FTDI USB serial driver, cleaning up struct field comment and case label comments, improving readability without altering functionality.",0,0,4,0,,,,,,,,,59.662,,,,,,
25fd735a4c,ollama_gpt-oss_120b,4,"The patch refactors address‑validation code in the RXE driver, introducing a generic chk_attr helper used by both QP and AH, adds wrapper functions, and replaces pr_warn calls with rxe_dbg_* debugging macros, updating callers accordingly.",0,0,3,0,,,,,,,,,61.938,,,,,,
26093ce14b,ollama_gpt-oss_120b,3,"The patch modifies amdgpu_ras_feature_enable to allocate and send RAS feature commands only when the block is GFX, removing a generic inline helper and adding explicit block checks, thus preventing unnecessary operations for other blocks.",4,0,0,0,,,,,,,,,87.94,,,,,,
260b5c694b,ollama_gpt-oss_120b,4,"Removes Jukka Rissanen from the MAINTAINERS entry for 6LOWPAN, reflecting that he no longer maintains that subsystem.",0,0,1,0,,,,,,,,,66.506,,,,,,
26df39a9e5,ollama_gpt-oss_120b,4,"Initializes the 'next' pointer to NULL in find_first_clear_extent_bit to eliminate an uninitialized variable compile error, ensuring the function builds correctly.",4,0,0,0,,,,,,,,,59.673,,,,,,
26ffcbbef7,ollama_gpt-oss_120b,4,"Adds visible memory tracking to the i915 TTM buddy allocator: new fields, allocation checks, debug prints, init parameter, and a helper function exposing visible size.",0,0,0,4,,,,,,,,,72.205,,,,,,
2703c16c75,ollama_gpt-oss_120b,4,"Implements a common mechanism for CXL.mem drivers to enumerate ancestor CXL switch ports, track endpoint interest, and manage port lifecycle, adding new structs and functions and updating ACPI code.",0,0,0,4,,,,,,,,,74.253,,,,,,
272ac15003,ollama_gpt-oss_120b,4,"Removes the deprecated function fscrypt_set_test_dummy_encryption and its prototype because all callers now use the newer APIs, cleaning up dead code in the fscrypt subsystem.",0,0,4,0,,,,,,,,,56.817,,,,,,
27aeb91559,ollama_gpt-oss_120b,4,"The patch refactors the Hisilicon VFIO PCI driver to use the new generic device lifecycle helpers. It moves migration‑specific initialization into a dedicated init callback, removes now‑unused vfio_pci_core_{un}init_device functions, and updates probe/remove paths accordingly.",0,0,4,0,,,,,,,,,63.825,,,,,,
28793b194e,ollama_gpt-oss_120b,3,"The patch simplifies submit_stripe_bio by removing the orig_bio and clone arguments, deriving orig_bio from bioc and deciding cloning based on dev_nr, thus cleaning up the function signature and logic.",0,0,4,0,,,,,,,,,68.218,,,,,,
287f1ee38a,ollama_gpt-oss_120b,3,"The patch replaces explicit zero entries for reserved bits in pinmux register tables with compact shorthand entries using negative widths, merging consecutive reserved fields, which reduces the driver’s compiled size.",0,0,4,0,,,,,,,,,72.14,,,,,,
29a051bd46,ollama_gpt-oss_120b,3,"The patch reorders the if/else chain in read_clock_frequency to test newer GRAPHICS_VER values first, adds comments, and adjusts frequency calculations for gen11 and other generations, aligning the driver with a ‘last version first’ style.",0,0,4,0,,,,,,,,,63.158,,,,,,
29f557d553,ollama_gpt-oss_120b,4,"Updates the packed vmcb_control_area struct in KVM self‑test headers, adding SEV‑ES related fields and reserved space to match recent kernel changes.",0,0,4,0,,,,,,,,,59.258,,,,,,
2a791f4412,ollama_gpt-oss_120b,4,"The patch deletes the buddy prefetch helper and related prefetch logic from free_pcppages_bulk, arguing that prefetching under the zone lock adds overhead with little benefit.",0,0,4,0,,,,,,,,,64.716,,,,,,
2ac05f8f2e,ollama_gpt-oss_120b,3,"The commit adds a new self‑test program to verify that enabling branch stack does not crash on any platform, updating the Makefile and providing the test source.",0,0,0,4,,,,,,,,,64.813,,,,,,
2b7d07f7ac,ollama_gpt-oss_120b,4,"Adds error handling to ftpm_mod_init(): captures driver_register return, checks for failure, unregisters platform driver on error, and returns the error code instead of returning driver_register directly.",4,0,0,0,,,,,,,,,58.06,,,,,,
2b947cf9e3,ollama_gpt-oss_120b,4,"Adds a static serial_rs485 structure with flags and delays for the MAX310X UART driver and assigns it to the port's rs485_supported field in the probe function, exposing supported RS485 features.",0,0,0,4,,,,,,,,,63.899,,,,,,
2ba75d3119,ollama_gpt-oss_120b,4,"The patch refactors MMU V1 hop address calculations by introducing a generic get_hop_pte_addr that uses hop_masks and hop_shifts arrays, removing per‑hop helper functions. Mapping and unmapping now loop over hops, simplifying allocation and cleanup. Added MMU_V1_MAX_HOPS macro and updated function pointers.",0,0,4,0,,,,,,,,,75.436,,,,,,
2baad24963,ollama_gpt-oss_120b,4,"The commit changes a dev_warn call to dev_dbg for -ENODEV cases in thermal zone registration, treating the condition as expected and reducing log verbosity.",0,0,4,0,,,,,,,,,57.495,,,,,,
2c1eafc40e,ollama_gpt-oss_120b,3,The commit replaces a hard‑coded 1000 ms timeout in the USB control message used to read EDID with the standard USB_CTRL_GET_TIMEOUT constant (5 seconds) for consistency across the driver.,0,0,4,0,,,,,,,,,54.914,,,,,,
2c763f37d0,ollama_gpt-oss_120b,3,"Adds a check in gfxhub_v3_0_3_init_system_aperture_regs to return early on SR‑IOV virtual functions, avoiding programming system aperture registers that are no longer accessible.",4,0,0,0,,,,,,,,,70.241,,,,,,
2d3bc87543,ollama_gpt-oss_120b,4,"Removes the unused vgpu->released atomic field and its associated sanity‑check code from the i915 GVT driver, as the VFIO core now handles vGPU lifecycle.",0,0,4,0,,,,,,,,,66.987,,,,,,
2d4daa549c,ollama_gpt-oss_120b,3,"Removes the unused arch_has_empty_bitmaps flag from resctrl structures and updates validation to use min_cbm_bits, simplifying the code.",0,0,4,0,,,,,,,,,60.206,,,,,,
2dd9032beb,ollama_gpt-oss_120b,4,"Adds amdgpu_ras_query_poison_mode function to encapsulate poison‑mode detection, removes duplicated code from amdgpu_ras_init, and invokes the new helper, simplifying the driver code.",0,0,4,0,,,,,,,,,61.911,,,,,,
2e0aee8f0a,ollama_gpt-oss_120b,3,"The commit changes the type of ata_port::fastdrain_cnt from unsigned long to unsigned int because it is only ever assigned from 32‑bit values, reducing the field size accordingly.",0,0,4,0,,,,,,,,,66.571,,,,,,
2e7e80f7e7,ollama_gpt-oss_120b,4,"Updates VFS and related code to use the folio abstraction for is_partially_uptodate, changing prototypes, implementations, and documentation from page‑based to folio‑based signatures and adjusting callers accordingly.",0,0,4,0,,,,,,,,,69.03,,,,,,
2fadc6ea4a,ollama_gpt-oss_120b,4,The commit deletes two '# CONFIG_SURFACE_PLATFORMS is not set' lines from RISC‑V defconfig files to keep the CONFIG_SURFACE_PLATFORMS entries sorted like savedefconfig; it introduces no functional change.,0,0,4,0,,,,,,,,,86.228,,,,,,
2fc092d4c7,ollama_gpt-oss_120b,3,"The patch corrects the selection of the microengine (me) and engine selector for the MAP_QUEUES packet in gfx11 KIQ mapping, using the ring type to set proper values instead of the previous incorrect logic.",4,0,0,0,,,,,,,,,84.428,,,,,,
302e9edd54,ollama_gpt-oss_120b,4,"The patch updates traceon/traceoff trigger handlers to use the per‑instance tracer (trace_event_file) when a trigger is attached to an instance, instead of the global tracing state, ensuring enable/disable actions affect only that instance.",4,0,0,0,,,,,,,,,52.224,,,,,,
3044a4f271,ollama_gpt-oss_120b,4,"The patch adds a static inline helper mcp251xfd_is_fd_mode() that returns true when the device is in listen‑only or CAN‑FD mode, and replaces direct bit‑mask checks with calls to this function in FIFO and ring initialization code.",0,0,4,0,,,,,,,,,69.223,,,,,,
3084097c36,ollama_gpt-oss_120b,4,"The patch removes the helper that performed a series of mount/umount operations when switching network namespaces in BPF selftests, replacing it with a direct setns call and closing the fd, simplifying open_netns and close_netns.",0,0,4,0,,,,,,,,,86.402,,,,,,
30b1a0797e,ollama_gpt-oss_120b,3,"The patch replaces direct access to plane->state with drm_atomic_get_new_plane_state() and updates the function signatures to use the proper atomic state argument, aligning the driver with the recommended DRM API.",0,0,4,0,,,,,,,,,63.614,,,,,,
30b6ab45f8,ollama_gpt-oss_120b,4,"The patch replaces the per‑vcpu boolean sysregs_loaded_on_cpu with a generic state flag (SYSREGS_ON_CPU) using the existing flag infrastructure, removing the struct field and updating load/store and read/write helpers to use the new flag.",0,0,4,0,,,,,,,,,62.381,,,,,,
30d024b505,ollama_gpt-oss_120b,4,Adds a forward declaration for struct folio in cacheflush.h to eliminate compilation warnings for users of the header.,0,0,3,0,,,,,,,,,69.325,,,,,,
3128ea0169,ollama_gpt-oss_120b,3,"The patch relaxes the VHT MCS index check in mt7921 driver from >9 to >11, allowing frames with MCS10-11 that the hardware can handle, preventing them from being erroneously dropped.",4,0,0,0,,,,,,,,,87.811,,,,,,
31354121bf,ollama_gpt-oss_120b,4,"Adds a syscon reference and a clk-phase-sd-hs property to SDMMC nodes in several device tree files, enabling software to configure the CIU clock phase via the system manager.",0,0,0,4,,,,,,,,,58.812,,,,,,
316f710172,ollama_gpt-oss_120b,4,"Adds a free(params) call before exiting osnoise_top, fixing a memory leak where parsed command line arguments were not released.",4,0,0,0,,,,,,,,,51.865,,,,,,
319568d75f,ollama_gpt-oss_120b,4,"Adds support for SubVP DRR handling on DCN32/321 by introducing a firmware‑assisted manual trigger command, updates DMUB service, modifies lock logic to avoid VSYNC lock for DRR flips, and integrates the new functions into the timing generator.",0,0,0,4,,,,,,,,,73.052,,,,,,
3197706abd,ollama_gpt-oss_120b,4,"Renames the reference‑counting helpers in the RXE driver: rxe_add_ref → rxe_get and rxe_drop_ref → rxe_put, updating all call sites and macro definitions for clearer, conventional naming.",0,0,4,0,,,,,,,,,70.835,,,,,,
322842ea3c,ollama_gpt-oss_120b,4,"Adds a call to swap_free(entry) when arch_unmap_one fails, correcting a missing cleanup after a prior swap_duplicate, thus fixing a memory‑leak/incorrect state bug in the rmap unmap path.",4,0,0,0,,,,,,,,,67.913,,,,,,
3233b978af,ollama_gpt-oss_120b,4,"Adds a library that interfaces the Cirrus Logic CS_DSP firmware controls with the HDA driver, exposing them as ALSA controls. Introduces a Kconfig option, Makefile entry, new source files, and updates MAINTAINERS.",0,0,0,4,,,,,,,,,68.202,,,,,,
32346491dd,ollama_gpt-oss_120b,4,"The commit updates the kernel Makefile EXTRAVERSION from -rc5 to -rc6, marking the sixth release candidate of Linux 5.19.",0,0,4,0,,,,,,,,,65.311,,,,,,
3255530ab1,ollama_gpt-oss_120b,3,"The patch modifies tdp_mmu_set_spte_atomic to capture the value returned by cmpxchg and assign it to iter->old_spte, removing duplicated manual SPTE reads in callers and updating related comments.",0,0,3,0,,,,,,,,,59.062,,,,,,
3256412fc5,ollama_gpt-oss_120b,3,"The patch adds clock handling to the hisi I2C driver: includes clk.h, stores a clk pointer, tries to obtain a clock via devm_clk_get_optional_enabled, and falls back to reading the clk_rate property, then uses the rate for controller configuration.",0,0,0,4,,,,,,,,,61.577,,,,,,
327c348988,ollama_gpt-oss_120b,3,"Adds a variable to capture the end of a GAP hole and logs its size (as physical address bits) in the kernel message, enhancing visibility of UV GAM range information.",0,0,4,0,,,,,,,,,63.18,,,,,,
32f1b53fe8,ollama_gpt-oss_120b,4,"Initializes the vqs_list_lock spinlock in vdev_info_init, fixing a hang in virtio_test caused by the lock being uninitialized.",4,0,0,0,,,,,,,,,52.396,,,,,,
33024536ba,ollama_gpt-oss_120b,4,"Implements a new hot‑page selection algorithm for NUMA memory tiering using hint‑page‑fault latency, adds hot‑threshold sysctl, reuses struct page bits, and integrates rate‑limit logic, while also fixing a bug when disabling tiering.",0,0,0,4,,,,,,,,,66.102,,,,,,
330f5a3005,ollama_gpt-oss_120b,4,Adds a Chinese translation of the devicetree changesets documentation and updates the Chinese index to include the new file.,0,0,4,0,,,,,,,,,56.434,,,,,,
3364c6ce23,ollama_gpt-oss_120b,3,"The patch updates LSE atomic compare‑exchange macros to use size‑matched casts (u##sz) instead of unsigned long *, removing -Warray-bounds warnings while keeping the generated binary unchanged.",0,0,4,0,,,,,,,,,65.907,,,,,,
340a02535e,ollama_gpt-oss_120b,4,"The commit moves the extract‑cert program from scripts/ to certs/, updates certs/Makefile to build it on demand, adjusts .gitignore entries, removes stale references, and modifies build flags. It reorganizes build infrastructure without altering functionality.",0,0,4,0,,,,,,,,,65.339,,,,,,
3470079687,ollama_gpt-oss_120b,3,"The patch updates stmmac_change_mtu to permit MTU changes while the interface is up by reallocating DMA descriptors, restarting the device, and resetting the receive mode, removing the previous -EBUSY restriction.",4,0,0,0,,,,,,,,,56.741,,,,,,
34886e796c,ollama_gpt-oss_120b,4,"The patch relocates the pmu_ops pointer from kvm_x86_ops to kvm_x86_init_ops, marks the pmu_ops structures as __initdata, and updates all references, reducing memory usage and making the ops immutable after init to avoid post‑init modification bugs.",0,4,0,0,,,,,,,,,68.051,,,,,,
34b1a65ec1,ollama_gpt-oss_120b,3,"The commit removes an outdated reference to max77693.txt from the MAINTAINERS file that was re‑added by a merge conflict, correcting the documentation after the file was converted to YAML.",3,0,0,0,,,,,,,,,64.266,,,,,,
34b88934e6,ollama_gpt-oss_120b,4,"Updates the SM8350 pinctrl devicetree binding to require 'function' only for GPIO pins, allowing non‑GPIO pins like SD‑card to omit it.",4,0,0,0,,,,,,,,,65.624,,,,,,
35cc9d622e,ollama_gpt-oss_120b,3,"Adds a new selftest case for BPF BTF decl_tag handling in function prototype return types, expecting a load error and triggering a WARN_ON_ONCE.",0,0,0,4,,,,,,,,,67.243,,,,,,
35eee9a363,ollama_gpt-oss_120b,4,"The patch modifies the RTC self‑test suite to handle the case where the RTC device node is absent. It removes the mandatory open assertion and adds a check in each test to skip execution when open fails with ENOENT, preventing spurious test failures.",0,0,4,0,,,,,,,,,77.279,,,,,,
362e54e48b,ollama_gpt-oss_120b,3,"The commit updates fbtft_init_display() to use fbtft_par_dbg_hex for printing init sequence values, correctly handling s16 type instead of the previous generic hex dump.",0,0,4,0,,,,,,,,,58.113,,,,,,
365e1ececb,ollama_gpt-oss_120b,3,"Adds a completion to synchronize VF allocation, waits for host association before proceeding, and adds MAC‑based fallback matching to resolve a race where VF registration can occur before the host's VF association message.",4,0,0,0,,,,,,,,,63.385,,,,,,
367c9b0f1b,ollama_gpt-oss_120b,3,"The patch adds an mm pointer argument to svm_range_handle_list_op, acquires the mm reference before processing deferred ranges, moves mmap write lock handling inside the loop, and balances mmget/mmput to keep the mm_struct alive, fixing a use‑after‑free bug in the SVM deferred list work.",4,0,0,0,,,,,,,,,79.656,,,,,,
36c6f1fb2e,ollama_gpt-oss_120b,4,"The patch introduces optional prepare_streaming and unprepare_streaming callbacks in videobuf2, updates the core to invoke them during VIDIOC_STREAMON and cleanup, adds counters and debug prints, and extends the vb2_ops and vb2_queue structures accordingly.",0,0,0,4,,,,,,,,,55.667,,,,,,
37be3f9d69,ollama_gpt-oss_120b,3,"The patch modifies qla_edif.c to clear the previous authentication session and optionally reset the link when the authentication app starts, preventing remote devices from logging in during a stale session, thus reducing N2N login thrashing.",4,0,0,0,,,,,,,,,75.104,,,,,,
3809db6430,ollama_gpt-oss_120b,3,"Adds a reference‑count guard around snd_rawmidi_drain_output and synchronises it on close to avoid races with buffer resize, fixing a crash/incorrect behavior during long drains.",4,0,0,0,,,,,,,,,66.796,,,,,,
3883001838,ollama_gpt-oss_120b,4,"The patch moves several extent_io_tree helper functions (find_first_clear_extent_bit, lock_extent_bits, etc.) from fs/btrfs/extent_io.c to fs/btrfs/extent-io-tree.c, adds a needed include, and deletes the original definitions to shrink the core file.",0,0,4,0,,,,,,,,,70.727,,,,,,
38d4a385a3,ollama_gpt-oss_120b,4,"Adds a __vcpu_run() inline helper that wraps the KVM_RUN ioctl and updates several self‑test files to use it, removing duplicated ioctl calls and related variables.",0,0,4,0,,,,,,,,,61.295,,,,,,
39cdf080ce,ollama_gpt-oss_120b,3,"Adds new MCU command and driver routines to enable background radar (DFS) detection on a dedicated chain, exposing a set_radar_background operation for zero‑wait CAC support.",0,0,0,4,,,,,,,,,64.84,,,,,,
3a52471206,ollama_gpt-oss_120b,3,"Adds a second reg entry to RK3399 VOP nodes in the device tree, defining the gamma LUT memory region to enable gamma control support.",0,0,0,4,,,,,,,,,73.298,,,,,,
3a55f72924,ollama_gpt-oss_120b,3,"Adds a guard in kvm_pv_clock_pairing to reject the KVM_HC_CLOCK_PAIRING hypercall when the vCPU runs with tsc_always_catchup, preventing an infinite loop in pvclock_read_retry.",4,0,0,0,,,,,,,,,52.258,,,,,,
3ac5f2f257,ollama_gpt-oss_120b,4,"Adds a missing @server parameter description to the kernel-doc comment of smb311_update_preauth_hash, removing a warning from make W=1.",0,0,4,0,,,,,,,,,64.731,,,,,,
3b1611f252,ollama_gpt-oss_120b,4,"Adds six new Qualcomm SoC identifier macros to the dt-bindings header, enabling device tree support for QDU1000, QRU1000 and related variants.",0,0,0,4,,,,,,,,,58.239,,,,,,
3b49ae380c,ollama_gpt-oss_120b,4,"The patch corrects the error‑check after calling platform_get_irq() in ipaq‑micro driver: it now treats any negative return as failure instead of checking for zero, preventing false‑negative handling and returning -EINVAL.",4,0,0,0,,,,,,,,,72.027,,,,,,
3b9cb4ba4b,ollama_gpt-oss_120b,4,"The patch replaces the three-step thread creation (kthread_create_on_node, kthread_bind, wake_up_process) with the single helper kthread_run_on_cpu, updating the boost task creation in rcutorture.c.",0,0,4,0,,,,,,,,,57.04,,,,,,
3bea83b68d,ollama_gpt-oss_120b,4,"Refactors lpfc driver ELS handling to use generic get/set routines and unify SLI‑3/SLI‑4 code paths, introducing local variables and conditional handling for SLI‑4, removing indirect structure accesses.",0,0,4,0,,,,,,,,,72.797,,,,,,
3cf0507625,ollama_gpt-oss_120b,4,"The commit separates VBT data into per‑panel structures, moving panel‑specific parsing to connector probing and updating many drivers to use connector->panel.vbt instead of the global dev_priv->vbt, adding panel VBT defaults and cleanup functions.",0,0,4,0,,,,,,,,,86.125,,,,,,
3cffb26fbb,ollama_gpt-oss_120b,4,"The patch deletes an unused assignment to the variable 'bytes' in snd_echo_midi_output_write, leaving only 'sent = 0'. This removes a dead store that triggered a clang static‑analysis warning, without altering runtime behavior.",0,0,4,0,,,,,,,,,78.007,,,,,,
3d8d3504d2,ollama_gpt-oss_120b,3,Adds support for Intel Agilex SoC in the DWC2 USB driver by defining platform‑specific parameters and registering the compatible device ID.,0,0,0,4,,,,,,,,,57.989,,,,,,
3dd9c8b5f0,ollama_gpt-oss_120b,4,"The patch removes the _bh variants of spinlock, rwlock, and seqlock calls throughout the rxrpc subsystem, replacing them with the regular (non‑BH) versions. The change reflects that RCU callbacks no longer acquire these locks and packet processing now runs in a regular kernel thread, so disabling bottom‑half handling is unnecessary.",0,0,4,0,,,,,,,,,87.278,,,,,,
3de8dd69fa,ollama_gpt-oss_120b,4,"The patch updates the ti-dac5571 I2C driver to use the newer .probe_new() callback, removing the id argument and retrieving the device ID via i2c_client_get_device_id, adapting to kernel driver API changes.",0,0,4,0,,,,,,,,,60.297,,,,,,
3e1865ba38,ollama_gpt-oss_120b,4,"The patch deletes many unused struct members, tables, reset/clock handling, and DP‑related code from the Qualcomm QMP UFS PHY driver, streamlining the driver and eliminating dead code paths.",0,0,4,0,,,,,,,,,72.537,,,,,,
3e5a8e8494,ollama_gpt-oss_120b,4,"Adds a GCC_SDCC_BCR reset using reset_control in the sdhci-msm driver, called during probe to clear previous power states and avoid observed reset timeout failures.",4,0,0,0,,,,,,,,,71.132,,,,,,
3f64510e3d,ollama_gpt-oss_120b,3,"The patch corrects the K210 device‑tree timer nodes by splitting them, fixing register ranges and interrupt assignments to match the hardware spec, eliminating dtbs_check warnings about non‑standard interrupt configurations.",4,0,0,0,,,,,,,,,61.306,,,,,,
3fe012f482,ollama_gpt-oss_120b,3,"Adds ""qcom,msm8974-cci"" compatible string and updates description in the i2c-qcom-cci devicetree binding documentation.",0,0,0,4,,,,,,,,,55.423,,,,,,
3fe3fd5f30,ollama_gpt-oss_120b,3,"The patch loads the actual VA bits (vabits_actual) during CPU resume on arm64 when VA_BITS > 48, fixing boot failures on 52‑bit enabled builds.",4,0,0,0,,,,,,,,,55.858,,,,,,
3ffa9f713c,ollama_gpt-oss_120b,4,"The patch adds proper error handling in ssi_init(): it stores the result of platform_driver_register, unregisters ssi_pdriver on failure, and returns the error code, fixing a resource‑leak bug.",4,0,0,0,,,,,,,,,57.089,,,,,,
403d50341c,ollama_gpt-oss_120b,3,"The patch modifies bio_copy_data_iter to map both source and destination bio_vecs, copy the appropriate bytes, and unmap them, restoring correct handling of destination offsets required by bcache.",4,0,0,0,,,,,,,,,58.464,,,,,,
40758e493f,ollama_gpt-oss_120b,4,"Implements optional reset‑GPIO handling for onboard USB hub driver, adding pdata for reset timing, acquiring GPIO in probe, toggling it on power on/off, and extending device tree match data.",0,0,0,4,,,,,,,,,59.091,,,,,,
4088ca3edc,ollama_gpt-oss_120b,4,"The patch cleans up include directives in the 8250_dw serial driver: it removes unused of_irq.h and of_platform.h and adds the missing mod_devicetable.h, correcting the header list.",0,0,4,0,,,,,,,,,54.279,,,,,,
40e4eb324c,ollama_gpt-oss_120b,4,"The patch replaces the signed left‑shift (1 << i) with the BIT(i) macro (1UL << i) in __mdiobus_register, eliminating undefined signed shift and fixing the UBSAN shift‑out‑of‑bounds warning.",4,0,0,0,,,,,,,,,58.34,,,,,,
4194442daf,ollama_gpt-oss_120b,4,"The patch makes detailed_timing structures passed to EDID parsing callbacks const, updating typedefs and all related functions to use const pointers, improving const‑correctness.",0,0,4,0,,,,,,,,,66.619,,,,,,
424140d31b,ollama_gpt-oss_120b,3,"The patch updates the xhci driver to also block U2 link power management when Intel tier policy disallows LPM, adding early policy checks and removing previous U2‑specific bypass.",4,0,0,0,,,,,,,,,54.513,,,,,,
42475735ad,ollama_gpt-oss_120b,3,"The patch deletes an unused local variable 'ret' in rtw_wx_get_essid and returns 0 directly, simplifying the function.",0,0,4,0,,,,,,,,,55.071,,,,,,
426d15ad11,ollama_gpt-oss_120b,3,"The patch adjusts the condition for creating an ext4 lazy‑init request, so read‑only ext4 filesystems no longer start the ext4lazyinit thread, avoiding unnecessary bitmap prefetch work.",0,0,4,0,,,,,,,,,70.836,,,,,,
42da167bbd,ollama_gpt-oss_120b,4,"The commit updates STM32 device‑tree pinctrl node names, replacing ""pin-controller@…"" with the preferred ""pinctrl@…"" to silence node‑name warnings introduced by pinctrl.yaml.",0,0,4,0,,,,,,,,,67.517,,,,,,
435beb4110,ollama_gpt-oss_120b,4,The commit deletes the former maintainer entry from the NTC thermistor devicetree binding documentation because the email address is no longer reachable.,0,0,0,0,,,,,,,,,52.486,,,,,,
43caf1a682,ollama_gpt-oss_120b,3,"The commit replaces kernel-doc's custom usage() calls with Pod::Usage's pod2usage, adding the module import and updating error handling for missing or unknown arguments.",0,0,4,0,,,,,,,,,59.754,,,,,,
43cf36974d,ollama_gpt-oss_120b,4,"The patch extends the TPS68470 clock driver to handle multiple consumers, introduces a flexible array in platform data, and populates it from ACPI consumer devices, enabling several sensors to share the same clock.",0,0,0,4,,,,,,,,,56.899,,,,,,
43da2f0762,ollama_gpt-oss_120b,4,"Adds a new SocketCAN line‑discipline driver (can327) for ELM327 OBD‑II adapters, includes documentation, Kconfig, Makefile updates, and maintainer entry.",0,0,0,4,,,,,,,,,70.681,,,,,,
442ec1e5bb,ollama_gpt-oss_120b,4,"The commit adds a missing space in the heading row of the ext4 blockmap documentation table, realigning cells so the reStructuredText table parses correctly and the Sphinx 'Malformed table' warning disappears.",4,0,0,0,,,,,,,,,82.167,,,,,,
44b5554d98,ollama_gpt-oss_120b,4,"The commit updates the MMIO thermal driver to use the new generic OF registration API, changing the temperature callback signature, ops struct type, and registration call to the newer devm_thermal_of_zone_register.",0,0,4,0,,,,,,,,,56.512,,,,,,
44e36d7552,ollama_gpt-oss_120b,4,"Updates the MT8365 mutex module array to reference the newly added DDP_COMPONENT_DITHER0 enum index, keeping the code consistent with earlier enum changes; no functional behavior is altered.",0,0,4,0,,,,,,,,,65.242,,,,,,
450deb93df,ollama_gpt-oss_120b,4,"The patch updates blk_crypto sysfs registration functions to accept a struct gendisk pointer instead of a request_queue, modifies the internal header, implementation, and callers, and adds inline stubs, preparing the block layer for future sysfs handling changes.",0,0,4,0,,,,,,,,,58.522,,,,,,
46307fd6e2,ollama_gpt-oss_120b,4,"The patch removes an unnecessary spinlock around a potentially sleeping kernfs function, adds a lock‑free helper for default hierarchy cgroup lookup, and adjusts related callers. It also adds assertions and BUG_ON checks, improving correctness and code clarity.",4,0,0,0,,,,,,,,,67.221,,,,,,
463be3cb35,ollama_gpt-oss_120b,4,"Adds rockchip,enable-strobe-pulldown to the emmc_phy node in the NanoPi4 device tree, re‑enabling the internal strobe pull‑down that was disabled and caused HS400 I/O errors.",4,0,0,0,,,,,,,,,55.131,,,,,,
4665770407,ollama_gpt-oss_120b,4,"Adds support for DSD audio formats (U8, U16_LE, U32_LE) to the Freescale SAI ASoC driver by extending the format bitmask in fsl_sai.h.",0,0,0,4,,,,,,,,,64.341,,,,,,
466c1e6d05,ollama_gpt-oss_120b,3,"Adds proper error handling in sun8i_a83t_mipi_csi2_resources_setup() and probe() by storing error codes, jumping to cleanup, and releasing clock_mod, fixing resource‑leak issues.",4,0,0,0,,,,,,,,,67.364,,,,,,
470308d9d2,ollama_gpt-oss_120b,4,"The commit renames GPIO macro definitions by adding a f7188x_ prefix and updates all references, keeping the driver’s macro namespace clean without changing functionality.",0,0,4,0,,,,,,,,,63.654,,,,,,
48bff1053c,ollama_gpt-oss_120b,3,"Adds a best‑effort call to try_to_generate_entropy() during /dev/urandom reads when the CRNG is not ready, making the RNG opportunistically initialized on platforms with fast cycle counters.",0,4,0,0,,,,,,,,,59.788,,,,,,
4919d3eb2e,ollama_gpt-oss_120b,4,"The patch reorders initialization in rtc-cmos driver so that cmos_wake_setup is called after cmos_do_probe, preventing a NULL pointer dereference in rtc_handler during boot.",4,0,0,0,,,,,,,,,66.716,,,,,,
4967a7803c,ollama_gpt-oss_120b,4,"The commit corrects a typo in the ioat driver module parameter description, changing ""idel"" to ""idle""; it only modifies a string literal and does not affect code execution.",0,0,4,0,,,,,,,,,53.552,,,,,,
49fd9b6df5,ollama_gpt-oss_120b,4,"The patch updates mm/vmscan.c to replace references to ""pages"" with ""folios"" in comments, enums, function names and related code, aligning terminology with the folio memory model while leaving the functional logic unchanged.",0,0,4,0,,,,,,,,,69.662,,,,,,
4b2b4370a8,ollama_gpt-oss_120b,3,"The commit updates the AD5380 I2C driver to use the newer .probe_new() callback, removing the explicit i2c_device_id argument and fetching it via i2c_client_get_device_id, aligning with current kernel driver API.",0,0,4,0,,,,,,,,,60.492,,,,,,
4b9f8ce4d5,ollama_gpt-oss_120b,4,"Renames iscsi_conn_queue_work to iscsi_conn_queue_xmit across the iSCSI driver, updating its definition, calls, export symbol and header to reflect that it only queues transmissions.",0,0,4,0,,,,,,,,,75.137,,,,,,
4ccc6db090,ollama_gpt-oss_120b,4,"The patch modifies __io_account_mem to use atomic_long_try_cmpxchg instead of a compare‑and‑swap loop, eliminating an extra read/comparison and simplifying the code; behavior remains unchanged, only performance and clarity improve.",0,0,4,0,,,,,,,,,74.057,,,,,,
4d26ba671e,ollama_gpt-oss_120b,4,"The patch removes obsolete validation and fwspec‑freeing code from various IOMMU driver release_device implementations, because release_device is now invoked only after successful probe via per‑device ops, making those checks redundant.",0,0,4,0,,,,,,,,,65.258,,,,,,
4d2a3c169b,ollama_gpt-oss_120b,4,"Corrects a misspelled word in comments across three driver files, improving documentation clarity.",0,0,4,0,,,,,,,,,57.963,,,,,,
4d352eb91a,ollama_gpt-oss_120b,3,"Adds '#reset-cells' property definitions to the DT binding YAML files for MT8192 and MT8195 sys-clock, documenting that the reset cell count is 1.",0,0,4,0,,,,,,,,,70.769,,,,,,
4d40ceef47,ollama_gpt-oss_120b,4,"Adds support for Intel 5 Series/3400 PCI device ID 0x3b57 by inserting it into the azx_ids table with appropriate driver data, enabling HDMI/DP audio via i915.",0,0,0,4,,,,,,,,,55.919,,,,,,
4d8f52ac5f,ollama_gpt-oss_120b,3,"The patch corrects how the self‑test parses the return value of system() calls, using WIFEXITED/WEXITSTATUS to propagate child errors instead of returning the raw waitpid integer, which was always zero due to exit() masking.",4,0,0,0,,,,,,,,,73.06,,,,,,
4dc84c06a3,ollama_gpt-oss_120b,4,"The commit adds support for the TX push mode to the ethtool ring‑parameter API: updates documentation, kernel structures, netlink enums, policies, and get/set handling, enabling users to query and configure TX push via ethtool -G/g.",0,0,0,4,,,,,,,,,69.533,,,,,,
4dd9989164,ollama_gpt-oss_120b,4,"Removes an unnecessary 'return;' from the void function vt1708_set_pinconfig_connect in the VIA HDA driver, cleaning up code as the return has no effect.",0,0,4,0,,,,,,,,,59.662,,,,,,
4df002d908,ollama_gpt-oss_120b,3,"The patch makes rcuscale buildable without enabling RCU Tasks by conditionally compiling task‑related code and adjusting Kconfig and test configs, thus decoupling the two features.",0,0,0,4,,,,,,,,,79.555,,,,,,
4e05a4b329,ollama_gpt-oss_120b,4,"Adds checks for rxe_get() return in completer, requester, and responder tasklets, returning -EAGAIN when the reference cannot be obtained, to avoid using a QP whose reference count has dropped to zero.",0,4,0,0,,,,,,,,,89.874,,,,,,
4e0c19fcb8,ollama_gpt-oss_120b,4,"Adds dsa_switch_teardown_tag_protocol that calls tag_ops->disconnect to free tagger-owned storage during switch teardown, fixing a memory leak and avoiding use‑after‑free.",4,0,0,0,,,,,,,,,55.274,,,,,,
4e5bc0a9a1,ollama_gpt-oss_120b,3,"The patch modifies struct io_kiocb, replacing the sole hlist_node with a union that can hold either the original hash_node or two 64‑bit extra fields (extra1, extra2). These fields are intended to store additional return values needed for 32‑bit completion queue entries (CQE32).",0,0,0,4,,,,,,,,,74.32,,,,,,
4ec25b49f4,ollama_gpt-oss_120b,4,"The patch updates the XDP redirect self‑test script to generate unique temporary network namespace names using mktemp, replacing hard‑coded names, and adjusts all related commands accordingly.",0,0,4,0,,,,,,,,,70.815,,,,,,
4efb98e963,ollama_gpt-oss_120b,3,"The patch removes a global modules‑per‑list calculation and instead accumulates the module list size inside the container loop, then aligns the total. This simplifies the size computation and eliminates the now‑unused variable.",0,0,4,0,,,,,,,,,58.196,,,,,,
4f03dcc6b9,ollama_gpt-oss_120b,3,"Adds a pre‑change‑upper sanity check for DSA master devices, rejecting unknown upper interfaces (except DSA slaves and bridges) with an error, to enforce correct LAG configuration.",4,0,0,0,,,,,,,,,57.982,,,,,,
4f3701fc59,ollama_gpt-oss_120b,3,"Adds qca8k_bulk_read/write helpers and updates FDB handling to use them, reducing register accesses and using management Ethernet path when available.",0,0,4,0,,,,,,,,,67.502,,,,,,
4f57332d6a,ollama_gpt-oss_120b,4,"Adds synchronization and a workqueue to query and probe active Subfunctions (SFs) during driver initialization, fixing a scenario where SFs on different functions were not recreated after driver reload.",4,0,0,0,,,,,,,,,55.597,,,,,,
4f9f531e15,ollama_gpt-oss_120b,4,"The patch removes the custom qed_set_coherency_mask function and replaces its logic with a single call to dma_set_mask_and_coherent, cleaning up dead code and adjusting error handling in qed_init_pci.",0,0,4,0,,,,,,,,,60.651,,,,,,
4fb35936a3,ollama_gpt-oss_120b,3,"The patch adds a Kconfig option and Makefile entries to enable building the AMD RPL platform ACP6x audio driver, creating a new rpl/ directory with its own Makefile, thus allowing the driver to be compiled when the config option is selected.",0,0,0,4,,,,,,,,,64.108,,,,,,
507f788d05,ollama_gpt-oss_120b,4,"Updates the arm64 strcmp assembly implementation by importing the latest upstream version, adding MTE compatibility and related code adjustments.",0,0,4,0,,,,,,,,,58.681,,,,,,
5099478e43,ollama_gpt-oss_120b,3,"The commit replaces module‑parameter based VMID registration with logic that derives VMID settings from FLOGI_ACC fabric parameters, adding a new flag and updating several code paths to use it.",0,4,0,0,,,,,,,,,80.149,,,,,,
50a7d025ca,ollama_gpt-oss_120b,3,"Adds dedicated handlers for RAS poison creation and separates UMC handling, updating the main interrupt handler to dispatch to these new functions, preparing for future poison consumption support.",0,0,0,4,,,,,,,,,65.534,,,,,,
50cfde3349,ollama_gpt-oss_120b,4,"The commit updates the maintainer list in the rockchip,rk3399-cru.yaml devicetree binding, replacing the former maintainer with the current Rockchip clock maintainer, without altering any functional code.",0,0,4,0,,,,,,,,,89.655,,,,,,
50f094a558,ollama_gpt-oss_120b,4,"The patch modifies ext4_mark_iloc_dirty to skip inode_inc_iversion for inodes flagged EXT4_EA_INODE_FL, because those inodes repurpose i_version for reference counting, fixing test failure ext4/026 when iversion is enabled.",4,0,0,0,,,,,,,,,70.446,,,,,,
512865d83f,ollama_gpt-oss_120b,4,"The commit introduces support for PSCI version 1.1 in KVM on arm64, adding a macro, updating the latest version constant, and extending the PSCI handling code to return the new version and accept it as default.",0,0,0,4,,,,,,,,,60.105,,,,,,
5192e395c5,ollama_gpt-oss_120b,4,"Replaces all strlcpy calls with strscpy in several misc drivers where the return value was unused, following kernel advice to prefer strscpy.",0,4,0,0,,,,,,,,,58.499,,,,,,
51cd31ae20,ollama_gpt-oss_120b,4,"The commit replaces the old qcom,msm8960-pinctrl.txt binding documentation with a new DT schema YAML file, updating format and structure while preserving the same information.",0,0,4,0,,,,,,,,,65.139,,,,,,
51e76a232f,ollama_gpt-oss_120b,4,Fixes a memory leak in ntfs_fill_super error path by freeing mount options.,4,0,0,0,,,,,,,,,51.964,,,,,,
526e6ca5d1,ollama_gpt-oss_120b,3,"The patch removes a redundant SMU message (EnableGfxImu) that was sent on every power‑up, keeping only the necessary unload message when disabling and not in s0ix.",4,0,0,0,,,,,,,,,87.92,,,,,,
528ef2d996,ollama_gpt-oss_120b,4,"Adds a macro to generate DAMON module parameters for statistics, consolidating repetitive module_param definitions into a reusable construct.",0,0,4,0,,,,,,,,,65.414,,,,,,
534bd70374,ollama_gpt-oss_120b,4,"The commit corrects the CC_HAS_ASM_GOTO_TIED_OUTPUT Kconfig test by removing an embedded newline that caused syntax errors when /bin/sh is dash, ensuring the test runs correctly.",4,0,0,0,,,,,,,,,55.405,,,,,,
537f8ffbdf,ollama_gpt-oss_120b,3,"The patch removes mt8195-specific MOD0 and SOF0 macros and reuses mt8183 definitions for the mt8195 mutex driver, simplifying the code.",0,0,4,0,,,,,,,,,70.714,,,,,,
546a5d6122,ollama_gpt-oss_120b,3,"Adds a guard in __prepare_send_request to stop retrying Ceph MDS requests after they exceed the 8‑bit retry counter limit, returning -EMULTIHOP to avoid overflow.",4,0,0,0,,,,,,,,,60.293,,,,,,
54739cc6b4,ollama_gpt-oss_120b,3,"Renames several io_uring request handler functions to a consistent naming scheme (…_prep for preparation, … for issue) and updates all call sites, improving readability and maintainability.",0,0,4,0,,,,,,,,,58.766,,,,,,
550842cc60,ollama_gpt-oss_120b,3,"The patch adds a null‑check for the DLM connection before disconnecting and debugging in ocfs2_dlm_shutdown, preventing a kernel crash that occurs when shutdown is called after a mount failure without an initialized DLM resource.",4,0,0,0,,,,,,,,,59.568,,,,,,
552b7cb0ee,ollama_gpt-oss_120b,3,"The commit relocates the entire 'calcs' sub‑directory, which contains FPU‑related code, from its original location under drivers/gpu/drm/amd/display/dc/calcs into the DML directory (drivers/gpu/drm/amd/display/dc/dml/calcs). It updates Makefiles, deletes the old calcs Makefile, and adjusts build variables accordingly, without changing any function implementations.",0,0,4,0,,,,,,,,,78.459,,,,,,
560f7736b9,ollama_gpt-oss_120b,3,"The patch resets attr_b to NULL after a possible layout change, then re‑looks up the attribute if missing, and adds error handling that marks the filesystem dirty and makes the inode bad. This addresses a crash in attr_punch_hole when handling highly fragmented attributes.",4,0,0,0,,,,,,,,,62.313,,,,,,
5614dc3a47,ollama_gpt-oss_120b,4,"The patch introduces free_leaf_list() to free inode element lists attached to ulist nodes before freeing the ulist, replacing ulist_free() in resolve_indirect_refs() and thus eliminating a memory‑leak that occurred on error paths.",4,0,0,0,,,,,,,,,57.837,,,,,,
562f5bc48a,ollama_gpt-oss_120b,4,"The commit fixes a duplicated phrase in a comment of spte.h, changing “be split be split” to “be split”, correcting a typo without altering code behavior.",0,0,4,0,,,,,,,,,68.687,,,,,,
569c746b8a,ollama_gpt-oss_120b,4,"Adds a create_pidcomm helper to encapsulate repeated allocation and linking of per_pidcomm structures in perf timechart, replacing duplicated code with a single function.",0,0,4,0,,,,,,,,,63.148,,,,,,
570a4bf744,ollama_gpt-oss_120b,4,"The patch updates read_reply() in the RXE driver to correctly retrieve the memory region (mr) when processing a READ reply during a replay. It adds a conditional that, for replay cases, rechecks the MR via rxe_recheck_mr() and returns an error if absent, fixing a rare zero‑mr bug that caused rping benchmark failures.",4,0,0,0,,,,,,,,,71.568,,,,,,
571650b3a3,ollama_gpt-oss_120b,4,"The patch clears the regulator init_data for the vsys regulator, because the platform data's regulator_init_data is meant only for the vbus regulator. By setting cfg.init_data = NULL before registering the vsys regulator, the driver avoids duplicate consumer supply names, fixing probe failures.",4,0,0,0,,,,,,,,,57.146,,,,,,
577be05c89,ollama_gpt-oss_120b,4,"The patch corrects migrate_pages() handling of THP migration failures returning -ENOSYS by moving the failed page to the ret_pages list, preventing double counting, and aligns error handling with hugetlbfs migration for clearer, consistent behavior.",4,0,0,0,,,,,,,,,66.72,,,,,,
57ded5fc98,ollama_gpt-oss_120b,4,"The patch wraps intel_pxp_fini_hw with a runtime‑pm wakeref during PXP unbind, ensuring the RPM wakelock is held while accessing hardware and eliminating a warning.",4,0,0,0,,,,,,,,,76.079,,,,,,
5877b7ddbc,ollama_gpt-oss_120b,3,"The commit swaps the numeric values of PSP_BL__LOAD_DBGDRV and PSP_BL__LOAD_INTFDRV in the psp_bootloader_cmd enum to align with the definitions used in the trusted OS, correcting a mismatch.",4,0,0,0,,,,,,,,,70.35,,,,,,
58e0be1ef6,ollama_gpt-oss_120b,4,"Changes UAPI IP/IPv6 headers to use __struct_group and updates copy helpers to copy from the grouped address field, eliminating fortify-string warnings about potential read overflow.",0,4,0,0,,,,,,,,,55.708,,,,,,
590a8e564c,ollama_gpt-oss_120b,4,"The patch introduces a transmit_in_progress_aborted flag and adjusts transmit handling so that a cancelled transmission is marked aborted and not retried, preventing data corruption on the CEC bus.",4,0,0,0,,,,,,,,,68.15,,,,,,
593c5ba288,ollama_gpt-oss_120b,4,"Adds Justin Chen as a maintainer for Broadcom USB drivers in the MAINTAINERS file, updating ownership information.",0,0,4,0,,,,,,,,,64.689,,,,,,
59915143e8,ollama_gpt-oss_120b,4,"The commit extracts all timeout‑related structures and functions from io_uring.c into new timeout.c and timeout.h files, updates the Makefile and headers, and removes the duplicated code, improving modularity and maintainability.",0,0,4,0,,,,,,,,,73.387,,,,,,
59a811faa7,ollama_gpt-oss_120b,4,"Renames struct udl_drm_connector to udl_connector, adds a to_udl_connector macro, updates code and includes accordingly; no functional changes.",0,0,4,0,,,,,,,,,55.067,,,,,,
5a0893088a,ollama_gpt-oss_120b,4,"The patch deletes an unused extern declaration of __arch_set_user_pkey_access from the x86 pkeys header, eliminating dead code.",0,0,4,0,,,,,,,,,64.276,,,,,,
5a420ed964,ollama_gpt-oss_120b,4,"Removes the unused reg_from_user/reg_to_user helpers in arm64 KVM and replaces them with direct get_user/put_user calls, simplifying the code and eliminating unnecessary abstraction.",0,0,4,0,,,,,,,,,62.636,,,,,,
5a48b7433a,ollama_gpt-oss_120b,4,"The commit updates the DSA documentation file, correcting typos, grammar, and punctuation, and making phrasing clearer without altering any code or functionality.",0,0,4,0,,,,,,,,,60.544,,,,,,
5a5866c28b,ollama_gpt-oss_120b,4,"The commit updates Documentation/process/changes.rst, replacing the specific '4.x kernels' reference with 'current kernel version' to keep the document accurate for future kernel releases.",0,0,4,0,,,,,,,,,69.086,,,,,,
5a709a46e4,ollama_gpt-oss_120b,4,"The patch removes unnecessary mutex lock/unlock in the rockchip USB2 PHY bvalid IRQ handler, noting that clearing the IRQ is atomic, thus simplifying the handler.",0,0,4,0,,,,,,,,,72.09,,,,,,
5b2c5540b8,ollama_gpt-oss_120b,4,"Adds comprehensive error checks in tcp_bpf_recvmsg_parser to mirror TCP stack behavior, returning correct error codes for socket errors, shutdown, closed state, timeout and signals, fixing mismatched return values that confused applications.",4,0,0,0,,,,,,,,,48.554,,,,,,
5b3dc949f5,ollama_gpt-oss_120b,4,"The patch adds a missing ida_free call in the probe error path and replaces deprecated ida_simple_get/remove with ida_alloc/free, fixing a resource‑leak bug.",4,0,0,0,,,,,,,,,55.409,,,,,,
5b45b1c8b8,ollama_gpt-oss_120b,3,"The patch reverts the recent logic that populated the DCN315 clock table using DCFCLK values, which caused underflow when those states were disabled. It adds a helper to map voltage to clocks and adjusts loops and asserts.",4,0,0,0,,,,,,,,,73.025,,,,,,
5bd8d53f6f,ollama_gpt-oss_120b,3,"Adds a debugfs file to control reset levels, introduces a mask field in amdgpu_device, and gates reset paths based on this mask, enabling/disabling soft‑recovery and mode2 resets for debugging.",0,0,0,4,,,,,,,,,63.368,,,,,,
5bfa685e62,ollama_gpt-oss_120b,3,"The patch updates vgic_mmio_read_pending to correctly report pending state for level‑mapped hardware interrupts by reading the physical line level, fixing cases where the virtual distributor reports the interrupt as not pending.",4,0,0,0,,,,,,,,,55.339,,,,,,
5c190e5394,ollama_gpt-oss_120b,4,"The patch replaces direct bitwise masking of PLANE_WM_BLOCKS_MASK with REG_FIELD_PREP/GET macros in skl_write_wm_level and skl_wm_level_from_reg_val, ensuring correct field width handling and consistent register access.",0,3,2,0,,,,,,,,,66.457,,,,,,
5c8dca9740,ollama_gpt-oss_120b,4,"The commit deletes an unused forward declaration of struct seq_file from include/linux/pwm.h, cleaning up dead code after a prior change rendered it unnecessary.",0,0,4,0,,,,,,,,,67.596,,,,,,
5cb76899fb,ollama_gpt-oss_120b,4,"The patch refactors ipa_table_init_add() to take only filter and ipv6 flags, derives opcode and memory regions internally via ipa_table_mem(), and updates all call sites accordingly, removing unused parameters and assumptions.",0,0,4,0,,,,,,,,,75.179,,,,,,
5cf2c75b5b,ollama_gpt-oss_120b,4,"The patch extracts all devlink‑related functions and definitions from net/dsa/dsa.c and dsa2.c, places them into new files devlink.c and devlink.h, adds devlink.o to the build, and removes the duplicated code, improving modularity and reducing file bloat.",0,0,4,0,,,,,,,,,80.266,,,,,,
5d543f13e2,ollama_gpt-oss_120b,4,"Fixes race in NR_FILE_MAPPED accounting for huge pages by correcting counter initialization and moving __mod_lruvec_page_state calls, preventing spurious increases in /proc/meminfo statistics.",4,0,0,0,,,,,,,,,71.196,,,,,,
5d7943d99d,ollama_gpt-oss_120b,3,"Adds an unsigned issue_flags parameter to cancellation functions and propagates the locking state (locked/unlocked) through poll cancellation paths, updating all relevant call sites.",0,4,0,0,,,,,,,,,73.845,,,,,,
5dc6ce767d,ollama_gpt-oss_120b,4,Adds the compatible string for Renesas RZ/V2L (r9a07g054-mali) to the Mali Bifrost device‑tree binding documentation and updates the enum list accordingly.,0,0,4,0,,,,,,,,,76.979,,,,,,
5f24d5a579,ollama_gpt-oss_120b,4,"Adds architecture‑aware macros to compute mmap limits and updates hugetlbfs unmapped‑area logic to respect high userspace addresses, fixing a regression where hugetlbfs could return addresses above the allowed range.",4,0,0,0,,,,,,,,,59.691,,,,,,
5f334d88c2,ollama_gpt-oss_120b,4,"The patch updates perf's iostat printing code to pass a struct outstate pointer through various functions, changing signatures and typedefs, and adjusts call sites accordingly, eliminating local struct copies.",0,0,4,0,,,,,,,,,56.634,,,,,,
5f8981d699,ollama_gpt-oss_120b,3,"The commit adds missing le32_to_cpu() conversions and changes the format specifier for atomic_read() results in several driver print functions, correcting the displayed values for out-of-sync and packet-failure events.",4,0,0,0,,,,,,,,,59.806,,,,,,
5fd6c4f0a6,ollama_gpt-oss_120b,3,"Adds an ACPI device ID table for AMD I2C UCSI driver and registers it, enabling enumeration of Cypress CCGX PD controller on AMD platforms, thus providing new hardware support.",0,0,0,4,,,,,,,,,60.443,,,,,,
602a4eda68,ollama_gpt-oss_120b,4,"Updates the aer‑inject download URL in Kconfig and source comment to point to the current repository, fixing a dead link.",0,0,4,0,,,,,,,,,60.74,,,,,,
6076dc349b,ollama_gpt-oss_120b,4,"The patch extracts duplicated loops that patch entry fixup instructions into a new helper function do_patch_entry_fixups, and updates callers to use it, reducing code duplication and improving readability.",0,0,4,0,,,,,,,,,56.941,,,,,,
607c04a044,ollama_gpt-oss_120b,3,"The commit updates the MMP DMA driver to read the new 'dma-channels' device‑tree property, falling back to the deprecated '#dma-channels' for compatibility, thereby deprecating the old property.",0,0,4,0,,,,,,,,,66.301,,,,,,
609cc5e1a8,ollama_gpt-oss_120b,8,"The patch updates the Mediatek clock driver infrastructure to use the newer `of_clk_hw_onecell_get`/`of_clk_add_hw_provider` API instead of the older `of_clk_src_onecell_get`/`of_clk_add_provider`. It replaces `struct clk_onecell_data` with `struct clk_hw_onecell_data` and adjusts all callers accordingly. The change is systematic across many drivers, showing a clear grasp of the new kernel clock provider model.",5,6,7,0,,,,,,,,,89.545,,,,,,
60b3c27fb9,ollama_gpt-oss_120b,4,The patch renames the core struct pcie_port to dw_pcie_rp and updates all references across the DesignWare PCIe driver files for naming consistency.,0,0,4,0,,,,,,,,,84.513,,,,,,
60f6fe665e,ollama_gpt-oss_120b,3,"The patch rewrites the dcn315 clock manager to derive its clock table from DCFCLK instead of FCLK, adds checks for empty PMFW tables, and fills missing clock entries with default values to ensure valid clock settings.",4,0,0,0,,,,,,,,,65.979,,,,,,
610b17b05c,ollama_gpt-oss_120b,4,"Adds missing @ab parameter documentation to dump_common_audit_data, eliminating kernel-doc warnings.",0,0,4,0,,,,,,,,,57.681,,,,,,
6124cec530,ollama_gpt-oss_120b,4,"Fixes a typo in the sc8180x GPIO wakeirq map by changing the entry for GPIO37 from 43 to 44, restoring its ability to generate wake interrupts.",4,0,0,0,,,,,,,,,55.927,,,,,,
616c4a83b6,ollama_gpt-oss_120b,4,"Updates an outdated comment in gsi_trans.c to state that only the scatterlist is allocated, reflecting earlier removal of command info allocation.",0,0,4,0,,,,,,,,,66.525,,,,,,
617a0d9fe6,ollama_gpt-oss_120b,4,"Removes the regulator-always-on property for LDO2 in the at91-sama5d27_wlsom1 device tree, preventing the regulator from staying enabled when unused.",0,0,4,0,,,,,,,,,55.725,,,,,,
618f5df1f6,ollama_gpt-oss_120b,3,"The patch lowers the severity of unclaimed MMIO access messages from WARN to debug, removing the warning counter decrement and using drm_dbg instead.",0,0,4,0,,,,,,,,,66.048,,,,,,
619064afa9,ollama_gpt-oss_120b,4,"The patch reorganizes vgic attribute handling by moving early calls to vgic_{get,set}_common_attr into the default case of switch statements, consolidates pending‑table handling, and deduplicates vgic_v3 attribute access functions, resulting in cleaner, more maintainable code.",0,0,4,0,,,,,,,,,63.082,,,,,,
61a9fa154d,ollama_gpt-oss_120b,4,"The patch changes the initialization of the variable 'ret' in tve200_modeset_init(): removes the default zero value, declares it uninitialized, and assigns an explicit -EINVAL error before jumping to error handling, eliminating a smatch warning about ambiguous return values.",0,0,4,0,,,,,,,,,60.529,,,,,,
6215a7c8f5,ollama_gpt-oss_120b,4,"Adds the PCI device ID 0x468B for Intel ADL‑S graphics to the i915 PCI ID table, enabling the kernel driver to recognize the new hardware.",0,0,0,4,,,,,,,,,62.79,,,,,,
63198aaa91,ollama_gpt-oss_120b,4,"The patch removes __func__ from dev_dbg messages in intel.c, replacing them with static strings, relying on dyndbg to provide module/function info.",0,0,4,0,,,,,,,,,59.612,,,,,,
632d069852,ollama_gpt-oss_120b,3,"The commit updates self-refresh (SR) timing parameters for DDR5, LPDDR5 and related structures in the DCN3.14 display driver to new values supplied by hardware after fine‑tuning.",0,4,0,0,,,,,,,,,58.756,,,,,,
6344e66970,ollama_gpt-oss_120b,3,"The patch changes vfs_setxattr to accept a const void *value, updates overlayfs caller to drop a cast, adjusts cap_convert_nscap usage, and updates the corresponding header, improving const‑correctness.",0,0,4,0,,,,,,,,,56.916,,,,,,
635dcd1684,ollama_gpt-oss_120b,3,"Updates Thunderbolt driver KUnit test integration to use the new kunit_test_suite() macro, adjusts Kconfig dependencies, and removes manual test init/exit functions, simplifying test registration.",0,0,4,0,,,,,,,,,73.156,,,,,,
63c34cb4c6,ollama_gpt-oss_120b,4,"Adds a helper that asserts no ordered extents exist in a file range and calls it in fallocate, hole punching, zeroing and reflink paths, ensuring the expected clean state after locking. Helper is compiled only when CONFIG_BTRFS_ASSERT is enabled.",0,4,0,0,,,,,,,,,68.874,,,,,,
6407cf5332,ollama_gpt-oss_120b,3,"The patch replaces kthread_stop() usage in several i915 selftests with kthread_worker/kthread_work APIs, adding explicit stop flags and result handling to avoid signal‑pending assertions introduced by recent kernel changes. It updates thread creation, synchronization, and error propagation across multiple test files.",4,0,0,0,,,,,,,,,69.52,,,,,,
6440a6c23f,ollama_gpt-oss_120b,4,"Adds command‑line options –G/--tx-dmac and –H/--tx-smac to the xdpsock sample, introduces variables to hold MAC addresses, parses them, and uses them when constructing Ethernet headers for TX‑only packets.",0,0,0,4,,,,,,,,,38.649,,,,,,
647df0d41b,ollama_gpt-oss_120b,4,"The patch changes the printf‑style format string in xgbe‑drv.c from ""%#06hx"" to ""%#06x"" to match the promoted int type of the argument, eliminating a clang -Wformat warning.",0,0,4,0,,,,,,,,,78.248,,,,,,
64ac0befe7,ollama_gpt-oss_120b,3,"The patch casts the upper bound constant to long in the branch‑offset range check, ensuring a signed comparison and preventing false WARN_ON triggers for negative offsets in MIPS jump_label code.",4,0,0,0,,,,,,,,,84.435,,,,,,
6598b91b5a,ollama_gpt-oss_120b,4,"The patch replaces the single global spi_statistics structure protected by a spinlock with per‑CPU statistics using u64_stats_t and u64_stats_sync, allocating them per‑CPU. All accesses are updated via lock‑less per‑CPU helpers, removing spin_lock_irqsave() overhead and improving interrupt handling latency.",0,0,4,0,,,,,,,,,67.892,,,,,,
65b462fc7e,ollama_gpt-oss_120b,4,"Adds writes to CP_INT_CNTL_RING0 and CP_ME1_PIPE0_INT_CNTL registers to enable or disable the GENERIC0_INT bit, allowing RLC to receive interrupts for indirect register access when gfx/compute pipes are active.",0,0,0,4,,,,,,,,,71.609,,,,,,
65d012e415,ollama_gpt-oss_120b,4,"The patch deletes the 'reg' field from struct r8a73a4_cpg, introduces a local 'base' pointer for the register block, passes it to r8a73a4_cpg_register_clock, and updates all related calls, limiting the pointer's scope to initialization.",0,0,4,0,,,,,,,,,70.745,,,,,,
65ea840afd,ollama_gpt-oss_120b,4,"The patch corrects error handling in s10_ops_write_init(): it replaces a NULL check with IS_ERR and returns the proper error code using PTR_ERR, because stratix10_svc_allocate_memory() returns ERR_PTR on failure.",4,0,0,0,,,,,,,,,59.846,,,,,,
672d6ca758,ollama_gpt-oss_120b,3,"Adds a DPCD read of SUPPORTED_LINK_RATES during link training when link bandwidth is zero, forcing the Parade PS8461E eDP MUX to reload link‑rate data and stop instability after power‑down.",4,0,0,0,,,,,,,,,56.16,,,,,,
67ec2c75f3,ollama_gpt-oss_120b,4,"Replaces manual swapping of DMA descriptor pointers in the net2280 USB gadget driver with the generic swap() macro, removing temporary variables and addressing static analysis warnings.",0,0,4,0,,,,,,,,,54.468,,,,,,
67fda6c2df,ollama_gpt-oss_120b,4,"The patch removes the HW_VAR_H2C_FW_P2P_PS_OFFLOAD case from SetHwReg8188EU(), replaces it with direct calls to rtl8188e_set_p2p_ps_offload_cmd() in the P2P power‑save handler, and deletes the corresponding enum entry, simplifying the HAL layer.",0,0,4,0,,,,,,,,,79.022,,,,,,
690b2549b1,ollama_gpt-oss_120b,4,"Adds a validation check for the block length in ismt_access, returning -EINVAL when the user‑supplied length exceeds I2C_SMBUS_BLOCK_MAX, thus avoiding out‑of‑bounds DMA writes.",4,0,0,0,,,,,,,,,60.359,,,,,,
6961b5e028,ollama_gpt-oss_120b,4,"The commit fixes a block device naming collision in NVMe when multipath and shared namespaces are used by initializing the head->shared flag before allocation, correcting nvme_is_unique_nsid() behavior.",4,0,0,0,,,,,,,,,65.2,,,,,,
696c390115,ollama_gpt-oss_120b,3,"Adds a BPF self‑test exercising __user pointer tags. Introduces new struct definitions and helper functions in bpf_testmod.c, a new BPF program file btf_type_tag_user.c, and extends btf_tag.c to load and run these tests, checking expected load failures.",0,0,0,4,,,,,,,,,69.575,,,,,,
6a0abf8ff9,ollama_gpt-oss_120b,4,"The commit deletes SAVEKMSG_MAGIC1 and SAVEKMSG_MAGIC2 entries from the magic-number documentation and its translations, as they are not true magic numbers, thereby correcting the docs.",0,0,4,0,,,,,,,,,59.878,,,,,,
6a47a16dce,ollama_gpt-oss_120b,4,"The patch changes tfp410_fini() to return void instead of int, updates its callers to ignore the previous return value and explicitly return 0, and adds comments. This aligns the driver’s cleanup functions with the kernel’s convention that remove callbacks return void.",0,0,4,0,,,,,,,,,66.593,,,,,,
6a6f457ed5,ollama_gpt-oss_120b,3,"Adds a null‑pointer check for sta_rates in mt7615_sta_rate_tbl_update to avoid dereferencing a NULL rates array, fixing a crash when rate allocation fails.",4,0,0,0,,,,,,,,,64.941,,,,,,
6b2748ada2,ollama_gpt-oss_120b,3,"Adds a new devicetree binding YAML file describing the LoongArch CPU interrupt controller, providing documentation for 14 IRQs.",0,0,4,0,,,,,,,,,59.976,,,,,,
6c1f41afc1,ollama_gpt-oss_120b,3,"The patch updates batman‑adv’s hard‑interface handling to correctly treat iflink values when interfaces reside in different network namespaces, adding checks for iflink == 0 and for same‑netns self‑links, preventing incorrect recursion.",4,0,0,0,,,,,,,,,52.131,,,,,,
6c98ac4212,ollama_gpt-oss_120b,4,"The patch adds an INV flag for MFSEL bits, updates pin configuration for scs3 and kbcc pins, and modifies the update function to invert the value when the flag is set, correcting the inverted logic handling.",4,0,0,0,,,,,,,,,63.784,,,,,,
6cc2714e85,ollama_gpt-oss_120b,3,"The patch corrects a compile‑time BUILD_BUG_ON check in the kTLS TX driver, replacing an incorrect constant with TLS_DRIVER_STATE_SIZE_TX to properly validate the private TX TLS context size.",4,0,0,0,,,,,,,,,65.623,,,,,,
6ccaaf59c3,ollama_gpt-oss_120b,3,"The patch adds a const qualifier to the path argument of do_sys_name_to_handle, changing its signature to const struct path *path, improving type safety without altering behavior.",0,0,4,0,,,,,,,,,69.402,,,,,,
6d9b32fb3e,ollama_gpt-oss_120b,4,"The patch replaces manual dev_err handling with dev_err_probe in the PHY probe function, simplifying error reporting and handling of -EPROBE_DEFER without altering functionality.",0,0,4,0,,,,,,,,,59.484,,,,,,
6dd3be6923,ollama_gpt-oss_120b,4,"The commit deletes the duplicated word 'we' from a comment in bcache.h, correcting a typo without altering any code behavior.",0,0,4,0,,,,,,,,,59.073,,,,,,
6ddf5f165f,ollama_gpt-oss_120b,4,"Adds a new GETVXATTR operation to the Ceph client, enabling direct MDS queries for virtual xattrs, with request creation, reply parsing, API function, and integration into the existing getxattr flow.",0,0,0,4,,,,,,,,,75.735,,,,,,
6e1e59c1ca,ollama_gpt-oss_120b,4,"The commit deletes the unused irq_prepare_beacon_tasklet field from struct recv_priv in the r8188eu driver, cleaning up dead code.",0,0,4,0,,,,,,,,,58.944,,,,,,
6e1ff1459e,ollama_gpt-oss_120b,4,"Adds support for a separate GPIO to control headphone on Intel SOF ES8336 boards, introducing a new quirk flag, GPIO handling, ACPI mappings, and driver changes for independent speaker and headphone switching.",0,0,0,4,,,,,,,,,60.389,,,,,,
6e87c8f074,ollama_gpt-oss_120b,4,"Adds a driver for the Qualcomm SM6125 display clock controller, exposing its clocks to the kernel, and updates Kconfig and Makefile to build it.",0,0,0,4,,,,,,,,,59.923,,,,,,
6eaf08770e,ollama_gpt-oss_120b,4,"Adds a runtime warning when an ACPI control method sleeps longer than 10 ms, encouraging firmware developers to replace long sleeps with polling or other techniques to avoid boot‑time delays.",0,4,0,0,,,,,,,,,69.31,,,,,,
6ee3c393ee,ollama_gpt-oss_120b,3,"The patch changes an error log to a warning and updates the message to clarify that the parent device lookup failure is benign for macvtap, improving user feedback.",0,0,4,0,,,,,,,,,67.218,,,,,,
6f3c9dbb65,ollama_gpt-oss_120b,4,"Adds a null‑pointer guard for the SMU context in amdgpu_smu_stb_debug_fs_init, preventing dereference when the SMU block is disabled, thus fixing a crash.",4,0,0,0,,,,,,,,,72.069,,,,,,
6fb271f1bc,ollama_gpt-oss_120b,4,"Adds a call to nvme_start_admin_queue(&ctrl->ctrl) when start_queues is true in __nvme_fc_abort_outstanding_ios, ensuring the admin queue restarts after aborting I/O and preventing controller hangs.",4,0,0,0,,,,,,,,,61.068,,,,,,
6fd1d51cfa,ollama_gpt-oss_120b,4,"Adds SO_RCVMARK socket option to expose SO_MARK via recvmsg, defines the constant for all architectures, introduces SOCK_RCVMARK flag, renames sock_recv_ts_and_drops to sock_recv_cmsgs, updates all call sites, and implements ancillary data handling for the new option.",0,0,0,4,,,,,,,,,77.753,,,,,,
700f7e2909,ollama_gpt-oss_120b,4,"Removes duplicated word 'new' from a comment in rtllib_softmac.c, cleaning up documentation without altering code behavior.",0,0,4,0,,,,,,,,,60.394,,,,,,
7058e68c2f,ollama_gpt-oss_120b,4,"The commit deletes the OMAP debug‑leds driver: removes its Kconfig option, Makefile entry, and the source file, because the driver has been unselectable for years.",0,0,4,0,,,,,,,,,67.979,,,,,,
70868c6b8f,ollama_gpt-oss_120b,4,"The commit adjusts underline lengths in Documentation/security/SCTP.rst to eliminate reStructuredText warnings during 'make htmldocs', changing two lines of markup.",0,0,4,0,,,,,,,,,59.362,,,,,,
710c8d6c02,ollama_gpt-oss_120b,4,"The commit adds the static qualifier to the cavium_erratum_23154_cpus array, silencing sparse warnings about an undeclared symbol by limiting its linkage to the file.",0,0,4,0,,,,,,,,,65.047,,,,,,
71702c495b,ollama_gpt-oss_120b,4,"Stops setting scdc_enabled on Pi0‑3 where SCDC is unsupported, preventing invalid register access and warning.",4,0,0,0,,,,,,,,,56.709,,,,,,
7198cf0f1c,ollama_gpt-oss_120b,4,"The commit updates the lis3lv02d I2C driver to use the newer .probe_new() callback, removing the unused i2c_device_id argument from the probe function.",0,0,4,0,,,,,,,,,63.034,,,,,,
719ca37972,ollama_gpt-oss_120b,3,"Updates devicetree binding YAML files for MSM display subsystems, removing bogus interrupt flag cells and renaming a node label to accurately reflect that the MDSS interrupt provider supplies a single cell.",0,0,4,0,,,,,,,,,69.319,,,,,,
71feb6f901,ollama_gpt-oss_120b,3,"The patch restores proper initialization of engine workaround lists on older (Gen2‑3) GPUs that was broken by a prior change, ensuring the code path runs for graphics versions <4.",4,0,0,0,,,,,,,,,53.809,,,,,,
727e60604f,ollama_gpt-oss_120b,4,"Removes an outdated comment about locking in btrfs_search_slot() that no longer reflects the current rw‑semaphore locking scheme, cleaning up the source.",0,0,4,0,,,,,,,,,46.111,,,,,,
72907bff3b,ollama_gpt-oss_120b,3,"Adds definitions for two DPCD bit fields required by eDP 1.5 to support PSR2, updating drm_dp_helper.h with new constants.",0,0,0,4,,,,,,,,,65.951,,,,,,
72b3588e27,ollama_gpt-oss_120b,3,"The commit removes an unnecessary wrapper for HDP RAS late initialization, updates the call to pass the correct ras_if pointer, and sets the ras_late_init field directly to the generic init function, deleting dead code.",0,0,4,0,,,,,,,,,77.719,,,,,,
72de208f2b,ollama_gpt-oss_120b,4,"Removes an unnecessary cast from of_device_get_match_data() in the j721e PCI driver and makes the data pointer const, cleaning up the code.",0,0,4,0,,,,,,,,,54.286,,,,,,
72e560cb8c,ollama_gpt-oss_120b,3,"The patch makes tcp_cdg_release idempotent by clearing the gradients pointer after freeing it, preventing a double‑free when the function is called multiple times, as seen with MPTCP.",4,0,0,0,,,,,,,,,63.981,,,,,,
7392d87a9f,ollama_gpt-oss_120b,3,"The patch renames dynamic‑array fields to generic array fields, adds allocation handling for arrays in ctrl_ref, updates related logic and struct definitions, preparing the V4L2 control core to allow drivers to change array sizes.",0,0,4,0,,,,,,,,,68.699,,,,,,
73ab99aad5,ollama_gpt-oss_120b,3,"The commit modifies the DHCOM device tree to use MCO2 as the RMII clock source, reassigns pins, and configures PLL4_P and MCO2 rates, improving SDMMC throughput and reducing EMI.",0,0,4,0,,,,,,,,,68.225,,,,,,
73ad6a9dd5,ollama_gpt-oss_120b,4,"Adds runtime WARN_ON_ONCE checks in the Qualcomm QMP PCIe PHY driver probe to ensure required configuration fields pwrdn_ctrl and phy_status are set, catching misconfigurations early.",0,4,0,0,,,,,,,,,56.878,,,,,,
73b4476562,ollama_gpt-oss_120b,3,"Adds an extra compatible string to the AST2600 EVB A1 device tree, enabling the board to be matched by the generic ""aspeed,ast2600-evb"" identifier.",0,0,0,4,,,,,,,,,72.198,,,,,,
74333c7d87,ollama_gpt-oss_120b,4,"Adds a lockdep write‑lock assertion to clear_em_logging() to ensure the extent map tree is locked before merging, preventing misuse.",0,4,0,0,,,,,,,,,70.716,,,,,,
7460ade1fc,ollama_gpt-oss_120b,3,"The patch updates RCU‑tasks trace code to ensure the currently running task is added to the holdout list during a grace‑period by sending an IPI to each CPU, fixing the omission where such tasks were never recorded, which could cause incorrect trace behavior.",4,0,0,0,,,,,,,,,72.935,,,,,,
747c7cf159,ollama_gpt-oss_120b,4,"Updates BMA400_SCALE_MIN and _MAX macros to correct values matching the sensor's LSB sensitivity and adds detailed comments, fixing incorrect acceleration scaling.",4,0,0,0,,,,,,,,,72.418,,,,,,
7498a457ec,ollama_gpt-oss_120b,3,"The patch adds a conditional byte‑order conversion when extracting packet data without byte swapping, correcting checksum handling for packets whose length isn’t a multiple of four.",4,0,0,0,,,,,,,,,59.68,,,,,,
753df96be5,ollama_gpt-oss_120b,3,"The patch simplifies find_va_links() by removing a redundant range check, relying on the invariant that va_start ≤ va_end, reducing code size and complexity.",0,0,4,0,,,,,,,,,83.631,,,,,,
75448ff73f,ollama_gpt-oss_120b,4,"Adds a central definition for the 'linux,input-type' property in the input devicetree binding documentation and updates existing bindings to use it, removing duplicated definitions.",0,0,4,0,,,,,,,,,61.944,,,,,,
75554fe00f,ollama_gpt-oss_120b,3,"The patch changes the return type of sparx5_mact_find from bool to int in both implementation and header, aligning it with the actual error‑code return value. No functional behavior is altered.",0,3,0,0,,,,,,,,,77.493,,,,,,
75c96ccea2,ollama_gpt-oss_120b,4,"The commit corrects a spelling mistake in a comment of the protection_keys self‑test, changing “alllocated” to “allocated”. No code behavior is altered.",0,0,4,0,,,,,,,,,67.513,,,,,,
7651d6b250,ollama_gpt-oss_120b,3,"Switches rcu_sync_call to use call_rcu_hurry instead of call_rcu, restoring previous behavior that was slowed by power‑saving changes in call_rcu.",4,0,0,0,,,,,,,,,58.05,,,,,,
76ee15ae1b,ollama_gpt-oss_120b,4,"The commit adds entries for new Qualcomm PMIC models and SoC IDs to the socinfo driver, extending the static tables that map hardware identifiers to human‑readable names.",0,0,0,4,,,,,,,,,62.473,,,,,,
77072b0f4b,ollama_gpt-oss_120b,4,"The patch replaces the multiline macro vt6655_mac_word_reg_bits_on with an equivalent static function, updates the header prototype, and removes the macro definition, addressing checkpatch limitations.",0,0,4,0,,,,,,,,,58.914,,,,,,
77b2d26805,ollama_gpt-oss_120b,3,"The patch replaces manual updates of the UART transmit buffer tail and tx count with a call to uart_xmit_advance(), centralizing the Tx queue advancement logic in the OMAP 8250 driver.",0,0,4,0,,,,,,,,,59.528,,,,,,
77c11720a4,ollama_gpt-oss_120b,4,"Removes obsolete bio handling code (bio_setup_sector, bio_advance) now unnecessary after loop removal, replacing it with direct size assignment, cleaning up dm driver.",0,0,4,0,,,,,,,,,70.787,,,,,,
797efbc523,ollama_gpt-oss_120b,4,"Adds a guest_cpu field to perf thread structures and populates it from hypervisor (QEMU) VCPU information, enabling perf to identify which guest CPU a host thread corresponds to.",0,0,0,4,,,,,,,,,66.937,,,,,,
7984b43542,ollama_gpt-oss_120b,4,"The patch adds the PnP ID ""LEN040f"" to the Synaptics driver’s device list, enabling InterTouch (rmi4) support for ThinkPad P1 Gen 3, which was previously disabled.",0,0,0,4,,,,,,,,,66.13,,,,,,
79af2404e5,ollama_gpt-oss_120b,3,"Adds a hardware workaround Wa_16013835468 for Tiger Lake/DG1 GPUs: introduces helper to select register bits per pipe, passes CRTC state to PSR enable, sets/clears a chicken register when vblank exceeds vtotal, and updates register definitions.",4,0,0,0,,,,,,,,,78.383,,,,,,
79cac25e51,ollama_gpt-oss_120b,4,"The patch adds the const qualifier to many initialization tables and related pointer parameters in the rtl8xxxu driver, turning read‑only data into true constants and updating function signatures accordingly.",0,0,4,0,,,,,,,,,74.473,,,,,,
79dcd4e840,ollama_gpt-oss_120b,4,"Updates the mt8195 pinctrl devicetree binding YAML, adding a wrapping node for pin configuration groups, reorganizing schema with patternProperties, and providing new examples, thereby improving documentation clarity.",0,0,4,0,,,,,,,,,54.945,,,,,,
7a70d9a1cf,ollama_gpt-oss_120b,3,"The commit adds a runtime check for Xilinx hardware via firmware API, updates Kconfig dependency, and switches to module_platform_driver, preventing the SHA3 driver from loading on unsupported platforms and fixing crashes.",4,0,0,0,,,,,,,,,60.166,,,,,,
7a7b0b4865,ollama_gpt-oss_120b,4,"Refactors the qla2xxx EDIF BSG interface by adding a version field to structures, inserting version checks, and removing unused fields and interfaces, preparing for future enhancements.",0,0,4,0,,,,,,,,,74.127,,,,,,
7ac7bfe746,ollama_gpt-oss_120b,4,"The commit fixes a misspelled word in a comment of opa_vnic.h, changing ""structrue"" to ""structure"". It only modifies documentation, leaving code behavior unchanged.",0,0,4,0,,,,,,,,,64.633,,,,,,
7afc1f6977,ollama_gpt-oss_120b,4,"The commit introduces device‑tree bindings for the Qualcomm SM6350 camera clock controller, adding a YAML schema and a header with clock and GDSC identifiers, enabling kernel support for this hardware.",0,0,0,4,,,,,,,,,54.247,,,,,,
7b0ac469e3,ollama_gpt-oss_120b,4,"The commit changes rtl8xxxu_print_chipinfo to compute the chip cut character directly, supporting values 0‑15 (A‑P) instead of a limited switch, thus eliminating ""unknown"" for valid cuts.",4,0,0,0,,,,,,,,,68.582,,,,,,
7b45b51e77,ollama_gpt-oss_120b,3,"The patch changes workqueue early init to fetch the housekeeping cpumask for HK_FLAG_WQ separately and then intersect it with HK_FLAG_DOMAIN, removing the combined flag variable. This prepares each HK_FLAG_* to be handled independently for future cpuset support.",0,0,4,0,,,,,,,,,64.526,,,,,,
7b7c22ccdf,ollama_gpt-oss_120b,4,"The commit updates the MAINTAINERS file, changing John Garry's email address from a Huawei domain to an Oracle domain. No code or functional changes are introduced.",0,0,0,0,,,,,,,,,58.647,,,,,,
7b8b82224c,ollama_gpt-oss_120b,4,"Removes the .owner field from the platform driver definition because the core automatically sets it, eliminating a platform_no_drv_owner.cocci warning.",0,0,4,0,,,,,,,,,86.143,,,,,,
7ba63521a1,ollama_gpt-oss_120b,4,"Adds power-management support to the Microchip PCI1XXXX SPI driver by implementing suspend/resume callbacks, storing and restoring hardware configuration, and registering the driver’s pm ops.",0,0,0,4,,,,,,,,,64.032,,,,,,
7bd7ad3c31,ollama_gpt-oss_120b,3,"The patch changes the baud‑rate handling in the FTDI USB‑serial driver: it replaces the post‑switch fallback check with a default case that logs unsupported rates and falls back to 9600, correcting the long‑standing mis‑mapping of 300 bps.",4,0,0,0,,,,,,,,,59.539,,,,,,
7c10dd0a88,ollama_gpt-oss_120b,4,"Adds support for PERF_SAMPLE_DATA_SRC in AMD IBS events by converting IBS raw data into perf_mem_data_src structures, introduces helper functions, updates parsing and offset handling, enabling tools to receive detailed memory access information.",0,0,0,4,,,,,,,,,64.618,,,,,,
7c8881b779,ollama_gpt-oss_120b,4,Adds a vfree(orom_data) on error path in ice_get_orom_civd_data() to prevent a memory leak when ice_read_flash_module fails.,4,0,0,0,,,,,,,,,59.614,,,,,,
7cb29b1c99,ollama_gpt-oss_120b,3,"Adds new BPF self‑tests that verify rejection of read‑only memory passed to global functions and kfuncs, introduces test program test_global_func17.c, and updates test harness to run two variants, expanding test coverage.",0,0,0,4,,,,,,,,,68.989,,,,,,
7cbb6681d7,ollama_gpt-oss_120b,4,"The commit introduces a sysfs ""label"" attribute for ChromeOS EC sensors, mapping known sensor locations to human‑readable labels, and removes the previous non‑standard ""location"" attribute and related code.",0,0,0,4,,,,,,,,,73.324,,,,,,
7cbeeb0553,ollama_gpt-oss_120b,3,"The commit corrects the fsl,clk-source property in the LX2160A device tree from <0> to /bits/ 8 <0>, matching its uint8 type and removing a warning about property length.",4,0,0,0,,,,,,,,,66.469,,,,,,
7d547dcf97,ollama_gpt-oss_120b,4,Adds Roman Gushchin as a co‑maintainer for the memory controller subsystem by inserting his entry into the MAINTAINERS file.,0,0,0,0,,,,,,,,,52.53,,,,,,
7dae459f5e,ollama_gpt-oss_120b,4,"The patch removes the unused iscsi_create_conn function and replaces its use with iscsi_alloc_conn followed by iscsi_add_conn after the connection's data is initialized, preventing a NULL pointer dereference when userspace accesses sysfs attributes.",4,0,0,0,,,,,,,,,71.565,,,,,,
7dc65e3c0e,ollama_gpt-oss_120b,4,The patch changes the cast of of_device_get_match_data() from enum mxcmci_type to uintptr_t to silence a clang warning about casting a void pointer to a smaller integer type.,0,0,4,0,,,,,,,,,73.308,,,,,,
7e193a42c3,ollama_gpt-oss_120b,4,"Adds bitrate_const to can_changelink() validation, correcting the omission that prevented configuring fixed‑bitrate CAN devices without a no‑op do_set_bittiming callback.",4,0,0,0,,,,,,,,,64.973,,,,,,
7e271f42a5,ollama_gpt-oss_120b,4,"Adds cleanup of stream_ctx_array on allocation failure in xhci_alloc_stream_info, calling xhci_free_stream_ctx to prevent a memory leak.",4,0,0,0,,,,,,,,,59.827,,,,,,
7e47607133,ollama_gpt-oss_120b,3,Adds NULL checks after ioremap calls in the ray_cs driver and jumps to error handling to avoid dereferencing NULL pointers.,0,4,0,0,,,,,,,,,64.474,,,,,,
7e97cfed99,ollama_gpt-oss_120b,4,"The patch changes vsock_connect to use mod_delayed_work instead of schedule_delayed_work and adds a sock_put when the work was already pending, eliminating a reference‑count leak reported by syzbot.",4,0,0,0,,,,,,,,,61.847,,,,,,
7ea75dd386,ollama_gpt-oss_120b,4,"The commit replaces the legacy i2c-at91 text binding with a new Device Tree JSON schema YAML file, adding the schema and removing the old .txt documentation.",0,0,4,0,,,,,,,,,58.309,,,,,,
7f8170686d,ollama_gpt-oss_120b,4,"Moves the LCOUNT mask constant from inline GENMASK usage to a named macro in sdw_intel.h, updating references in intel.c and intel_init.c to use the macro.",0,0,4,0,,,,,,,,,60.032,,,,,,
7fa6c0fe8b,ollama_gpt-oss_120b,4,"The patch modifies map_block() to reset handle and size, call get_hw_block_id(), and return early on error, ensuring no valid handle is returned when the hardware block ID lookup fails.",4,0,0,0,,,,,,,,,59.174,,,,,,
7fe05e125d,ollama_gpt-oss_120b,4,"The patch corrects the WARN_ON condition in ice_vsi_rebuild to also test the VF pointer, preventing a kernel warning and crash when resetting virtual functions.",4,0,0,0,,,,,,,,,62.033,,,,,,
8001fa240f,ollama_gpt-oss_120b,4,"The patch deletes the fallback attempt to set a 32‑bit DMA mask after a 64‑bit mask call, because the 64‑bit call never fails when dev->dma_mask is set. This removes dead code in two driver files.",0,0,4,0,,,,,,,,,59.328,,,,,,
8007935305,ollama_gpt-oss_120b,3,"Adds a call to set_counter_value in armada_37xx_wdt_set_timeout so the hardware watchdog counter is updated when the timeout is changed via ioctl, fixing the failure where the timeout was not applied.",4,0,0,0,,,,,,,,,63.342,,,,,,
801179b670,ollama_gpt-oss_120b,4,"The commit removes the redundant is_enabled field and its related enable/disable/is_enabled functions from the ux500 PRCMU clock driver, using the core's existing enable count.",0,0,4,0,,,,,,,,,78.277,,,,,,
805a3ebed5,ollama_gpt-oss_120b,4,"Reorganizes XIP‑related #ifdef macros in arch/riscv/mm/init.c, moving pt_ops macro next to other XIP definitions, grouping related macros, and removing redundant #ifdef blocks while adding an extern declaration.",0,0,4,0,,,,,,,,,76.225,,,,,,
80890c5ea0,ollama_gpt-oss_120b,3,"The patch introduces a device counter and mutex to track registered target devices, allowing the db_root configuration to be changed only when no devices are present, fixing the previous blanket restriction.",4,0,0,0,,,,,,,,,85.375,,,,,,
8094029330,ollama_gpt-oss_120b,4,"Adds error‑path cleanup for legacy kprobe events in libbpf: when determining the kprobe type or opening the perf event fails, the newly created kprobe_event is removed, fixing the -EBUSY issue when livepatch and kprobe coexist.",4,0,0,0,,,,,,,,,65.502,,,,,,
80d691854f,ollama_gpt-oss_120b,4,"Adds MediaTek mt8186 SCP support to the remoteproc driver by defining new registers, implementing a before‑load routine, providing an of_data structure, and registering the compatible device.",0,0,0,4,,,,,,,,,60.964,,,,,,
81188dd195,ollama_gpt-oss_120b,4,"Adds module parameters to the speakup_dummy driver, allowing default driver variables to be set at boot by converting the var array to an indexed enum and exposing each variable's default_val via module_param_named.",0,0,0,4,,,,,,,,,62.873,,,,,,
8262499426,ollama_gpt-oss_120b,4,"Adds a deprecated ""riscv,clint0"" compatible string to the sifive,clint DT binding to stop dt-validate errors for QEMU-generated DTBs.",4,0,0,0,,,,,,,,,65.481,,,,,,
82806744fd,ollama_gpt-oss_120b,4,"The patch modifies swiotlb_max_mapping_size() to subtract alignment padding derived from the device's minimum alignment mask, ensuring the reported max DMA mapping size respects slot alignment and fixing boot failures on Hyper‑V VMs with forced swiotlb.",4,0,0,0,,,,,,,,,80.549,,,,,,
829ec038c9,ollama_gpt-oss_120b,4,"Switches command buffer handling to the unified memory manager, removing the legacy cb_mgr structures and related functions, updating all callers to use hl_mem_mgr APIs, and cleaning up associated code.",0,0,4,0,,,,,,,,,80.366,,,,,,
82cd4bacff,ollama_gpt-oss_120b,4,"Modifies vmbus_request_addr to return VMBUS_RQST_ERROR for a zero transaction ID, preventing a NULL dereference in netvsc_send_completion, and clarifies comments about ID 0 reservation.",4,0,0,0,,,,,,,,,66.368,,,,,,
831f87424d,ollama_gpt-oss_120b,3,"The patch adds fields to the source buffer, implements a function to detect resolution/pixfmt changes, updates capture queue parameters, and integrates this logic into the JPEG parser, enabling dynamic resolution handling.",0,0,0,4,,,,,,,,,68.715,,,,,,
836e49e103,ollama_gpt-oss_120b,4,"Replace memcpy with copy_map_value in bpf_selem_alloc to avoid copying the spin‑lock field of map values, ensuring the lock remains zeroed as allocated.",4,0,0,0,,,,,,,,,54.372,,,,,,
837cf45df1,ollama_gpt-oss_120b,4,"The patch fixes a race where multiple ADD_ADDR options could overwrite the stored remote address after releasing the PM lock, by caching the address earlier, handling missing port values, and ensuring the echoed address matches the received one.",4,0,0,0,,,,,,,,,52.393,,,,,,
8450813136,ollama_gpt-oss_120b,4,"The commit separates Zynq A05 DDR controller from the generic Synopsys DDRC ECC binding, updates the Synopsys schema, adds a new binding file for Zynq A05, and updates MAINTAINERS accordingly.",0,0,4,0,,,,,,,,,72.67,,,,,,
849c19d149,ollama_gpt-oss_120b,3,"Removes the ""status = \""okay\"""" line from the i2s1 node in the Rock Pi 4 device tree, disabling the I2S1 controller so its pins can function as GPIO, aligning with the hardware's default behavior.",4,0,0,0,,,,,,,,,55.18,,,,,,
84c9829d16,ollama_gpt-oss_120b,4,"The patch adds two clock definitions (adc_adclk, adc_pclk) and two reset definitions (ADC_PRESETN, ADC_ADRST_N) for the ADC block in the Renesas r9a07g043 CPG driver.",0,0,0,4,,,,,,,,,88.719,,,,,,
84d46e1fc3,ollama_gpt-oss_120b,4,"The patch deletes the declaration and assignment of the variable 'mdss' in msm_drv.c because the code that used it was removed, eliminating a clang -Wunused-but-set-variable warning.",0,0,4,0,,,,,,,,,66.936,,,,,,
8512559741,ollama_gpt-oss_120b,3,"Adds skb drop reason enums and tracing, updates tcp_v4_rcv to set and pass a drop reason to kfree_skb_reason, improving diagnostics without changing packet handling logic.",0,0,3,0,,,,,,,,,41.214,,,,,,
854d8e3616,ollama_gpt-oss_120b,4,"Removes now‑unnecessary comment and overflow‑check in highmem_dirtyable_memory after earlier fix ensures x cannot be negative, simplifying the function.",0,0,4,0,,,,,,,,,64.753,,,,,,
8551ed70dd,ollama_gpt-oss_120b,3,"Updates MAINTAINERS to reference the new YAML binding files for Mediatek JPEG driver, fixing a broken reference that caused get_maintainer.pl to report an error and generalizing the entry for both decoder and encoder.",4,0,0,0,,,,,,,,,69.406,,,,,,
85c73bf726,ollama_gpt-oss_120b,4,"The patch replaces the old xfs_buf_incore() function with a new API that returns an error code and outputs the buffer via a pointer, adds XBF_INCORE flag, updates callers to handle errors, and removes the obsolete wrapper, making buffer handling consistent across XFS.",0,0,4,0,,,,,,,,,82.049,,,,,,
862a876c3a,ollama_gpt-oss_120b,3,"The patch fixes the DSC slice calculation in the AMD DRM driver by moving the feasibility check before zeroing min slices, ensuring both min and max slices must fit the pixel clock.",4,0,0,0,,,,,,,,,60.111,,,,,,
868695e43b,ollama_gpt-oss_120b,4,"Adds clock and reset definitions for PWM channels 8‑14 in the Renesas r9a09g011 CPG driver, exposing them to Linux and marking the APB clock as critical.",0,0,0,4,,,,,,,,,53.397,,,,,,
872ad758f9,ollama_gpt-oss_120b,4,"The patch corrects FDMA MTU handling by reading the hardware MTU, adding space for skb_shared_info and VLAN headers, and fixing the register write on error, ensuring proper page order calculation and preventing allocation failures when MTU changes.",4,0,0,0,,,,,,,,,58.606,,,,,,
879e5ac7b2,ollama_gpt-oss_120b,4,"Adds support for dumping the non‑protected nVHE hypervisor stacktrace from EL1 by introducing a stacktrace info struct and functions that record stack base, overflow base, FP and PC, and invoking them on panic.",0,0,0,4,,,,,,,,,63.804,,,,,,
886e09c77d,ollama_gpt-oss_120b,4,"Corrects a typo in the driver’s error log, changing ""failed to register PMC"" to ""failed to register PCM"".",0,0,4,0,,,,,,,,,59.436,,,,,,
89b3554782,ollama_gpt-oss_120b,4,"The patch adds a line in amdgpu_vkms_sw_init to set fb_modifiers_not_supported = true, addressing GDM3 start failures on virtual displays caused by missing modifier support in vkms.",4,0,0,0,,,,,,,,,57.845,,,,,,
89c30dd221,ollama_gpt-oss_120b,3,"The commit corrects the Chinese translation of the devicetree usage-model documentation, keeping the term 'machine_desc' untranslated by adjusting a few lines in the .rst file.",0,0,4,0,,,,,,,,,69.3,,,,,,
8a85007c83,ollama_gpt-oss_120b,3,"Adds internal helper functions to read block data and verify block register presence, avoiding errors with PEC, by integrating status checks and fault clearing.",0,4,0,0,,,,,,,,,67.492,,,,,,
8af028c2b2,ollama_gpt-oss_120b,4,"Replaces the multiline macro vt6655_mac_word_reg_bits_off with an equivalent static function, updates the header, and removes the macro definition to satisfy checkpatch requirements.",0,0,4,0,,,,,,,,,57.038,,,,,,
8b1ac84dcf,ollama_gpt-oss_120b,4,"The commit adjusts the sysfs-fs-erofs ABI documentation to correct indentation and block‑quote formatting, eliminating Sphinx warnings during HTML doc generation.",0,0,4,0,,,,,,,,,59.787,,,,,,
8b1b4730b0,ollama_gpt-oss_120b,3,"Adds fields and code to correctly initialize BA CAM for 8852c (bacam_v1) chips, fixing wrong H2C content and providing dynamic entry setup.",4,0,0,0,,,,,,,,,77.055,,,,,,
8b3120dfc1,ollama_gpt-oss_120b,4,Adjusts indentation in dcn32_hwseq.c to resolve a smatch warning; no functional code changes.,0,0,4,0,,,,,,,,,73.135,,,,,,
8b3a9ad862,ollama_gpt-oss_120b,4,"The patch introduces separate TX and RX FIFO flush bits, adds a flag to indicate shared flush behavior, and updates startup logic to flush the appropriate FIFO before activation, fixing the bug where RX FIFO was never flushed on SoCs with independent bits.",4,0,0,0,,,,,,,,,58.328,,,,,,
8bad51c689,ollama_gpt-oss_120b,4,"Enables the QUP and GPI DMA nodes in the sm6350 device tree by setting their status to ""okay"", preparing the platform for future I2C support.",0,0,0,4,,,,,,,,,74.141,,,,,,
8c70bd5802,ollama_gpt-oss_120b,4,"Adds PCI device IDs for Intel Raptor Lake PCH‑S LPSS variants to the intel‑lpss driver, enabling the kernel to recognize and bind these new devices.",0,0,0,4,,,,,,,,,58.417,,,,,,
8c8e5b6ae4,ollama_gpt-oss_120b,4,"Removes a duplicated word 'to' from a comment in drivers/crypto/n2_core.c, cleaning up documentation without changing code behavior.",0,0,4,0,,,,,,,,,64.252,,,,,,
8cbd4725ff,ollama_gpt-oss_120b,4,"Adds Accuphase DAC-60 USB ID to the DSD format quirk list, enabling native DSD playback for that device.",0,0,0,3,,,,,,,,,56.182,,,,,,
8da1170a16,ollama_gpt-oss_120b,4,"Adds full support for the VCN 4.0 IP block, including firmware handling, initialization, power/clock gating, ring management, and interrupt handling in the AMDGPU driver.",0,0,0,4,,,,,,,,,81.359,,,,,,
8db41f733d,ollama_gpt-oss_120b,3,"Adds EXPORT_SYMBOL_GPL lines for decoder power‑management functions so they are visible when the driver is built as a module, enabling other components to call them.",0,0,0,3,,,,,,,,,65.428,,,,,,
8ebcc62c73,ollama_gpt-oss_120b,4,"Adds READ_ONCE() around accesses to net->ipv4.sysctl_igmp_qrv in IGMP and AMT code to eliminate concurrent read/write races, fixing a data‑race bug.",4,0,0,0,,,,,,,,,66.09,,,,,,
8ef6e1ba71,ollama_gpt-oss_120b,4,"The patch introduces a local boolean variable rx_timeout that stores the result of the UART IIR RX timeout check, then uses it in the subsequent conditional. No functional behavior changes, only refactoring for clarity.",0,0,4,0,,,,,,,,,54.654,,,,,,
8f0588e80e,ollama_gpt-oss_120b,3,"Adds proper error handling for nvmem_device_find returns and safe release of nvmem devices, fixing crashes caused by dereferencing error pointers.",4,0,0,0,,,,,,,,,60.26,,,,,,
8f40baded4,ollama_gpt-oss_120b,4,"The patch renames the macro ID_AA64MMFR2_EL1_LVA_SHIFT to ID_AA64MMFR2_EL1_VARange_SHIFT in several ARM64 files, updating all references to align with the official DDI0487H.a naming. No functional behavior changes.",0,0,4,0,,,,,,,,,72.924,,,,,,
8f5a9371e6,ollama_gpt-oss_120b,4,"The patch updates comments and formatting in rzg2l_thermal.c: replaces a vague macro comment, corrects a typo, and moves block comments to separate lines per coding style.",0,0,4,0,,,,,,,,,84.65,,,,,,
901a30cf5f,ollama_gpt-oss_120b,4,"The patch removes a duplicated 'the' in a comment of vas.c, fixing a typo and improving comment clarity.",0,0,4,0,,,,,,,,,64.196,,,,,,
905eebcf28,ollama_gpt-oss_120b,4,"The commit deletes the unused variable `cnt` from recv_func in the r8188eu driver, simplifying the pending‑frame loop without altering runtime behavior.",0,0,4,0,,,,,,,,,58.744,,,,,,
907862e9ae,ollama_gpt-oss_120b,4,"The patch replaces a busy‑wait loop that could spin forever when the hardware semaphore cannot be obtained (e.g., after surprise removal) with a check that logs an error and aborts the release, thus eliminating the infinite loop.",4,0,0,0,,,,,,,,,71.3,,,,,,
9087c6ff8d,ollama_gpt-oss_120b,4,"Moves maybe_wait_bpf_programs() out of the per‑element loop in generic_map_delete_batch() to after the loop, as the RCU barrier is only needed before returning to userspace, reducing unnecessary synchronization.",0,0,4,0,,,,,,,,,67.018,,,,,,
90b13cdde1,ollama_gpt-oss_120b,3,"The patch refactors the KVM state_test self‑test to stop using a hard‑coded VCPU_ID, creates the VM with vm_create_with_one_vcpu, passes a struct kvm_vcpu pointer, and switches to vcpu_run, simplifying the test code.",0,0,4,0,,,,,,,,,61.538,,,,,,
90b8c2c8f9,ollama_gpt-oss_120b,4,"Replaces CONFIG_PM_SLEEP #ifdef guards with pm_sleep_ptr() and DEFINE_SIMPLE_DEV_PM_OPS in vf610 DAC driver, simplifying compile‑time handling of power‑management code.",0,0,4,0,,,,,,,,,55.291,,,,,,
9102b78b6f,ollama_gpt-oss_120b,4,"The commit updates the header comment of tools/testing/radix-tree/maple.c, changing the description line and extending the copyright notice from 2018 to 2018‑2022 and adding an Author line. No code behavior is altered.",0,0,4,0,,,,,,,,,57.002,,,,,,
913c4a3e19,ollama_gpt-oss_120b,4,"The patch drops the unused i2c_device_id argument from rc5t583_i2c_probe and registers the driver with the newer .probe_new callback, modernizing the driver to the current I2C driver API.",0,0,4,0,,,,,,,,,52.954,,,,,,
914813cc52,ollama_gpt-oss_120b,3,"The patch adds early NULL returns in vchiq_get_state when the remote pointer is missing or not initialized, and restructures the logic for clearer flow and logging.",4,0,0,0,,,,,,,,,55.149,,,,,,
91592b5c0c,ollama_gpt-oss_120b,4,"The patch moves efi32_pe_entry into the .text section, replaces absolute relocations with relative offsets, and adjusts address calculations, enabling the function to be extracted to a separate compilation unit later.",0,0,4,0,,,,,,,,,62.12,,,,,,
91776af1d8,ollama_gpt-oss_120b,4,"The patch relocates two constant arrays defining CEC register offsets from the public header to the CEC driver source file, eliminating unused-variable warnings when the CEC feature is disabled.",0,0,4,0,,,,,,,,,55.029,,,,,,
92039e8c08,ollama_gpt-oss_120b,3,"Adds the CLK_OPS_PARENT_ENABLE flag to pixel and byte clock sources in the SM6350 display clock driver so that the parent clock is enabled before rate changes, fixing failures in set_rate.",4,0,0,0,,,,,,,,,61.914,,,,,,
9231bb1b25,ollama_gpt-oss_120b,4,"The patch renames the driver’s master/slave mode flag to provider_mode and updates the ASoC DAI format handling to use the newer CLOCK_PROVIDER masks, adjusting related logic and error messages.",0,0,4,0,,,,,,,,,78.851,,,,,,
92f78f81ac,ollama_gpt-oss_120b,3,"Adds a command‑specific flag to gsi_channel_data_valid and runtime checks for direction, TLV count limits and TRE size, ensuring IPA command channels are correctly configured.",0,4,0,0,,,,,,,,,65.683,,,,,,
932be3e95b,ollama_gpt-oss_120b,3,"The patch corrects the layout of the packed result_data_desc struct by replacing mixed‑type fields with uniform 32‑bit bit‑fields, eliminating unintended padding that broke zero‑initialisation and size calculations.",4,0,0,0,,,,,,,,,72.755,,,,,,
93a8417088,ollama_gpt-oss_120b,4,"Adds a read‑back of VCAP filter counters before moving a filter, preventing stale hit counts from being written to hardware and correcting wrong statistics.",4,0,0,0,,,,,,,,,72.777,,,,,,
944d95f766,ollama_gpt-oss_120b,4,"The commit deletes a conditional IS_SWAPFILE macro definition in fs/nfs/file.c because the macro is always defined elsewhere, removing dead code.",0,0,4,0,,,,,,,,,85.397,,,,,,
947934e389,ollama_gpt-oss_120b,4,"The patch corrects the regulator bypass enable check by using the .is_enabled() operation instead of .enable, which cannot determine current state, and removes an unused variable, ensuring proper error handling when the regulator is already enabled.",4,0,0,0,,,,,,,,,63.528,,,,,,
949cd0b5c2,ollama_gpt-oss_120b,3,"Adds a completed_id field to gsi transaction tracking, updates move/complete/polled logic to maintain this ID, and removes temporary warnings, improving internal state tracking and consistency checks.",0,0,3,0,,,,,,,,,72.765,,,,,,
9536923d3f,ollama_gpt-oss_120b,4,"The commit deletes the now‑unused tstamp pointer from mlx5e_txqsq and removes related assignments in the driver, cleaning up dead code after a prior PTP migration.",0,0,4,0,,,,,,,,,64.16,,,,,,
9577fc5fdc,ollama_gpt-oss_120b,3,"The patch modifies i2c read functions to handle negative i2c errors separately, avoiding a misleading ""Invalid frame length"" error message and returning the original error code.",4,0,0,0,,,,,,,,,58.316,,,,,,
957f60273a,ollama_gpt-oss_120b,3,"The commit updates the ath11k device‑tree binding documentation to include qcom,smem‑states and qcom,smem‑state‑names properties, enabling Wake on Wireless support for the WCN6750 chipset.",0,0,0,4,,,,,,,,,79.073,,,,,,
95b39792c6,ollama_gpt-oss_120b,3,"The patch adds a local macro AGGREGATOR_MAX_GPIOS (512) and replaces all uses of ARCH_NR_GPIOS in the gpio‑aggregator driver for bitmap allocation, parsing, and iteration, removing reliance on the system‑wide GPIO count.",0,0,4,0,,,,,,,,,58.899,,,,,,
95b8f316ae,ollama_gpt-oss_120b,4,"The patch reformats block comments in rtw_cmd.c to use the standard /* ... */ style without extra asterisks, aligning with drivers/net coding conventions.",0,0,4,0,,,,,,,,,54.432,,,,,,
96fed779d3,ollama_gpt-oss_120b,4,"Adds a new Device Tree binding YAML file for the Renesas RZ/G2L interrupt controller, defining compatible strings, interrupt cells, registers, clocks, power domains, resets, and an example node.",0,0,0,4,,,,,,,,,65.625,,,,,,
97115f5f0f,ollama_gpt-oss_120b,3,"The commit changes the return type of PS_RDY_CHECK from u8 to bool, reflecting that the function returns true/false, improving type correctness.",0,0,4,0,,,,,,,,,58.566,,,,,,
97236ad5a6,ollama_gpt-oss_120b,4,"Adds a check in gfs2_glock_dq to skip dequeuing when a GL_ASYNC holder was already removed after a failed async lock, fixing a race condition.",4,0,0,0,,,,,,,,,57.015,,,,,,
972aa1a161,ollama_gpt-oss_120b,4,"The patch removes the driver‑specific yesno() helper and replaces its uses with the kernel‑wide str_yes_no() from string_helpers.h, adding the appropriate header.",0,0,4,0,,,,,,,,,75.253,,,,,,
97558d170a,ollama_gpt-oss_120b,4,"The patch deletes an assignment that accessed the slot_data array with an invalid slot index when JPEG parsing fails, preventing out‑of‑bounds access and the resulting kernel panic.",4,0,0,0,,,,,,,,,65.112,,,,,,
9794c30841,ollama_gpt-oss_120b,4,"Adds two compatible strings for DH electronics i.MX8M Plus DHCOM and PDK2 boards to the arm/fsl.yaml devicetree binding file, updating documentation.",0,0,4,0,,,,,,,,,68.651,,,,,,
98047313cd,ollama_gpt-oss_120b,3,"The patch stores the original end address (last) before the translation loop and passes it unchanged to vhost_iotlb_itree_first, fixing incorrect range handling during descriptor translation.",4,0,0,0,,,,,,,,,51.855,,,,,,
9847f21225,ollama_gpt-oss_120b,4,"Adds a guard (i > 0) before accessing args[i-1] in next_arg, preventing out‑of‑bounds read that caused a kernel page fault when parsing quoted arguments.",4,0,0,0,,,,,,,,,59.372,,,,,,
984fed5686,ollama_gpt-oss_120b,4,"Reorders functions and variables in the via686a hwmon driver to eliminate unnecessary forward declarations, moving static definitions earlier; no functional changes.",0,0,4,0,,,,,,,,,63.626,,,,,,
99387b0160,ollama_gpt-oss_120b,3,"The patch adds checks to skip frequency QoS updates when the ACPI _PPC value hasn't changed and aligns init handling with a default ""no limit"" QoS value, improving efficiency and consistency.",0,0,4,0,,,,,,,,,61.004,,,,,,
994b7ac169,ollama_gpt-oss_120b,3,"The commit deletes the arm64 entry from scripts/head-object-list.txt, removing the previous forced link order for head.o because the linker script already places the required header correctly.",0,0,4,0,,,,,,,,,58.337,,,,,,
997b99e3b3,ollama_gpt-oss_120b,3,"The patch adds RAS‑DES register definitions, introduces a ras_des_cap field, discovers the capability offset at runtime, and replaces hard‑coded offsets in the Tegra194 driver with the discovered value.",4,0,0,0,,,,,,,,,73.624,,,,,,
9995c1d096,ollama_gpt-oss_120b,3,"Adds be_pause counter and fe_pause flag to backend PCM handling, changing STOP to PAUSE when all streams are paused, improving resource management for PAUSE_RELEASE transitions.",4,0,0,0,,,,,,,,,85.587,,,,,,
99bd995655,ollama_gpt-oss_120b,4,"Adds a configurable feature to track and display modules that taint the kernel when they are unloaded, including new Kconfig option, Makefile entry, data structures, helper functions, and printing logic.",0,0,0,4,,,,,,,,,84.538,,,,,,
99df7a2810,ollama_gpt-oss_120b,4,"Adds a lockdown check to the /proc/powerpc/ofdt write path, preventing untrusted device‑tree modifications when kernel lockdown is active; also introduces LOCKDOWN_DEVICE_TREE enum and description.",0,4,0,0,,,,,,,,,61.042,,,,,,
9a34161a0b,ollama_gpt-oss_120b,3,"Adds .legacy_dai_naming = 1 to ADI AXI I2S and AXI SPDIF component drivers, switching them to legacy DAI naming mode required by the new naming scheme.",0,0,0,4,,,,,,,,,63.947,,,,,,
9a7a1be6b6,ollama_gpt-oss_120b,4,"Replaces kzalloc(sizeof(*config) * 4) with kcalloc(4, sizeof(*config)) to allocate an array, adding overflow checks and using the appropriate allocator.",0,4,0,0,,,,,,,,,66.045,,,,,,
9a938eba8d,ollama_gpt-oss_120b,4,"The patch removes the unused regs pointer from coredump_params, replacing its use with task_pt_regs(current) in ELF core dump handling, and deletes the struct member, simplifying the code.",0,0,4,0,,,,,,,,,60.614,,,,,,
9a9acdccdf,ollama_gpt-oss_120b,3,"Adds a missing dma_release_channel() call in emac_probe() error handling to release the DMA channel allocated earlier, fixing a resource leak.",4,0,0,0,,,,,,,,,65.246,,,,,,
9ad1230533,ollama_gpt-oss_120b,3,"The patch changes several Btrfs ioctl helper functions to accept a struct inode pointer directly instead of a struct file, removing repeated file_inode() calls. Call sites are updated accordingly, and the send ioctl signature is adjusted. This refactors the code for reuse of the already‑extracted inode.",0,0,4,0,,,,,,,,,60.627,,,,,,
9ae551ded5,ollama_gpt-oss_120b,3,"The patch replaces a manual lookup of ACPI device match data with the generic device_get_match_data() call and marks the methods pointer as const, removing redundant code.",0,0,4,0,,,,,,,,,54.825,,,,,,
9aeb7f99a1,ollama_gpt-oss_120b,4,"Adds rdev_mdlock_deref helper for safe RCU dereference under mddev_lock, replaces direct dereferences with it, adds lockdep assertion, and removes sparse warnings.",0,0,4,0,,,,,,,,,65.46,,,,,,
9af41cc334,ollama_gpt-oss_120b,4,"Implements kernel‑side handling of GTP Echo Request messages by generating Echo Responses for GTPv0 and GTPv1‑U, adds restart‑counter attribute and related netlink configuration, and introduces helper structures and routing logic. Enables GTP devices created via ip link to comply with the GTP spec without a userspace daemon.",0,0,0,4,,,,,,,,,53.945,,,,,,
9b392e0e0b,ollama_gpt-oss_120b,4,"Adds a bt_dev_name macro that checks for NULL hdev and updates bt_dev_* logging macros to use it, preventing dereference of a NULL pointer and fixing a kernel crash.",4,0,0,0,,,,,,,,,66.48,,,,,,
9b51d9d866,ollama_gpt-oss_120b,4,"The patch replaces cpumask_next* calls with cpumask_first* equivalents, adds cpumask_first_zero() implementation, and updates several drivers and core code to use the new helpers.",0,0,4,0,,,,,,,,,77.171,,,,,,
9b60b67519,ollama_gpt-oss_120b,4,"Marks the Clevo mail LED driver as BROKEN in Kconfig and corrects wording, preventing the driver from being built until the problematic brightness‑based blink interface is fixed.",0,4,0,0,,,,,,,,,60.426,,,,,,
9b6bf4d612,ollama_gpt-oss_120b,3,"The patch adds a line that sets the BSS pointer to NULL when the lookup returns an error, preventing later code from attempting to free an error pointer.",4,0,0,0,,,,,,,,,66.538,,,,,,
9b7fd1670a,ollama_gpt-oss_120b,4,"Adds missing bit definitions and conditional logic so Aquantia PHY advertises 2.5G/5G only when those speeds are requested, correcting wrong default advertising.",4,0,0,0,,,,,,,,,66.033,,,,,,
9b80ccda23,ollama_gpt-oss_120b,4,"Adds missing rcu_read_lock/unlock and reference handling in bond_ethtool_get_ts_info to protect against calls via setsockopt, fixing a kernel crash reported by syzbot.",4,0,0,0,,,,,,,,,87.377,,,,,,
9c818d8491,ollama_gpt-oss_120b,3,"Adds extra dev_info messages to log SSP, DMIC and GPIO quirks in the sof_es8336 driver, extending existing logging.",0,0,4,0,,,,,,,,,59.701,,,,,,
9d19d966b4,ollama_gpt-oss_120b,3,"The patch renames the debug‑message fields maxpctksize and maxpcktsize to the correct wMaxPacketSize in f_uac2.c, fixing inconsistent spelling without altering functionality.",0,0,4,0,,,,,,,,,57.728,,,,,,
9d895e4684,ollama_gpt-oss_120b,3,The commit extends perf's JSON conversion to include tracepoint fields by iterating over event format fields and printing them into the JSON output.,0,0,0,4,,,,,,,,,59.33,,,,,,
9db056e950,ollama_gpt-oss_120b,4,"Corrects misspelled words in warning and debug messages in NVMe authentication code, improving log readability.",0,0,4,0,,,,,,,,,84.991,,,,,,
9dd4545f65,ollama_gpt-oss_120b,4,"The commit corrects a duplicated word 'the the' to 'the' in two comment lines (amdgpu_fence.c and atombios.h), improving comment clarity without changing any code behavior.",0,0,4,0,,,,,,,,,71.72,,,,,,
9ec9b79a2b,ollama_gpt-oss_120b,4,"The patch refactors conv_uni_to_pc in consolemap.c, extracting the page directory pointer, adding explicit NULL checks, splitting a complex conditional into simpler steps, and removing an extraneous newline, improving code readability without changing behavior.",0,0,4,0,,,,,,,,,64.189,,,,,,
9ed11999f9,ollama_gpt-oss_120b,4,"Adds a new maintainer entry for the Allwinner A31 MIPI CSI-2 bridge driver in the MAINTAINERS file, listing Paul Kocialkowski and linking to the driver source and DT bindings.",0,0,4,0,,,,,,,,,54.09,,,,,,
9f22f95951,ollama_gpt-oss_120b,3,"Adds device‑specific entries for two Chicony EasyCamera models, mapping them to a limited power‑line control handler to work around their broken implementation.",4,0,0,0,,,,,,,,,54.553,,,,,,
9f92c20279,ollama_gpt-oss_120b,4,"The patch removes the obsolete odm_2to1_policy_applied flag and its comparison, fixing a false change detection that caused unnecessary stream reprogramming and intermittent black screens on HDMI.",4,0,0,0,,,,,,,,,63.524,,,,,,
a014f0ecdd,ollama_gpt-oss_120b,4,"Removes the '@0' unit address from panel endpoint nodes in am335x device tree files, because endpoint nodes must not have a unit address, fixing the 'reg' required property error.",4,0,0,0,,,,,,,,,58.117,,,,,,
a01befa0a2,ollama_gpt-oss_120b,4,"The patch replaces drm_mode_copy with drm_mode_init when initializing an on‑stack drm_mode struct, ensuring the list head is cleared and avoiding stack garbage.",0,4,0,0,,,,,,,,,68.863,,,,,,
a0c5149088,ollama_gpt-oss_120b,4,"The patch replaces a direct uncore register write (intel_uncore_rmw) with the higher‑level intel_de_rmw accessor in the display power initialization, removing low‑level hardware access from display code.",0,0,4,0,,,,,,,,,54.014,,,,,,
a0ccc717c4,ollama_gpt-oss_120b,4,"Adds runtime checks when enumerating VCN and SDMA instances, ensuring the count does not exceed driver‑defined maximums; logs an error if firmware reports excess instances.",0,4,0,0,,,,,,,,,60.0,,,,,,
a156f09c90,ollama_gpt-oss_120b,3,"Adds a function to sort the amode31 exception table early in startup_init and removes the previous call from trap_init, ensuring the table is sorted before the early program‑check handler runs, thus preventing missed entries.",4,0,0,0,,,,,,,,,72.448,,,,,,
a17b984115,ollama_gpt-oss_120b,3,"The commit removes the driver’s reset_resume callback for the xpad wireless controller, letting the USB core rebind the device after a suspend/resume cycle, which prevents the URB hang that broke LED and force‑feedback functionality.",4,0,0,0,,,,,,,,,65.693,,,,,,
a189b2ee93,ollama_gpt-oss_120b,4,"Changes fb_modesetting_disabled in fb.h to a static inline function, eliminating multiple definition linker errors when the header is included in multiple objects.",4,0,0,0,,,,,,,,,61.817,,,,,,
a2ab95a313,ollama_gpt-oss_120b,4,"The commit adds Clause‑45 MDIO PHY management to the lan743x driver: defines MMD access constants, implements helper functions for Clause‑45 reads/writes, updates the MDIO bus to advertise C45 capability, and switches the bus callbacks accordingly.",0,0,0,4,,,,,,,,,65.577,,,,,,
a2e3fe5f24,ollama_gpt-oss_120b,4,"Adds a new stub header tools/include/linux/pfn.h with PFN macros for testing, introducing new code without fixing bugs or improving existing code.",0,0,0,4,,,,,,,,,57.767,,,,,,
a2ed70d0ec,ollama_gpt-oss_120b,3,"The patch stops calling acpi_video_set_dmi_backlight_type() in the Toshiba ACPI driver, removes related dead code, and adds DMI entries in video_detect to force the vendor backlight driver for two Toshiba models, eliminating a race where the acpi_video device briefly appears then disappears.",4,0,0,0,,,,,,,,,63.588,,,,,,
a373f38cd1,ollama_gpt-oss_120b,4,"The patch removes the driver code that queries the 'dtim_assoc' IOVAR after roaming, which always failed and spammed the console, so the driver no longer attempts to get TIM info from firmware.",4,0,0,0,,,,,,,,,75.526,,,,,,
a382f8fee4,ollama_gpt-oss_120b,4,"Replace BUG_ON checks with WARN_ON_ONCE in do_notify_parent to avoid kernel panic during debugging, allowing continuation while still logging unexpected conditions.",0,0,4,0,,,,,,,,,65.191,,,,,,
a39a6b330b,ollama_gpt-oss_120b,4,"Removes three redundant boolean initializations (bPacketMatchBSSID, bPacketToSelf, bPacketBeacon) in update_recvframe_phyinfo_88e of the r8188eu driver, as they are set later before use.",0,0,4,0,,,,,,,,,58.298,,,,,,
a3a9c39704,ollama_gpt-oss_120b,4,"The patch modifies shmem_read_mapping_page_gfp to use shmem_get_folio_gfp, handling folios directly, unlocking with folio_unlock, converting to a page via folio_file_page, and removing extra compound_head() calls, thus streamlining the code.",0,0,4,0,,,,,,,,,70.089,,,,,,
a3b774342f,ollama_gpt-oss_120b,4,"Adds validation for NTFS BOOT sectors_per_clusters, returning -EINVAL for out‑of‑range values and handling the error in init, preventing shift‑out‑of‑bounds UBSAN crash.",4,0,0,0,,,,,,,,,88.973,,,,,,
a3d3280378,ollama_gpt-oss_120b,4,"The patch modifies RISC‑V KASAN early initialization to use pfn_pte/virt_to_pfn instead of mk_pte/virt_to_page, preventing a pfn_to_page call that dereferences a null mem_section when sparsemem is enabled without vmemmap, thereby fixing a boot‑time crash.",4,0,0,0,,,,,,,,,52.571,,,,,,
a4218aef7c,ollama_gpt-oss_120b,3,"The patch reuses a scatter‑gather table cache for normal S/G paths, enlarges the cached buffer size, and replaces per‑packet allocations with get/recycle helpers, adding a macro for max entries.",0,0,4,0,,,,,,,,,68.167,,,,,,
a45194b9de,ollama_gpt-oss_120b,4,"The commit updates the maintainer entry for Krzysztof Kozlowski in the MAINTAINERS file, replacing his old canonical.com email with his kernel.org address.",0,0,0,0,,,,,,,,,57.618,,,,,,
a49c3ab7d7,ollama_gpt-oss_120b,3,"Adds a 'skip' enum value to the qcom,gsi-loader property in the IPA devicetree binding, documenting that firmware loading can be omitted when already loaded.",0,0,0,4,,,,,,,,,76.934,,,,,,
a4c82270f0,ollama_gpt-oss_120b,3,"The commit changes the SDM630 device tree to describe the TCSR mutex as a memory‑mapped hwlock instead of a syscon, adding the required reg property and #hwlock-cells, thereby satisfying DT schema checks.",4,0,0,0,,,,,,,,,73.094,,,,,,
a4cb3651a1,ollama_gpt-oss_120b,4,"The patch corrects interrupt handling on PowerPC/64s by fixing a branch that caused loss of pending soft‑masked IRQs and adds logic to clear the HARD_DIS flag, with explanatory comments.",4,0,0,0,,,,,,,,,66.125,,,,,,
a522b7ad8e,ollama_gpt-oss_120b,3,"Adds an io_master helper, removes a duplicate definition, and changes CPU hotpluggable flag logic so IO master CPUs are not marked hotpluggable, preventing sysfs control file creation.",4,0,0,0,,,,,,,,,62.604,,,,,,
a570e68fab,ollama_gpt-oss_120b,4,"Deletes the unused variable 'last' and its assignment in remove_siblinginfo() of arch/ia64/kernel/smpboot.c, eliminating dead code without changing runtime behavior.",0,0,4,0,,,,,,,,,78.717,,,,,,
a59f7a7f76,ollama_gpt-oss_120b,3,"Updates the fp selftest Makefile to use TEST_GEN_PROGS_EXTENDED for generated programs, moving appropriate binaries from TEST_PROGS_EXTENDED and keeping script-based stress tests there, adjusting the all target accordingly.",0,0,4,0,,,,,,,,,63.291,,,,,,
a5a923038d,ollama_gpt-oss_120b,4,"Adds rollback of font data, dimensions, and userfont state when vc_resize fails, restoring previous values to prevent inconsistent console state, addressing a syzbot‑reported page fault bug.",4,0,0,0,,,,,,,,,59.245,,,,,,
a5e9e202fe,ollama_gpt-oss_120b,3,"Adds a 'power-domains' property to the MediaTek vcodec encoder device-tree binding documentation, enabling the encoder node to reference a power domain.",0,0,4,0,,,,,,,,,67.464,,,,,,
a63de89bee,ollama_gpt-oss_120b,3,"Adds a case to is_info_event to treat a range of power/thermal events as informational, lowering their log level to info because they do not indicate errors.",0,0,4,0,,,,,,,,,59.508,,,,,,
a683dc5c14,ollama_gpt-oss_120b,4,"Updates the Hirschmann Hellcreek device tree binding YAML to use an absolute $ref path (/schemas/leds/common.yaml#) instead of a relative one, aligning with preferred documentation practice.",0,0,4,0,,,,,,,,,55.615,,,,,,
a7663c89f4,ollama_gpt-oss_120b,4,Adds EXPORT_SYMBOL_GPL for mt6358 driver functions to resolve undefined symbol errors when the codec is built as a module.,4,0,0,0,,,,,,,,,60.927,,,,,,
a772105cfa,ollama_gpt-oss_120b,3,"Reorders bits in dp_128b_132b_supported_lttpr_link_rates struct to follow DP2.0 spec, moving UHBR13_5 after UHBR20.",0,0,4,0,,,,,,,,,65.631,,,,,,
a7786cbae4,ollama_gpt-oss_120b,4,"Adds an early‑return in slim_rx_mux_put to skip updating when the new value equals the current one, preventing unnecessary change notifications that caused spurious events in the wcd9335 ASoC driver.",4,0,0,0,,,,,,,,,58.617,,,,,,
a7ecbe92b9,ollama_gpt-oss_120b,4,"The patch moves spin_lock_irqsave(&card->lock, flags) to enclose accesses of card->local_node and bm_retries in fw_core_handle_bus_reset, and removes internal locking from fw_destroy_nodes, adding a comment that the function must be called with card->lock held. This ensures those fields are always accessed while holding the lock, fixing a race condition in FireWire core handling.",4,0,0,0,,,,,,,,,72.484,,,,,,
a8a0b1f707,ollama_gpt-oss_120b,3,"The patch adds new coexistence policy types, introduces rtw89_btc_set_policy/_v1 functions, moves policy setting into chip_ops, and updates chip operation tables for RTL8852A/C to use the appropriate function, enabling extra features for RTL8852C.",0,0,0,4,,,,,,,,,75.417,,,,,,
a8d412ec98,ollama_gpt-oss_120b,3,"The patch deletes an unused assignment to the variable 'negative' in the ad2s1210 IIO driver, eliminating a dead‑store warning from clang scan‑build.",0,0,4,0,,,,,,,,,54.658,,,,,,
a8db854be2,ollama_gpt-oss_120b,3,"The patch modifies otx2_forward_vf_mbox_msgs to forward AF error codes to the VF by only treating -EIO as a communication failure, allowing other error codes to be passed through, fixing loss of error information.",4,0,0,0,,,,,,,,,68.422,,,,,,
a8e6398ffe,ollama_gpt-oss_120b,3,"The commit removes a conditional that rejected devices when the CHIP_IP_DISCOVERY flag was set, because IP‑based discovery support is now implemented, making the check obsolete.",0,0,4,0,,,,,,,,,76.57,,,,,,
a90b8fc9ca,ollama_gpt-oss_120b,3,"Adds logic to enable/disable automatic GCP based on color depth and deep‑color support, writes the appropriate register bit, and defines the related constant.",4,0,0,0,,,,,,,,,65.818,,,,,,
aa0a20f521,ollama_gpt-oss_120b,3,"The patch changes the IRQ entry assembly to stop using register R9, which is reserved for the task pointer, by moving FP and SP saves to R7 and R8 instead, preserving R9 across IRQ handling.",4,0,0,0,,,,,,,,,57.154,,,,,,
aa303964bc,ollama_gpt-oss_120b,4,"Adds support for VSC info‑packet revision 4 required by PSR‑SU, updating packet header bytes and handling logic, while keeping existing rev2 handling.",0,0,0,4,,,,,,,,,87.831,,,,,,
aa814c51ab,ollama_gpt-oss_120b,3,"Updates tools/tracing/Makefile to add rtla to the default all, install and clean targets, defines new make rules for building, installing and cleaning rtla, and extends the .PHONY list accordingly.",0,0,0,4,,,,,,,,,58.848,,,,,,
aabfe05a82,ollama_gpt-oss_120b,4,"Adds a compatible device entry for the PCA85073A RTC in the PCF85063 driver, enabling kernel recognition of this hardware via I2C and device tree identifiers.",0,0,0,4,,,,,,,,,61.455,,,,,,
ab3593eeef,ollama_gpt-oss_120b,3,"The commit replaces the generic USB PD registration call with a Type‑C‑specific wrapper that passes the partner object as the parent, ensuring the PD object is linked to its Type‑C device.",4,0,0,0,,,,,,,,,61.649,,,,,,
ab9d8032db,ollama_gpt-oss_120b,3,"Adds MMIO‑based MDIO‑mux nodes and related Ethernet PHY definitions to the ls1043a‑qds device tree, updates fpga node compatibility, and creates aliases for the new interfaces.",0,0,0,4,,,,,,,,,73.102,,,,,,
abba345311,ollama_gpt-oss_120b,3,"The patch moves VHT antenna pattern capability bits from sband init to stream init, ensuring TX/RX antenna pattern flags are set for 6 GHz operation, fixing a missing configuration bug.",4,0,0,0,,,,,,,,,87.727,,,,,,
abe3c63144,ollama_gpt-oss_120b,4,"Adds a gfp_t parameter to convert_context and updates its callers to pass GFP_ATOMIC in atomic contexts and GFP_KERNEL elsewhere, removing a BUG caused by sleeping in a spin‑locked section.",4,0,0,0,,,,,,,,,67.472,,,,,,
ac41c2b642,ollama_gpt-oss_120b,3,"Adds a platform shutdown callback for the WCN6750 ath11k AHB device, splitting remove logic and ensuring DMA stops before the SMMU driver shuts down, preventing potential SMMU faults on system shutdown.",0,4,0,0,,,,,,,,,76.594,,,,,,
ac45520960,ollama_gpt-oss_120b,3,"The commit adjusts ocelot_port_bridge_flags to map the NPI port to the CPU port index, allowing bridge port flag configuration on the NPI port for the Felix DSA driver.",0,0,0,4,,,,,,,,,67.382,,,,,,
ac686cbc6f,ollama_gpt-oss_120b,3,"Adds support for the qcom,msm8974-mss-pil compatible string in the MSM8916 MSS PIL DT binding, introducing the mss-supply property and conditional requirement, and removes obsolete references in q6v5.txt.",0,0,0,4,,,,,,,,,54.643,,,,,,
ac78fa502a,ollama_gpt-oss_120b,4,"Adds a null‑pointer check for the OEM DDC service in dc_submit_i2c_oem; if ddc is NULL the function now returns false instead of dereferencing it, preventing crashes.",4,0,0,0,,,,,,,,,88.143,,,,,,
ad30d108a5,ollama_gpt-oss_120b,3,"The commit removes the 'fsl,imx8qm-lpuart' entry from the compatible enum in the fsl-lpuart devicetree binding YAML because i.MX8QM is backward compatible with i.MX8QXP, forcing nodes to list both strings.",0,0,4,0,,,,,,,,,58.425,,,,,,
ad3aa7c31e,ollama_gpt-oss_120b,3,"The patch moves the removal of a context's list link from context_close() to the release work handler, ensuring the list is modified only after the final reference is dropped and under the proper lock, fixing a GPF caused by premature removal. It also corrects spin_lock usage.",3,0,0,0,,,,,,,,,67.041,,,,,,
ad5c5690de,ollama_gpt-oss_120b,3,"Implements a helper to allocate MSIX interrupt vectors for all virtqueues and config interrupt in the ifcvf vDPA driver, adding a new function ifcvf_alloc_vectors and integrating it into the IRQ request flow.",0,0,0,4,,,,,,,,,60.879,,,,,,
ad72c3c3f6,ollama_gpt-oss_120b,4,"Removes an erroneous snd_BUG() in snd_usbmidi_output_open, returning -ENXIO when the port is NULL, thus preventing kernel panic on malformed USB MIDI devices.",4,0,0,0,,,,,,,,,55.523,,,,,,
ad75bd85b1,ollama_gpt-oss_120b,4,"Adds a guard so the probe call is only made when a separate probe address exists, preventing the 0x153 keyboard backlight from being turned off during driver initialization.",4,0,0,0,,,,,,,,,52.019,,,,,,
add61d3c31,ollama_gpt-oss_120b,3,"The patch changes the line‑buffer pixel depth selection: it now uses 36 bpp only on DCN display engines and falls back to 30 bpp for DCE versions, fixing dithering and broken pixel‑passthrough observed on DCE‑11.2 and earlier.",4,0,0,0,,,,,,,,,65.752,,,,,,
ae962e5f63,ollama_gpt-oss_120b,4,"The patch renames a local variable in airtime.c from 'rate' to 'tx_rate' to avoid shadowing the outer 'rate' variable, and adds a 2021 Intel copyright line. No functional changes, only code clarity.",0,0,4,0,,,,,,,,,63.955,,,,,,
aeb8441203,ollama_gpt-oss_120b,4,"The patch replaces direct casts of literal addresses to pointers with the absolute_pointer() macro in boot code, adding temporary pointer variables and updating a cast in main.c, to avoid GCC 11/12 -Warray-bounds warnings.",0,0,4,0,,,,,,,,,65.27,,,,,,
aecf89f2f8,ollama_gpt-oss_120b,4,"The commit adds GPIO button and LED definitions for the Asus RTN-10U board and registers them in the board-specific switch, enabling support for its LEDs and buttons.",0,0,0,4,,,,,,,,,57.177,,,,,,
afb8d5f431,ollama_gpt-oss_120b,4,"The patch removes a mutable irq_chip field, introduces a static immutable irq_chip structure, uses helper to set it, and updates IRQ handling code to use proper gpiolib helpers, addressing kernel warnings about mutable chips.",0,0,4,0,,,,,,,,,63.944,,,,,,
b00e3e03cf,ollama_gpt-oss_120b,3,"The commit modifies the device tree for imx8mp-phycore-som: it removes boot-on/always-on flags from LDO4 (unused) and adds them to LDO5 (required for SD‑Card VSEL), correcting the regulator configuration.",0,4,0,0,,,,,,,,,58.653,,,,,,
b02180e899,ollama_gpt-oss_120b,3,"The patch replaces direct clock enable/disable calls with the driver’s suspend and resume helpers, adds a resume call during initialization, and removes clk_prepare_enable/disable handling, simplifying error paths.",0,0,3,0,,,,,,,,,65.28,,,,,,
b02ba9ed7c,ollama_gpt-oss_120b,4,"The patch updates firmware‑path macros in intel_uc_fw.c to apply underscores uniformly within the macro concatenation, removing hard‑coded underscores from arguments and thus simplifying and standardising filename construction.",0,0,4,0,,,,,,,,,53.779,,,,,,
b087a381d7,ollama_gpt-oss_120b,4,"Adds a wrapper probe function and invokes snd_card_free_on_error to call snd_card_free() on probe failure, fixing the missing cleanup introduced by previous devres changes.",4,0,0,0,,,,,,,,,59.937,,,,,,
b127315d9a,ollama_gpt-oss_120b,4,Adds support for the Apple Audio DMA Controller (ADMAC) by introducing Kconfig and Makefile entries and implementing a full DMA engine driver in drivers/dma/apple-admac.c.,0,0,0,4,,,,,,,,,72.422,,,,,,
b13fa27a4b,ollama_gpt-oss_120b,4,"The patch changes udl_handle_damage to take a drm_rect pointer, removes separate coordinate parameters, updates callers, and uses drm_rect helpers, simplifying the code without altering functionality.",0,0,4,0,,,,,,,,,63.786,,,,,,
b148c8b9b9,ollama_gpt-oss_120b,4,Adds numerous handcrafted and generated structs and expected output sections to BPF selftests to verify btf_dump padding handling.,0,0,4,0,,,,,,,,,61.424,,,,,,
b1a09b6368,ollama_gpt-oss_120b,4,Adds a call to unregister_candev() in the error handling path of mcp251x_can_probe() so the CAN device is properly cleaned up when gpio setup fails.,4,0,0,0,,,,,,,,,65.327,,,,,,
b1bbd3a57b,ollama_gpt-oss_120b,4,"Adjusts indentation of a bullet list line in Documentation/ABI/testing/sysfs-class-thermal to match style, removing a Sphinx warning about bullet list formatting.",4,0,0,0,,,,,,,,,62.21,,,,,,
b1d003f1b7,ollama_gpt-oss_120b,4,"Adds USB_1 over‑current detection to the Verdin i.MX8MP board by configuring the USB controller node as active‑low, defining a new pinctrl for the OC pin, and removing the previous GPIO hog mapping.",0,0,0,4,,,,,,,,,58.095,,,,,,
b24cb2d169,ollama_gpt-oss_120b,3,"Adds support for CMD_ERROR_EVENT in the Kvaser USB leaf driver: defines command code, structs, error codes, updates size tables, and implements handling functions that log warnings/errors for various error conditions.",0,0,0,4,,,,,,,,,61.108,,,,,,
b2d71f275d,ollama_gpt-oss_120b,4,"The patch renames ID_AA64ISAR2_EL1 field macros to include the _EL1 suffix, updating all references across asm, cpufeature, sysreg, KVM, and related code to follow the naming convention; no functional behavior changes.",0,0,4,0,,,,,,,,,64.34,,,,,,
b354eaeec8,ollama_gpt-oss_120b,4,"The patch corrects egress rate‑limit configuration for CN10K devices by adding proper burst constants, handling device type in burst calculation, switching maxrate to 64‑bit, and building the correct register value for both OcteonTx2 and CN10K hardware.",4,0,0,0,,,,,,,,,64.083,,,,,,
b3fd0a86da,ollama_gpt-oss_120b,3,"The patch replaces a BUG_ON check with WARN_ON and adds a return, preventing a kernel panic and satisfying a checkpatch warning in efx_unregister_netdev.",0,0,4,0,,,,,,,,,64.791,,,,,,
b43d0c0a42,ollama_gpt-oss_120b,4,"Makes uid_strings static to avoid stack allocation, reducing code size and improving efficiency.",0,0,4,0,,,,,,,,,58.02,,,,,,
b57774ccf5,ollama_gpt-oss_120b,3,"The patch removes the unused UsbTxAggDescNum member from struct hal_data_8188e, adds a macro USB_TXAGG_DESC_NUM = 0x6, and updates all code to use the macro instead of the struct field.",0,0,4,0,,,,,,,,,55.398,,,,,,
b5fa1d09f1,ollama_gpt-oss_120b,3,"Updates uml_vector_default_bpf to accept a const pointer, adjusting both its definition and prototype to align with recent constification of MAC address handling in the UML vector driver.",0,0,4,0,,,,,,,,,60.973,,,,,,
b61699d2cd,ollama_gpt-oss_120b,3,"Reworks testmode antenna mask handling in the mt7915 driver, replacing chainmask logic with antenna_mask, simplifying condition checks, removing chain‑shift adjustments, and adding mask validation.",0,0,4,0,,,,,,,,,82.556,,,,,,
b653db7735,ollama_gpt-oss_120b,3,"The patch zeroes the page->private field when a page is split or migrated, keeping PG_private flag and private pointer consistent and fixing crashes seen in Ceph and other filesystems.",4,0,0,0,,,,,,,,,65.119,,,,,,
b661a848a5,ollama_gpt-oss_120b,4,"The patch fixes a misspelled word in a comment (""interrrupts"" → ""interrupts"") in acp-pdm.c; it does not alter any executable code.",0,0,4,0,,,,,,,,,67.451,,,,,,
b6a709cb51,ollama_gpt-oss_120b,4,"Adds missing PCS register and bit definitions to the Mediatek Ethernet driver header, updating macros to match discovered hardware details and improving code clarity.",0,0,4,0,,,,,,,,,74.882,,,,,,
b76ecff831,ollama_gpt-oss_120b,4,"Adds a warning when a framebuffer has no associated device, removes obsolete hot‑unplug workaround code, and updates the comment to reflect current expectations.",0,0,4,0,,,,,,,,,65.52,,,,,,
b771aadc6e,ollama_gpt-oss_120b,4,"The commit removes per‑zone capacity handling, adds a single unusable_blocks_per_sec field, updates calculations to use it, and adds validation that all zones have the same capacity, aborting on mismatch.",4,0,0,0,,,,,,,,,64.099,,,,,,
b7bc1c9e5b,ollama_gpt-oss_120b,4,"Adds an SPDX-License-Identifier line to a documentation file and removes the old 'Licensed under GPLv2' text, updating the license reference to the SPDX identifier GPL-2.0-only.",0,0,4,0,,,,,,,,,60.801,,,,,,
b7dc37fcf6,ollama_gpt-oss_120b,4,The patch deletes the unused extern declaration of sni_cpu_time_init() from arch/mips/include/asm/sni.h because the function is no longer referenced anywhere.,0,0,4,0,,,,,,,,,55.183,,,,,,
b808a7eb30,ollama_gpt-oss_120b,3,"The patch moves the call that programs the compbuf size to occur before the clock update in dcn20_optimize_bandwidth, fixing a P-State hang caused by the previous ordering.",4,0,0,0,,,,,,,,,63.946,,,,,,
b888886a45,ollama_gpt-oss_120b,4,"Adds a pinctrl controller node to the MT6795 device tree, including compatible string, register ranges, interrupts, GPIO controller properties, and interrupt controller properties, enabling support for the pinctrl hardware.",0,0,0,4,,,,,,,,,65.129,,,,,,
b8a71b9536,ollama_gpt-oss_120b,4,"The commit fixes numerous spelling mistakes in comments, strings, and documentation throughout the ath10k driver, as flagged by codespell, without altering any functional code.",0,0,4,0,,,,,,,,,79.572,,,,,,
b92d8a6e93,ollama_gpt-oss_120b,3,"The commit deletes unnecessary if‑checks before freeing IRQ and releasing memory in the driver remove routine, simplifying the code.",0,0,4,0,,,,,,,,,54.397,,,,,,
b93d2ec34e,ollama_gpt-oss_120b,4,"Updates KVM documentation to clarify MSR filtering behavior, rewords terminology, fixes an off‑by‑one description, and removes redundant text, without code changes.",0,0,4,0,,,,,,,,,62.312,,,,,,
b98c359f1d,ollama_gpt-oss_120b,3,"The patch renames the swap‑flag accessor from page_swap_flags to folio_swap_flags, updates its implementation to accept a folio, and changes the sole caller in vmscan.c to use the new API, removing an unnecessary page‑to‑folio conversion.",0,0,4,0,,,,,,,,,71.963,,,,,,
b98d2d722f,ollama_gpt-oss_120b,4,"The commit updates warning messages in mlx5e RSS code, replacing references to “LRO state” with the more generic term “packet merge state”, reflecting a naming change. No functional code is altered.",0,0,4,0,,,,,,,,,63.256,,,,,,
b9f3973ab3,ollama_gpt-oss_120b,3,"Implements nested VMLOAD/VMSAVE support in KVM's AMD SVM backend by adding a flag, capability handling, conditional intercept logic, and related helper functions.",0,0,0,4,,,,,,,,,67.779,,,,,,
ba05b39d26,ollama_gpt-oss_120b,4,"The patch modifies cdns_fill_msg_resp to copy response data into msg->buf only for READ messages, leaving the buffer untouched for WRITE commands, thus preventing corruption of the caller's buffer.",4,0,0,0,,,,,,,,,59.991,,,,,,
ba3ea04a25,ollama_gpt-oss_120b,3,"The patch introduces a local variable 'dev' pointing to &pdev->dev and replaces direct uses of &pdev->dev throughout the probe function, reducing repetition and making the code cleaner.",0,0,4,0,,,,,,,,,64.078,,,,,,
bac4b41d91,ollama_gpt-oss_120b,4,"Adds a struct to hold variables previously on the stack for dml32_CalculateSwathAndDETConfiguration, passes a pointer from callers, and updates the function to use struct fields, reducing stack usage.",0,0,4,0,,,,,,,,,71.726,,,,,,
bad0eb76dc,ollama_gpt-oss_120b,3,"The commit refactors the Chinese admin‑guide index documentation, converting plain indented lists into proper bullet list syntax for clearer formatting.",0,0,4,0,,,,,,,,,59.51,,,,,,
bb2aa78e9a,ollama_gpt-oss_120b,4,"The commit moves the SVM TSC‑ratio constant definitions from svm.c into the public header svm.h, aligning the code with the SVM specification and centralising these macros.",0,0,4,0,,,,,,,,,61.641,,,,,,
bc055a50a8,ollama_gpt-oss_120b,4,"Adds a new compatible string for the RZ/G2UL USB2 PHY in the devicetree binding documentation, enabling support for that SoC without driver changes.",0,0,0,4,,,,,,,,,71.984,,,,,,
bc4c94994f,ollama_gpt-oss_120b,3,"The patch replaces OF‑specific property reads with the generic device‑property API, adds needed headers, updates allocation and parsing logic, and adjusts sensor creation functions to use fwnode handles, making the driver work on non‑OF platforms.",0,0,4,0,,,,,,,,,55.951,,,,,,
bcdf998ea3,ollama_gpt-oss_120b,4,"Adds two new device‑tree pinctrl nodes (dcmi_pins_c and dcmi_sleep_pins_c) defining an alternate pin multiplexing layout for DCMI pins, used on the AV96 board.",0,0,0,4,,,,,,,,,65.662,,,,,,
bce1b56c73,ollama_gpt-oss_120b,3,"Reverts the earlier sbitmap batched wait_cnt accounting change that caused CPU stalls; restores the original sbitmap_queue_wake_up signature and related calls, undoing the regression.",4,0,0,0,,,,,,,,,60.465,,,,,,
bceb8b8ded,ollama_gpt-oss_120b,3,"The commit deletes the unused qid member from struct mt76_queue and removes all assignments to it in the mt76 driver, cleaning up dead code.",0,0,4,0,,,,,,,,,60.475,,,,,,
bd2db32e7c,ollama_gpt-oss_120b,4,"The patch reorders mmc_free_host to occur after register writes in moxart_remove(), preventing a use‑after‑free of the host structure that could be accessed via host->base.",4,0,0,0,,,,,,,,,58.185,,,,,,
bd363ee533,ollama_gpt-oss_120b,4,Adds new_sta->sta.mlo = link_id >= 0; in ieee80211_prep_connection to correctly mark stations using MLO.,4,0,0,0,,,,,,,,,65.947,,,,,,
bd53e442e8,ollama_gpt-oss_120b,4,"Adds minimal register set (regset) infrastructure for m68k, enabling core dump support in the ELF FDPIC loader by defining get function, regset descriptors, and view, compiled only when relevant configs are enabled.",0,0,0,4,,,,,,,,,66.307,,,,,,
bdf240188b,ollama_gpt-oss_120b,3,"Adds V4L2_CTRL_FLAG_MODIFY_LAYOUT to HFLIP and VFLIP controls so the driver correctly updates Bayer order when flips are applied, fixing incorrect layout handling.",4,0,0,0,,,,,,,,,55.094,,,,,,
be2b2f6b62,ollama_gpt-oss_120b,4,"Changes process_msg_close return type from int to void, removes always‑zero returns, updates caller to ignore return value; a pure code cleanup.",0,0,4,0,,,,,,,,,59.5,,,,,,
be78aa8a38,ollama_gpt-oss_120b,4,"Implements the SBI v0.3 System Reset (SRST) extension for RISC‑V KVM guests by declaring the extension struct, adding it to the extension list, and providing a handler that maps SBI reset calls to KVM system reset or shutdown events.",0,0,0,4,,,,,,,,,59.471,,,,,,
bea75b3389,ollama_gpt-oss_120b,4,"Adds configurable function entry padding using -fpatchable-function-entry, introduces Kconfig options, propagates flags through Makefiles, updates assembly macros to emit NOP padding, and adjusts BPF dispatcher attributes to account for the padding.",0,0,0,4,,,,,,,,,61.269,,,,,,
bedcf9d1dc,ollama_gpt-oss_120b,4,"The patch renames all occurrences of video_pll1 to video_pll across the i.MX8MN clock driver and its DT binding header, updating arrays, mux names, PLL identifiers, and related macros while preserving backward‑compatible constants.",0,0,4,0,,,,,,,,,61.868,,,,,,
bf172a01ea,ollama_gpt-oss_120b,4,"The patch replaces the manual tracking of a single enabled CRTC in i9xx_update_wm() with the existing helper single_enabled_crtc(), removing the temporary 'enabled' variable and simplifying the logic.",0,0,4,0,,,,,,,,,76.578,,,,,,
bf29274d77,ollama_gpt-oss_120b,3,"The patch adds checks before disabling PSR and before using PSR state in static screen calculations, ensuring PSR panels are handled correctly when entering MALL mode and avoiding link overrides for phantom streams.",4,0,0,0,,,,,,,,,66.953,,,,,,
bf2e1ae417,ollama_gpt-oss_120b,4,"The patch changes audit_init_parent to take a const struct path pointer, adding a const qualifier to the parameter and preserving existing logic.",0,0,4,0,,,,,,,,,68.14,,,,,,
bf54d97a83,ollama_gpt-oss_120b,3,"The patch modifies the tas2770 ASoC driver, changing channels_min from 2 to 1, thereby allowing mono playback streams for the mono speaker amp that can downmix and switch channels.",0,0,0,4,,,,,,,,,58.917,,,,,,
bfb5711e24,ollama_gpt-oss_120b,3,"The patch replaces pm_runtime_get_sync calls with pm_runtime_resume_and_get in the STM32 VREFBUF regulator driver, removing extra error handling and simplifying power‑management code.",0,0,4,0,,,,,,,,,70.025,,,,,,
bfc618fcc3,ollama_gpt-oss_120b,3,"The patch updates the Intel raw NAND driver to read the chip‑select ('reg') from the NAND flash child node in the device tree, adds OF handling, and passes that node to nand_set_flash_node, fixing incorrect node usage.",4,0,0,0,,,,,,,,,55.827,,,,,,
c01147d929,ollama_gpt-oss_120b,4,"The patch removes the XFS_IFORK_* macros and introduces inline helper functions (xfs_inode_fork_boff, xfs_inode_data_fork_size, etc.) that compute fork sizes with proper types, updating all call sites across the XFS codebase to use these functions.",0,0,4,0,,,,,,,,,84.593,,,,,,
c1631dbc00,ollama_gpt-oss_120b,3,"The patch removes the LE‑specific HCI_OP_LE_READ_BUFFER_SIZE_V2 usage from hci_read_buffer_size_sync and adds it to hci_le_read_buffer_size_sync, ensuring the generic read uses the correct HCI_OP_READ_BUFFER_SIZE command.",4,0,0,0,,,,,,,,,67.813,,,,,,
c1da5a7bef,ollama_gpt-oss_120b,4,"The patch replaces a fixed-size stack array used for the efuse buffer with a dynamically allocated kmalloc buffer, adds error handling, and frees it with kfree, removing the need for __aligned(4) qualifier.",0,0,4,0,,,,,,,,,59.854,,,,,,
c1e48e36c1,ollama_gpt-oss_120b,4,"The patch changes several hubbub32 functions from external to static linkage, limiting them to dcn32_hubbub.c, removing missing‑prototype warnings and improving encapsulation.",0,0,4,0,,,,,,,,,63.656,,,,,,
c223929418,ollama_gpt-oss_120b,4,"The patch rewrites sysfs attribute group handling in the ptp_ocp driver: it builds a list of groups to register based on firmware capabilities, creates them with sysfs_create_groups, and removes them with sysfs_remove_groups, fixing crashes when detach tried to remove unregistered groups.",4,0,0,0,,,,,,,,,74.156,,,,,,
c24538f538,ollama_gpt-oss_120b,4,"The patch deletes an unused function prototype intel_gt_create_kobj from intel_gt_sysfs.h, cleaning up dead code in the i915 driver.",0,0,4,0,,,,,,,,,65.897,,,,,,
c297448760,ollama_gpt-oss_120b,3,"Changes MAX9759 codec Kconfig to replace 'select GPIOLIB' with 'depends on GPIOLIB', making the GPIO dependency optional and removing spurious build warnings.",0,0,4,0,,,,,,,,,59.759,,,,,,
c2bc16817a,ollama_gpt-oss_120b,3,"The commit replaces pagevec‑based LRU handling with folio_batch structures, adding functions like folio_batch_move_lru and adapting existing code to use the new batch API.",0,0,4,0,,,,,,,,,83.616,,,,,,
c2ca36e82f,ollama_gpt-oss_120b,3,"The patch removes the now‑unnecessary f2fs_lock_op/f2fs_unlock_op calls around f2fs_alloc_nid in f2fs_new_inode, as allocation no longer needs to block checkpoint and other locks already protect needed data.",0,0,4,0,,,,,,,,,65.227,,,,,,
c3ad8d23bc,ollama_gpt-oss_120b,4,"Adds a new function perf_cpu_map__is_subset to determine if one CPU map is a subset of another, and declares it in the header, extending the lib/perf cpumap API.",0,0,0,4,,,,,,,,,57.901,,,,,,
c4168db7c8,ollama_gpt-oss_120b,4,"Adds missing Linux kernel headers required by the Lynxpoint pinctrl driver and orders the include list alphabetically. No functional code changes, only compile‑time include adjustments.",0,0,4,0,,,,,,,,,63.936,,,,,,
c4d2497032,ollama_gpt-oss_120b,3,"The commit deletes the tcf_connmark_walker and tcf_connmark_search functions from act_connmark.c and uses the generic walk/search helpers instead, simplifying the code.",0,0,4,0,,,,,,,,,76.955,,,,,,
c4d66f7db6,ollama_gpt-oss_120b,4,"Adds support for 64‑bit software bundle initialization in the Nouveau GR engine, introduces sw_bundle64_init field, changes data types to u64, writes upper 32 bits when needed, and frees the new bundle64 allocation.",4,0,0,0,,,,,,,,,70.461,,,,,,
c4d987de9c,ollama_gpt-oss_120b,3,"The patch replaces the old vb2_find_timestamp/index based buffer lookup with the newer vb2_find_buffer API, storing vb2_buffer pointers directly and simplifying reference handling in H264 and VP9 drivers.",0,0,4,0,,,,,,,,,55.326,,,,,,
c575521462,ollama_gpt-oss_120b,4,"Adds kernel unit tests for MCTP route input key/tag matching, defines FL_T macro, test structures, creates sockets and keys, and checks packet delivery under various configurations.",0,0,4,0,,,,,,,,,68.415,,,,,,
c5e58c4545,ollama_gpt-oss_120b,4,"Adds a manual snd_card_free() call on probe error paths to correctly release resources, fixing a leak caused by earlier devres cleanup ordering.",4,0,0,0,,,,,,,,,58.744,,,,,,
c5e804ba38,ollama_gpt-oss_120b,3,"The patch replaces an explicit dev_err call with the dev_err_probe helper in the mxsfb driver, simplifying error handling and adding a debugfs hint.",0,0,4,0,,,,,,,,,75.195,,,,,,
c5e97ed154,ollama_gpt-oss_120b,3,"The patch replaces all uses of page->freelist with page->index in bootmem-related code, because freelist is intended for slab and index provides the same bits as an integer, eliminating pointer casts.",0,0,4,0,,,,,,,,,43.922,,,,,,
c5f81301d0,ollama_gpt-oss_120b,4,"The patch updates the sdw-mockup driver to use the new snd_sdw_params_to_config helper for converting PCM hw_params to SoundWire stream and port configurations, removing manual assignments and adding the appropriate header.",0,0,4,0,,,,,,,,,54.734,,,,,,
c65234b283,ollama_gpt-oss_120b,4,Fixes a memory leak in configfs_create_dir and configfs_create_link by adding a missing configfs_put() on error paths to correct refcount handling.,4,0,0,0,,,,,,,,,60.119,,,,,,
c6c1f11b69,ollama_gpt-oss_120b,3,"The commit updates two return paths in XDP socket code, swapping ENOSPC for ENOMEM on allocation failure and ENOBUFS for a full Rx buffer, to give drivers clearer error information.",0,0,4,0,,,,,,,,,69.408,,,,,,
c7c16c5b19,ollama_gpt-oss_120b,3,"The patch removes the logic that unbinds the NVMe PCI driver after a reset failure and instead shuts down the controller, marking it dead, fixing abnormal driver removal behavior.",4,0,0,0,,,,,,,,,57.934,,,,,,
c7e31e36d8,ollama_gpt-oss_120b,4,"Adds `additionalProperties: false` to two devicetree binding YAML schemas, tightening validation to reject undocumented fields.",0,0,4,0,,,,,,,,,55.735,,,,,,
c86d18f4aa,ollama_gpt-oss_120b,4,"Adds free_uid(fpl->user) in __io_sqe_files_scm when no files are processed, releasing the UID reference before freeing the file list, fixing a memory leak in io_uring file registration.",4,0,0,0,,,,,,,,,61.045,,,,,,
c8bd296cca,ollama_gpt-oss_120b,3,"Adds two 'select' statements (CRYPTO_AES and CRYPTO_CBC) to the CRYPTO_AES_ARM_BS Kconfig entry, ensuring required algorithms are enabled so the NEON‑based AES‑CBC implementation can register at boot.",0,4,0,0,,,,,,,,,60.06,,,,,,
c8d18e4402,ollama_gpt-oss_120b,4,"The patch modifies the driver‑name setup helper to accept the card struct, uses the original name for formatting, adds a length check and logs an error when the driver name exceeds the allowed size, preventing driver‑name truncation issues.",0,4,0,0,,,,,,,,,72.212,,,,,,
c8e98eaf2b,ollama_gpt-oss_120b,4,"Adds board configuration and ACPI match entries to support the adl_rt5682 platform, enabling the alc5682 headset codec without a speaker amplifier, following Intel BT offload design.",0,0,0,4,,,,,,,,,76.282,,,,,,
c90b6b50b4,ollama_gpt-oss_120b,4,"The patch removes the unused gfp_flags parameter from null_alloc_page in the null_blk driver, changes the function to take no arguments, and hard‑codes GFP_NOIO in the allocation calls; the sole caller is updated accordingly.",0,0,4,0,,,,,,,,,59.641,,,,,,
c951cd3b89,ollama_gpt-oss_120b,3,"The commit introduces a sysfs-based user interface for DAMON, adding a Kconfig option, Makefile entry, and a large sysfs.c that creates hierarchical directories and attributes to configure virtual address monitoring.",0,0,0,4,,,,,,,,,67.979,,,,,,
c95aa2bab9,ollama_gpt-oss_120b,3,Adds a NET dependency to INTEL_HFI_THERMAL in Kconfig to resolve a warning and subsequent build errors caused by missing NET support.,4,0,0,0,,,,,,,,,61.551,,,,,,
c9da02bfb1,ollama_gpt-oss_120b,4,"The patch corrects the bitmask constants in RX_DMA_GET_SPORT and RX_DMA_GET_SPORT_V2 macros, swapping the 0x7 and 0xf masks so the proper bits are extracted for source port values in the Mediatek Ethernet driver.",4,0,0,0,,,,,,,,,55.554,,,,,,
c9e6aeb588,ollama_gpt-oss_120b,3,"Resets two local flags inside the DCN3.2 prefetch calculation loop, fixing the loop's failure to exit when a prefetch attempt fails.",4,0,0,0,,,,,,,,,67.831,,,,,,
cacdb14b1c,ollama_gpt-oss_120b,4,"Adds mutex lock/unlock around roccat_report_event to serialize access to the circular buffer, eliminating a race that could free a report while roccat_read is copying it, thus fixing a use‑after‑free bug.",4,0,0,0,,,,,,,,,55.869,,,,,,
cae5c1ab05,ollama_gpt-oss_120b,3,"The patch removes all #if defined(CONFIG_DRM_AMD_DC_DCN) conditional blocks from the amdgpu_dm driver files, making the code unconditional because the DC layer is already OS‑agnostic. This cleans up redundant compile‑time configuration guards.",0,0,4,0,,,,,,,,,83.991,,,,,,
cb04b5ef85,ollama_gpt-oss_120b,4,"The patch stops clearing the DTIM period when the AP beacon is missing, ensuring the value set from beacon IEs is always stored in link->conf->dtim_period, and adjusts the handling of beacon IEs to correctly detect beacon presence.",4,0,0,0,,,,,,,,,60.395,,,,,,
cb55f27ac9,ollama_gpt-oss_120b,4,"Adds a list_for_each_table_entry macro and rewrites many ctl_table traversals in proc_sysctl.c to use it, simplifying loops and improving readability without altering functionality.",0,0,4,0,,,,,,,,,84.159,,,,,,
cbd2574854,ollama_gpt-oss_120b,3,"Patch modifies io_accept to handle multishot accept correctly when CQE overflow occurs, changing retry logic, setting result, and returning proper status, thereby fixing ordering issue.",4,0,0,0,,,,,,,,,73.714,,,,,,
cc1049ccee,ollama_gpt-oss_120b,3,"The patch modifies mv88e6xxx_setup_port to fetch port capabilities via mv88e6xxx_get_caps, replacing reliance on uninitialized mac_capabilities, thereby correcting the default 10 Mbps speed on CPU/DSA ports.",4,0,0,0,,,,,,,,,55.75,,,,,,
cc2609eda6,ollama_gpt-oss_120b,4,The commit updates ath10k driver code to silence recent checkpatch warnings by replacing strlcpy with strscpy and fixing an unnecessary integer promotion in a printk format string.,0,0,4,0,,,,,,,,,65.856,,,,,,
cc2f2df48a,ollama_gpt-oss_120b,4,"Adds audio support to the ITE it66121 HDMI bridge devicetree binding by introducing the ""#sound-dai-cells"" property, enabling audio DAI description in device trees.",0,0,0,4,,,,,,,,,67.428,,,,,,
cc767e7c69,ollama_gpt-oss_120b,3,"Adds a check in io_sendmsg_zc to reject zero‑copy sendmsg on sockets lacking ZC support, returning -EOPNOTSUPP, aligning behavior with other zerocopy operations.",4,0,0,0,,,,,,,,,84.196,,,,,,
ccb9bc1dfa,ollama_gpt-oss_120b,4,"Adds ethtool --identify support to the Netronome NFP driver by implementing a set_phys_id callback, exposing LED blink control, and adding the necessary kernel API and ABI handling.",0,0,0,4,,,,,,,,,65.466,,,,,,
cd044ff918,ollama_gpt-oss_120b,4,"The commit introduces a new Device Tree binding YAML file for the Himax hx83112b touchscreen controller and registers it in MAINTAINERS, enabling kernel support documentation for this hardware.",0,0,0,4,,,,,,,,,59.828,,,,,,
cd4e5f30f5,ollama_gpt-oss_120b,4,"Adds a fixed regulator node, enables the second PCIe controller and its combphy, and defines related pinctrl and reset GPIOs in the quartz64-b device tree, providing hardware support for PCIe 2.",0,0,0,4,,,,,,,,,72.813,,,,,,
cd50f9b247,ollama_gpt-oss_120b,4,"The patch renames nvme_kill_queues to nvme_mark_namespaces_dead, extracts the dead‑disk marking logic, and moves the queue unquiescing to callers via nvme_start_queues, updating all call sites and header declarations.",0,0,4,0,,,,,,,,,58.118,,,,,,
cdbb816b5b,ollama_gpt-oss_120b,4,"The patch removes CE (correctable error) checks from several UMC error‑address query functions, leaving only UE (uncorrectable error) checks, and deletes related comments. It simplifies logic and eliminates dead code across multiple hardware versions.",0,0,4,0,,,,,,,,,65.794,,,,,,
ce0091a0e0,ollama_gpt-oss_120b,4,"Adds missing extern for decrementer_max, includes mc146818rtc.h to define rtc_lock, removes duplicate rtc_lock extern, and moves dtl_consumer definition after asm/dtl.h include, eliminating sparse warnings in PowerPC time code.",0,0,4,0,,,,,,,,,67.114,,,,,,
ce3a0a29fb,ollama_gpt-oss_120b,4,"Replace manual enable/disable string construction with str_enable_disable() helper and include its header, improving readability and reducing duplicated code in debug messages.",0,0,4,0,,,,,,,,,57.828,,,,,,
cee7db1b02,ollama_gpt-oss_120b,4,"Adds conditional loading of xeCJK in kerneldoc-preamble.sty by checking for xeCJK.sty and the Noto CJK font, preventing LaTeX errors on systems lacking texlive-xecjk, and updates documentation notes accordingly.",4,0,0,0,,,,,,,,,86.476,,,,,,
cf0d7e7f45,ollama_gpt-oss_120b,4,"The patch replaces all uses of struct sockaddr with struct sockaddr_storage in NFS client/server code, updating structs, function signatures, casts and memcpy calls so that address buffers match the larger storage size, eliminating false positive fortify_source overflow warnings.",0,0,4,0,,,,,,,,,67.498,,,,,,
cf260db405,ollama_gpt-oss_120b,4,"The commit replaces INT_LIMIT(loff_t) with the clearer constant OFFSET_MAX in btrfs_wait_ordered_range, enhancing readability while keeping the same behavior.",0,0,4,0,,,,,,,,,60.369,,,,,,
cf8f4462e5,ollama_gpt-oss_120b,3,"The patch removes the obsolete of_gpio.h header, replaces of_* structures with the standard gpio_chip, updates the probe to use devm_gpiochip_add_data and ioremap, and adjusts related code, migrating the driver to the generic GPIO API.",0,0,4,0,,,,,,,,,68.105,,,,,,
cff35798fa,ollama_gpt-oss_120b,3,"The patch adds WGP‑mode detection, adjusts CU mask generation to use pairwise contiguous bits, and inserts a validation that CU masks are enabled in adjacent pairs on GFX10+ ASICs, correcting incorrect masking behavior.",4,0,0,0,,,,,,,,,88.544,,,,,,
d016fc7ab5,ollama_gpt-oss_120b,4,"The patch replaces manual delayed‑work handling with devm_delayed_work_autocancel, adds the needed header, removes the custom stop_irq_work helper, and simplifies the probe function.",0,0,4,0,,,,,,,,,62.424,,,,,,
d082a0255f,ollama_gpt-oss_120b,4,"Adds a hardware capability flag (HWCAP2_MTE3) for ARM64 asymmetric MTE mode, updating documentation, kernel headers, cpufeature table, and cpuinfo string to expose the feature to userspace.",0,0,0,4,,,,,,,,,57.656,,,,,,
d0864ee4f8,ollama_gpt-oss_120b,4,"The patch extracts all ICL combo‑PHY register definitions from i915_reg.h into a new header intel_combo_phy_regs.h, adds that header to the source files that need the registers, and removes the definitions from i915_reg.h. It reorganises code without altering runtime behavior.",0,0,4,0,,,,,,,,,76.722,,,,,,
d0871b5a22,ollama_gpt-oss_120b,4,"The commit replaces manual OF match lookup with device_get_match_data() in the palmas driver, removing redundant code and simplifying the probe function.",0,0,4,0,,,,,,,,,52.48,,,,,,
d09adf6100,ollama_gpt-oss_120b,4,"The patch replaces manual 32‑bit reads of high/low registers with the kernel helper ioread64_hi_lo()/iowrite64_hi_lo(), adds the appropriate header, and removes redundant code, improving portability and readability of the PTP driver.",0,0,4,0,,,,,,,,,68.044,,,,,,
d13bc4d84a,ollama_gpt-oss_120b,4,"The commit deletes the Promise SATA SX8 block driver by removing its source file, Kconfig entry, and Makefile reference, effectively dropping support for this obsolete hardware.",0,0,4,0,,,,,,,,,84.79,,,,,,
d13da2f4c8,ollama_gpt-oss_120b,3,"The commit updates the devicetree binding documentation for Qualcomm USB VBUS regulators, renaming the example node from a generic 'dcdc' label to the more accurate 'usb-vbus-regulator' label.",0,0,4,0,,,,,,,,,61.578,,,,,,
d147553b64,ollama_gpt-oss_120b,3,"Adds a Xen-specific error entry that includes UNTRAIN_RET and updates the alternative path to call it, ensuring proper unwind handling for Xen PV.",0,4,0,0,,,,,,,,,65.33,,,,,,
d184cc910e,ollama_gpt-oss_120b,4,"The commit deletes the obsolete <linux/gpio.h> include from drivers/media/i2c/ccs/ccs-core.c, leaving only the required <linux/gpio/consumer.h>, thus cleaning up unused code.",0,0,4,0,,,,,,,,,64.613,,,,,,
d1ad2721b1,ollama_gpt-oss_120b,3,"Adds linux/cyclades.h to the no-header-test list in usr/include/Makefile so the header_check test skips it, because the header is meant to emit a warning if included.",0,0,4,0,,,,,,,,,58.291,,,,,,
d1ddc536df,ollama_gpt-oss_120b,3,"The commit introduces a dma_dev pointer in mt76_dev, initializes it, and replaces all dma_* calls to use this pointer, allowing the driver to override the device used for DMA mapping, needed for WED support.",0,0,0,4,,,,,,,,,87.991,,,,,,
d1f68ba069,ollama_gpt-oss_120b,4,"The patch renames btrfs_insert_file_extent to btrfs_insert_hole_extent, removes unused parameters, updates all call sites, and sets hole‑extent fields to zero, simplifying the API for inserting hole extents.",0,0,4,0,,,,,,,,,68.141,,,,,,
d23417a5bf,ollama_gpt-oss_120b,4,"The patch frees the debug_help_string buffer during module cleanup and releases the temporary 'new' buffer after constructing the help string, eliminating a kmemleak reported when loading and unloading the orangefs module.",4,0,0,0,,,,,,,,,61.351,,,,,,
d2403ee73d,ollama_gpt-oss_120b,4,"The commit updates the Qualcomm ADSP remoteproc devicetree binding YAML to simplify interrupt definitions by replacing maxItems constraints with explicit item lists and adjusting conditional schema, improving documentation clarity.",0,0,4,0,,,,,,,,,59.23,,,,,,
d24e7855ef,ollama_gpt-oss_120b,3,"The patch raises the GT reset watchdog timeout from 5 seconds to 60 seconds, giving resets more time to finish before the driver wedges the device, fixing the premature timeout issue.",4,0,0,0,,,,,,,,,66.878,,,,,,
d31d37912e,ollama_gpt-oss_120b,3,"Adds PTP interrupt support to the Sparx5 Ethernet driver: introduces ptp_irq field, obtains the IRQ from platform data, requests a threaded IRQ in start, implements a handler to process timestamp FIFO and deliver hardware timestamps.",0,0,0,4,,,,,,,,,68.306,,,,,,
d3345fecf9,ollama_gpt-oss_120b,3,"Adds a requires_cpu flag to perf's evsel structure to distinguish uncore events that need a specific CPU, and updates propagation, parsing, cloning, and stat handling to use this flag.",0,0,0,4,,,,,,,,,66.637,,,,,,
d3a20dcbca,ollama_gpt-oss_120b,4,"Adds kernel-doc comments for two new fields in struct tegra_pmc, documenting core domain state synchronization and registration flags.",0,0,4,0,,,,,,,,,65.849,,,,,,
d3b43eb505,ollama_gpt-oss_120b,4,"Adds a null‑pointer check after platform_get_resource() in the mt6397 RTC driver; returns -EINVAL when the resource is missing, preventing a dereference.",4,0,0,0,,,,,,,,,60.634,,,,,,
d4893978f9,ollama_gpt-oss_120b,4,"Renames the existing filter flow‑group identifiers to include “vlan” (macros, functions, struct members) for better readability and to separate them from the upcoming QinQ group.",0,0,4,0,,,,,,,,,66.567,,,,,,
d4940b84da,ollama_gpt-oss_120b,4,"The patch deletes the now‑unused declaration of arch_kprobe_override_function() from arch/x86/include/asm/kprobes.h, as the function was removed in a prior commit.",0,0,4,0,,,,,,,,,63.966,,,,,,
d49fc69293,ollama_gpt-oss_120b,3,"Adds a Kconfig option to test -mno-branch-likely support, moves the cc-option check to config time, and conditionally adds the flag in platform makefiles, removing clang warnings that become fatal.",4,0,0,0,,,,,,,,,74.752,,,,,,
d4ad017d63,ollama_gpt-oss_120b,3,"The commit replaces of_irq_get_byname with fwnode_irq_get_byname in platform_get_irq_byname, allowing named IRQ retrieval for both OF and ACPI described devices via the fwnode abstraction.",0,0,0,4,,,,,,,,,59.618,,,,,,
d4bfba1e75,ollama_gpt-oss_120b,4,"Introduces a new helper hda_codec_device_remove() to encapsulate codec removal, updates hda.c to use it, and adds its prototype in hda.h, refactoring the removal path for better modularity.",0,0,4,0,,,,,,,,,58.199,,,,,,
d57716702d,ollama_gpt-oss_120b,8,"The patch adds two new header files (`mmhub_3_0_1_offset.h` and `mmhub_3_0_1_sh_mask.h`) that define a comprehensive set of register offsets and bit‑field masks for the MMHUB block of AMD GPUs, specifically for version 3.0.1. No functional code changes are made; the commit simply expands the register database to support newer hardware revisions.",2,2,0,5,,,,,,,,,87.355,,,,,,
d5f497b889,ollama_gpt-oss_120b,4,"Replaces sprintf with snprintf in ptp_ocp_verify, adding buffer size to avoid overflow and make the code easier to review.",0,0,4,0,,,,,,,,,69.108,,,,,,
d61876a285,ollama_gpt-oss_120b,4,"The patch refactors devm_clk_hw_register_clkdev() to use devm_add_action_or_reset instead of manual devres allocation and addition, removing extra code and simplifying error handling, without altering functionality.",0,0,4,0,,,,,,,,,60.648,,,,,,
d64a29af12,ollama_gpt-oss_120b,3,"The patch adds bounds checks for timestamp and command‑queue counter offsets in the Habana Labs driver, returning -EINVAL when offsets exceed the allocated buffer size.",0,4,0,0,,,,,,,,,72.689,,,,,,
d6501ecfb6,ollama_gpt-oss_120b,4,"Updates dev_warn call to use %#x instead of %d, correctly printing a u32 div_sel value and fixing misleading warning output.",4,0,0,0,,,,,,,,,59.44,,,,,,
d6c2964db3,ollama_gpt-oss_120b,4,"Adds support for many additional TC flower filter keys in the Sparx5 driver (IS2 VCAP) and introduces a 128‑bit key API, implementing handlers for IPv4/IPv6, fragments, ports, VLAN, TCP flags, IP TOS, etc., enabling new filtering capabilities.",0,0,0,4,,,,,,,,,76.732,,,,,,
d6c47d21a0,ollama_gpt-oss_120b,4,"Adds driver support for Meson S4 SoCs by defining new registers, IRQ type handling, parameter struct, and compatible device entry.",0,0,0,4,,,,,,,,,59.718,,,,,,
d6d0c7f681,ollama_gpt-oss_120b,4,"Adds AMD PerfMonV2 CPU feature bit to cpufeatures.h and registers it in scattered.c, allowing the kernel to detect and use the new performance monitoring capabilities.",0,0,0,4,,,,,,,,,65.718,,,,,,
d6dd2fe711,ollama_gpt-oss_120b,4,Fixes a 32‑byte memory leak in ibmvnic reset handling by freeing the rwi structure when the last reset in the list succeeds.,4,0,0,0,,,,,,,,,57.946,,,,,,
d6f8168e43,ollama_gpt-oss_120b,4,"Adds an explicit cast of __fls to unsigned long to silence a format warning on arc, m68k and sparc, allowing the driver to compile without errors.",4,0,0,0,,,,,,,,,59.436,,,,,,
d775155a86,ollama_gpt-oss_120b,4,"The patch renames the SR‑IOV helper file and header (ice_sriov.c/.h) to ice_vf_mbx.c/.h, updates the Makefile and include references, preparing the code for future Scalable IOV support. No functional changes are introduced.",0,0,4,0,,,,,,,,,68.976,,,,,,
d80afefb17,ollama_gpt-oss_120b,4,"The patch separates the inode's cp_task into cp_task (checkpoint I/O accounting) and a new wb_task (writeback context), adds a from_cp flag to f2fs_sync_dirty_inodes, updates callers, and uses wb_task to avoid deadlock and correct FS_CP_DATA_IO accounting when data_flush is enabled.",4,0,0,0,,,,,,,,,65.683,,,,,,
d873697ef2,ollama_gpt-oss_120b,4,"Adds a guard in ieee80211_tx_control_port to skip __ieee80211_select_queue when local->hw.queues is less than IEEE80211_NUM_ACS, preventing invalid queue IDs that caused transmission failures on devices such as rt2500-pci.",4,0,0,0,,,,,,,,,55.787,,,,,,
d8ca113724,ollama_gpt-oss_120b,4,"The commit introduces support for NVIDIA Tegra234 Multi‑Gigabit Ethernet (MGBE) in the stmmac driver stack: adds Kconfig option, Makefile entry, and a full platform driver implementation (probe, remove, suspend/resume, PHY handling).",0,0,0,4,,,,,,,,,83.696,,,,,,
d8fa2fd791,ollama_gpt-oss_120b,4,"Adds missing string representations for two driver states in iavf_state_str, enabling correct debug prints of state transitions.",0,0,4,0,,,,,,,,,65.999,,,,,,
d8fc085509,ollama_gpt-oss_120b,4,"Adds support for copying the kcore_dir (containing kallsyms, kcore, modules) from the input perf.data to the output during perf inject, introducing a new flag and copy routine.",0,0,0,4,,,,,,,,,88.027,,,,,,
d931686dc2,ollama_gpt-oss_120b,3,"Adds an allOf reference to the common can-controller.yaml in the sun4i-a10 CAN device tree binding, improving documentation consistency.",0,0,4,0,,,,,,,,,61.715,,,,,,
d955cf3df3,ollama_gpt-oss_120b,4,"Moves the Renesas PRR devicetree binding file from the soc directory to the hwinfo directory, updates its $id URL, and adjusts the MAINTAINERS entry, reorganizing documentation.",0,0,4,0,,,,,,,,,64.799,,,,,,
d9ad805083,ollama_gpt-oss_120b,4,"The patch removes an explicit cast to u8 when comparing a u8 variable with macro VERSION_8190_BD in two driver files. Both operands are already u8, making the cast redundant. The change only edits source code and does not modify runtime behavior.",0,0,4,0,,,,,,,,,54.826,,,,,,
d9dcb63677,ollama_gpt-oss_120b,4,"Deletes an unused #include <linux/msi.h> from drivers/iommu/of_iommu.c because the file does not reference any symbols from that header, eliminating unnecessary compilation dependency.",0,0,4,0,,,,,,,,,59.259,,,,,,
d9edc4bc67,ollama_gpt-oss_120b,4,"Adds support for NAND devices with OOB size >1 KB by introducing new BCH geometry calculations, a BBM‑in‑data‑chunk check, and an ecc_for_meta flag, enabling correct block‑mark placement for large OOB NAND.",0,0,0,4,,,,,,,,,69.857,,,,,,
da4363457f,ollama_gpt-oss_120b,3,"The patch adds CONFIG_ARM64 && CONFIG_ENERGY_MODEL guards around Energy Model functions, provides fallback definitions, and removes unused static functions, eliminating -Werror=unused-function warnings and avoiding extra work when the Energy Model is disabled.",0,0,4,0,,,,,,,,,65.743,,,,,,
da92e03c7f,ollama_gpt-oss_120b,3,"The patch initializes previously uninitialized variables, adds return‑value checks, and guards against dereferencing error pointers, addressing smatch static analysis warnings in rvu_npc_hash.c and otx2_dmac_flt.c.",4,0,0,0,,,,,,,,,66.703,,,,,,
daeb1c2b50,ollama_gpt-oss_120b,3,"The patch deletes a list of interrupt specifications that were incorrectly duplicated in the Exynos850 device‑tree, ensuring only the pin controller node defines wake‑up interrupts as required.",4,0,0,0,,,,,,,,,58.497,,,,,,
db45c76bad,ollama_gpt-oss_120b,3,"Adds config_intr and handle_interrupt callbacks to the KSZ9477 PHY driver, enabling interrupt handling like other Micrel PHYs.",0,0,0,4,,,,,,,,,76.058,,,,,,
dc09fe1c5e,ollama_gpt-oss_120b,4,"Adds support for Apple DART2 IOMMU page table format used in M1 Pro/Max/Ultra, introducing new PTE masks, shift, protection bits, handling in address conversion functions, updating format enum and registration, and adjusting address size checks.",0,0,0,4,,,,,,,,,63.792,,,,,,
dc3f4dee81,ollama_gpt-oss_120b,3,"The patch adds an exception to checkpatch.pl so that macros expanding to a ""case"" statement are no longer flagged as errors, addressing false‑positive warnings for drivers that use case macros.",4,0,0,0,,,,,,,,,59.857,,,,,,
dca4f5fdbc,ollama_gpt-oss_120b,4,"Replaces manual size calculation with struct_size() in pwc_decompress to avoid type errors and possible heap overflows, also silences a flexible‑array warning.",0,4,0,0,,,,,,,,,65.296,,,,,,
dcf23cca93,ollama_gpt-oss_120b,4,"The patch replaces nodes_weight() with nodes_empty() in x86 NUMA initialization code, using a cheaper test for non‑empty node masks, improving efficiency without changing semantics.",0,0,4,0,,,,,,,,,81.067,,,,,,
dd0be8278a,ollama_gpt-oss_120b,4,"Adds dma-channel-mask property and expands interrupts list in Tegra GPCDMA device tree nodes to correctly represent all 32 channels, fixing previous incorrect limitation.",4,0,0,0,,,,,,,,,59.446,,,,,,
dd2319c618,ollama_gpt-oss_120b,4,"Adds a WARN_ON check to the KVM_X86_OP macro, causing a warning when a required kvm_x86_ops function pointer is NULL during vendor module load, using corrected annotations.",0,4,0,0,,,,,,,,,58.818,,,,,,
dd4516aee3,ollama_gpt-oss_120b,4,"The patch removes the generic vm_xsave_req_perm call from KVM self‑test utilities, moves it into the amx_test, and changes the function to accept a bit argument so tests can request different xsave bits.",0,0,4,0,,,,,,,,,66.655,,,,,,
dd51d3a33c,ollama_gpt-oss_120b,4,"The patch replaces clk_round_rate with rpi_firmware_clk_get_max_rate to correctly detect the hdmi_enable_4kp60 config flag after a clock subsystem change, ensuring proper 4k@60Hz HDMI output.",4,0,0,0,,,,,,,,,57.324,,,,,,
ddaefa209c,ollama_gpt-oss_120b,3,"The commit makes the 'chip' argument mandatory for hwmon registration APIs, adds NULL checks for dev, name, and chip, and updates the kernel documentation to stop drivers from incorrectly converting old calls.",0,4,0,0,,,,,,,,,68.383,,,,,,
ddf2a6093c,ollama_gpt-oss_120b,4,Replaces shift‑based flag definitions with the BIT macro and adds <linux/bits.h> for readability; no functional change.,0,0,4,0,,,,,,,,,67.805,,,,,,
de3d098dd1,ollama_gpt-oss_120b,3,"Adds a function module_elf_check_arch that validates the ELF ABI level of a module against the kernel configuration, overriding the generic check for PowerPC64.",0,4,0,0,,,,,,,,,56.731,,,,,,
de40c281fe,ollama_gpt-oss_120b,4,"The commit rewrites the simpledrm driver to replace its simple‑KMS helpers with the generic DRM atomic helpers, introducing plane, CRTC and encoder objects and associated atomic check/update/disable functions, while keeping the driver behavior unchanged.",0,0,4,0,,,,,,,,,86.795,,,,,,
de85193cff,ollama_gpt-oss_120b,4,"The commit replaces manual delayed work initialization and removal with devm_delayed_work_autocancel, eliminating the remove() function that cancelled uninitialized work, thus preventing invalid cancel calls.",4,0,0,0,,,,,,,,,63.133,,,,,,
de9d555cb8,ollama_gpt-oss_120b,3,"Adds devlink_port_type_clear calls in error handling and cleanup paths to match earlier type_set, ensuring proper state cleanup for mlx4 devlink ports.",4,0,0,0,,,,,,,,,57.683,,,,,,
dedc215003,ollama_gpt-oss_120b,4,"Adds a JPEG decode worker infrastructure to enable three decode hardware blocks to operate concurrently on MT8195. Implements hardware allocation, parameter setup, worker thread, new multithreaded m2m ops, variant registration, and supporting synchronization primitives.",0,0,0,4,,,,,,,,,77.288,,,,,,
df22168207,ollama_gpt-oss_120b,4,"Updates the cdce925 I2C clock driver to use the new simple probe API (probe_new) and i2c_match_id for device identification, removing the old probe signature that required an id argument, and adjusts the driver struct accordingly.",0,0,4,0,,,,,,,,,89.323,,,,,,
dfafa56029,ollama_gpt-oss_120b,4,"The patch replaces a manual delayed‑work cancellation implementation with the helper devm_delayed_work_autocancel(), adds the required header, and removes the custom cancel function and devm_add_action call, simplifying the driver.",0,0,4,0,,,,,,,,,61.139,,,,,,
dff4ac75ee,ollama_gpt-oss_120b,3,"Moves keep_towrite handling from ext4_writepage to ext4_bio_write_page, ensuring pages retain the TOWRITE tag when some buffers cannot be written, preventing writeback races that could cause data loss, especially during transaction commit.",4,0,0,0,,,,,,,,,60.787,,,,,,
e004ea1059,ollama_gpt-oss_120b,4,"The patch moves the retrieval of a devlink snapshot from devlink_nl_region_read_snapshot_fill to devlink_nl_cmd_region_read_dumpit, removes the unused attrs argument, and adds early validation of the snapshot ID, simplifying the code flow.",0,0,4,0,,,,,,,,,80.818,,,,,,
e0d8259355,ollama_gpt-oss_120b,3,"The patch increases the sleep delay from 5 to 15 seconds in two SELinux deprecation paths, making the deprecation messages more noticeable for users still using those knobs.",0,0,4,0,,,,,,,,,58.207,,,,,,
e10ab8b394,ollama_gpt-oss_120b,4,"The commit updates the GS_MAX_INTF macro from 2 to 3 and adjusts the comment, enabling the driver to handle devices with up to three CAN‑FD channels, as some STM32G3 chips provide.",0,0,0,4,,,,,,,,,65.539,,,,,,
e137b81d30,ollama_gpt-oss_120b,4,"The patch deletes the unused integer variable 'found_devs' and its increment statements from the qla2xxx driver's local loop configuration function, eliminating dead code.",0,0,4,0,,,,,,,,,66.506,,,,,,
e1553351d7,ollama_gpt-oss_120b,4,"The patch deletes numerous VPRINTK() debug statements and the ata_scsi_dump_cdb helper, as the same information is already available via tracepoints, reducing unnecessary logging and dead code in the libata driver.",0,0,4,0,,,,,,,,,46.113,,,,,,
e1a863cddb,ollama_gpt-oss_120b,4,"The patch corrects a kernel-doc comment in vmbus_drv.c, changing the documented function name to match the actual prototype, eliminating a compilation warning.",0,0,4,0,,,,,,,,,63.17,,,,,,
e1c6a7ec14,ollama_gpt-oss_120b,4,"The patch replaces __iscsi_get_task with a new iscsi_get_task that safely increments the refcount only if non‑zero, removing the need to hold the session back_lock for most paths and adding fallback handling for the race where the task is being freed.",0,0,4,0,,,,,,,,,75.85,,,,,,
e1e7bc481d,ollama_gpt-oss_120b,3,"The patch replaces generic DRM debug prints with connector‑aware logging functions, passes drm_connector to helper functions, and consolidates tile debug output into a single line, without altering functional behavior.",0,0,4,0,,,,,,,,,56.778,,,,,,
e200904b27,ollama_gpt-oss_120b,4,"The patch extracts the post‑power‑up handling from pci_power_up into a new helper pci_set_full_power_state, makes pci_power_up return a flag indicating whether BAR restoration is needed, and updates callers to use the new function, eliminating redundant work.",0,0,4,0,,,,,,,,,88.92,,,,,,
e20b77c14b,ollama_gpt-oss_120b,4,"The patch removes ICL‑specific Thunderbolt power‑domain enum entries (POWER_DOMAIN_AUX_TBT_C…F) and replaces them with the generic TBT1‑4 names defined by the hardware spec, updating string conversion, power‑well tables and mappings accordingly.",0,0,4,0,,,,,,,,,72.205,,,,,,
e24ccaaf7e,ollama_gpt-oss_120b,4,"The commit removes obsolete IDE driver documentation sections from Documentation/filesystems/proc.rst and updates a comment in pktcdvd.c to reference the correct SCSI driver path, cleaning up leftover references after the IDE driver was removed.",0,0,4,0,,,,,,,,,74.407,,,,,,
e2b993302f,ollama_gpt-oss_120b,4,"The patch adds a check for adev->enable_virtual_display to the condition that skips tiling‑flag validation, so when virtual display is active the driver no longer performs the FB modifier check, eliminating the warning seen on GFX9+ hardware.",4,0,0,0,,,,,,,,,52.777,,,,,,
e2efb6359e,ollama_gpt-oss_120b,4,"The patch modifies ACPI_FLUSH_CPU_CACHE to call wbinvd only when not under a hypervisor, adding explanatory comments. This prevents the WBINVD instruction that causes a #VE exception in TDX guests, fixing the resulting failure.",4,0,0,0,,,,,,,,,64.895,,,,,,
e3d5ea2c01,ollama_gpt-oss_120b,3,"The patch makes tcp_read_sock robust by handling cases where recv_actor returns a size larger than the remaining buffer, issuing a one‑time warning and capping the value to avoid infinite loops.",4,0,0,0,,,,,,,,,52.098,,,,,,
e47877c7aa,ollama_gpt-oss_120b,3,"The patch replaces bh‑safe locking in rhashtable with irq‑safe locking, adding flag handling and using local_irq_save/restore, thus enabling rhashtable usage from interrupt contexts.",0,0,0,4,,,,,,,,,84.264,,,,,,
e52432e164,ollama_gpt-oss_120b,4,"Adds an explicit check that the requested length does not exceed the proxy buffer size, preventing possible out‑of‑bounds writes and silencing a GCC array‑bounds warning.",0,4,0,0,,,,,,,,,59.622,,,,,,
e5933cf487,ollama_gpt-oss_120b,3,"The patch replaces manual dev_pm_ops definition with DEFINE_RUNTIME_DEV_PM_OPS macro and uses pm_ptr to reference it, removing __maybe_unused attributes and allowing the compiler to drop the structure when CONFIG_PM is disabled.",0,0,4,0,,,,,,,,,60.97,,,,,,
e59b3c730b,ollama_gpt-oss_120b,4,"Adds <linux/kstrtox.h> to several RTC driver files because kstrto* functions moved from kernel.h, restoring correct compilation.",4,0,0,0,,,,,,,,,52.982,,,,,,
e5da651985,ollama_gpt-oss_120b,3,"The patch modifies sdma_v5_2_hw_fini to avoid early return on SR‑IOV VFs, disables SDMA, then re‑enables it and its context switch when under SR‑IOV, clearing the DRM entity and fixing resume failures.",4,0,0,0,,,,,,,,,64.005,,,,,,
e5f969dd93,ollama_gpt-oss_120b,4,"Adds a delayed‑work timeout mechanism for the Mediatek JPEG decoder, introducing new struct fields and initializing the work in probe, plus handling cancellation on IRQ.",0,0,0,4,,,,,,,,,55.397,,,,,,
e5fc78252c,ollama_gpt-oss_120b,4,"Adds support for entering zstate (low‑power) during extended vblank periods obtained from FreeSync. Introduces caps, debug options, stream update flags, timing adjustments, hardware programming, and DML calculations to decide and apply the optimization.",0,0,0,4,,,,,,,,,75.146,,,,,,
e60414644c,ollama_gpt-oss_120b,4,Deletes the &ipa_fw_mem node from the sc7180‑trogdor device‑tree to stop a reserved‑memory overlap that triggers a boot‑time error message.,4,0,0,0,,,,,,,,,68.836,,,,,,
e63b81aef2,ollama_gpt-oss_120b,4,"The patch replaces direct rb_prev/rb_next calls in merge_state with the helper functions prev_state/next_state, removing duplicated code and simplifying the logic while preserving existing behavior.",0,0,4,0,,,,,,,,,70.912,,,,,,
e688ba3e27,ollama_gpt-oss_120b,4,"The patch updates the hqd_destroy callback prototype in kgd_kfd_interface.h, changing the reset_type parameter from uint32_t to enum kfd_preempt_type, aligning it with actual implementations and eliminating a CFI type mismatch that caused a kernel crash on Clang-built kernels.",4,0,0,0,,,,,,,,,72.467,,,,,,
e6b0337513,ollama_gpt-oss_120b,3,"The commit changes the device‑tree for the Meson SM1 Odroid board, switching the tf_io regulator enable‑gpio from active‑high to open‑drain, which resolves a boot‑loop after reboot caused by the wrong GPIO configuration.",4,0,0,0,,,,,,,,,56.061,,,,,,
e730558adf,ollama_gpt-oss_120b,4,"Consolidates duplicated logic for handling parent marks that do not watch children, ensuring consistent event handling and correcting previous incorrect ignore‑mask and reporting behavior.",4,0,0,0,,,,,,,,,80.482,,,,,,
e75d5ae8ab,ollama_gpt-oss_120b,4,"Adds support for multiple BAR mapping schemes in the EPF NTB driver by introducing a configurable mw_bar field, handling optional peer scratchpad BAR, and adding device-specific data (e.g., mx8) to select BAR numbers, thus enabling new hardware configurations.",0,0,0,4,,,,,,,,,62.132,,,,,,
e79368b15d,ollama_gpt-oss_120b,3,The commit updates the STM32 pinctrl devicetree binding YAML: renames the property from 'reset' to the correct 'resets' and adds 'additionalProperties: false' to enforce strict validation.,4,0,0,0,,,,,,,,,74.79,,,,,,
e7b060460f,ollama_gpt-oss_120b,4,"The patch adds propagation of socket timestamp flags to the IPv6 ping implementation, enabling ping6 to report timestamps when requested.",0,0,0,4,,,,,,,,,70.189,,,,,,
e8c81d649a,ollama_gpt-oss_120b,4,"Adds a new compatible string for the Microchip icicle reference design in the RISC‑V devicetree binding documentation, documenting the FPGA fabric version.",0,0,0,4,,,,,,,,,80.741,,,,,,
e92a216d16,ollama_gpt-oss_120b,4,"The patch adds error‑path handling in rio_register_mport(): on device_register failure it logs, removes the port from the global list, and calls put_device to release the reference so the allocated name is freed during kobject_cleanup().",4,0,0,0,,,,,,,,,60.477,,,,,,
e945c653c8,ollama_gpt-oss_120b,4,"The commit separates kernel‑only capability flags from the user‑visible device_cap_flags by introducing a new kernel_cap_flags bitmap, updates all drivers and core code to use the appropriate flag set, adds comments and removes unused kernel flags, improving code clarity and correctness.",0,0,4,0,,,,,,,,,90.146,,,,,,
e950329880,ollama_gpt-oss_120b,4,"The commit adds conditional compiler flags to the ath9k Makefile to suppress a spurious -Warray-bounds warning from GCC 12, without changing driver functionality.",0,0,4,0,,,,,,,,,49.08,,,,,,
e973746882,ollama_gpt-oss_120b,4,"Adds a check in KVM CPUID handling to clear the XFD bit for each state component when the XFD base feature is absent, ensuring compliance with Intel's XFD spec.",4,0,0,0,,,,,,,,,65.99,,,,,,
e9b67ec2d3,ollama_gpt-oss_120b,4,"Adds explicit #include <linux/highmem.h> and <linux/swap.h> in several i915 driver files and removes an unnecessary <linux/i2c.h> include from i915_drv.h, tightening header dependencies and improving compilation correctness.",0,0,4,0,,,,,,,,,66.539,,,,,,
ea5872dd6b,ollama_gpt-oss_120b,3,"Adds a flag MLX5_ESWITCH_VPORT_ACL_NS_CREATED to track ACL namespace creation, skips reinitialization on mode switches, and clears the flag on cleanup, preventing unnecessary allocation/free cycles.",0,0,4,0,,,,,,,,,65.38,,,,,,
eab25b4f93,ollama_gpt-oss_120b,4,"Adds an external_power_changed callback for BQ25892 that reads the USB_TYPE from the supplier power supply and sets the input current limit accordingly, integrating external charger detection into the driver.",0,0,0,4,,,,,,,,,60.51,,,,,,
eb47b59afb,ollama_gpt-oss_120b,4,"The patch replaces all uses of SERIAL_XMIT_SIZE with UART_XMIT_SIZE in several tty drivers and removes the old SERIAL_XMIT_SIZE definition, adding the appropriate header for UART_XMIT_SIZE.",0,0,4,0,,,,,,,,,60.563,,,,,,
ebca1b8056,ollama_gpt-oss_120b,4,"The patch refactors the KVM xapic_ipi_test self‑test to stop using numeric vCPU IDs and instead pass around struct kvm_vcpu pointers, updating thread parameters, helper functions, and VM creation calls accordingly.",0,0,4,0,,,,,,,,,62.618,,,,,,
ebddb14049,ollama_gpt-oss_120b,4,"The patch extracts duplicated NAT handling code from OVS and TC, places it in a new netfilter file nf_nat_ovs.c, exports nf_ct_nat, updates Kconfig, Makefile, and modifies OVS conntrack and TC act_ct to call the shared function, removing duplicated implementations.",0,0,4,0,,,,,,,,,86.238,,,,,,
ebe62df7c5,ollama_gpt-oss_120b,4,"Removes inclusion of da7219-aad.h and direct call to da7219_aad_jack_det(), replacing it with snd_soc_component_set_jack() to use the proper public API for jack detection.",0,0,4,0,,,,,,,,,58.037,,,,,,
ec1d7e6ab9,ollama_gpt-oss_120b,4,"The patch deletes four now‑unused AVIC function prototypes from svm.h, which were left after converting calls to static inline functions. No code behavior changes; only header cleanup.",0,0,4,0,,,,,,,,,62.212,,,,,,
ec80906b0f,ollama_gpt-oss_120b,3,"The patch updates the BPF selftest script to correctly return a non‑zero exit code on failure and fixes an unquoted variable test, ensuring proper skip handling and accurate test results.",4,0,0,0,,,,,,,,,74.017,,,,,,
ec868592f5,ollama_gpt-oss_120b,4,"The patch deletes the obsolete odm_bw enum and updates driver code to use the existing HT_CHANNEL_WIDTH_* values, eliminating redundancy in the r8188eu driver.",0,0,4,0,,,,,,,,,55.608,,,,,,
ec906102e5,ollama_gpt-oss_120b,4,"Replaces the Python CSV‑output lint checker in perf's test suite with a Bash function, adjusting expected field counts for s390 so the test passes.",4,0,0,0,,,,,,,,,65.815,,,,,,
ed482dc8c7,ollama_gpt-oss_120b,4,"Adds explicit include of <linux/gpio/consumer.h> to midas_wm1811 driver so that GPIO consumer functions are declared, preventing implicit‑header reliance and build failures.",4,0,0,0,,,,,,,,,60.976,,,,,,
ed81d3de8e,ollama_gpt-oss_120b,4,"The commit re-formats the AD4130 sysfs documentation file, converting a plain list of filter modes into a properly indented bullet list with blank lines, fixing Sphinx warnings about unexpected indentation and block quote formatting.",0,0,4,0,,,,,,,,,60.994,,,,,,
ed823991c6,ollama_gpt-oss_120b,4,Adds the RPC‑IF module clock for the SPI Multi I/O Bus Controller on the R‑Car V4H (R8A779G0) and corrects a whitespace alignment in the RPCSRC clock definition.,0,0,0,4,,,,,,,,,59.525,,,,,,
edb854a368,ollama_gpt-oss_120b,3,"Adds a helper to reallocate a SCSI device's budget map after the device's queue depth is updated in slave_configure, and invokes it during device allocation and LUN addition to avoid over‑allocating memory.",4,0,0,0,,,,,,,,,58.168,,,,,,
edc6938f7b,ollama_gpt-oss_120b,3,"The patch removes a single register write in gv100_gr_init_shader_exceptions to align the driver with the hardware reference manual, eliminating an unnecessary configuration step.",4,0,0,0,,,,,,,,,69.933,,,,,,
ee3e3ac05c,ollama_gpt-oss_120b,4,"Adds rseq_len to task_struct, propagates it across fork/execve, updates ptrace and rseq syscalls to handle variable-sized rseq structures, and validates alignment and feature size via ELF auxiliary vectors, enabling an extensible rseq ABI.",0,0,0,4,,,,,,,,,60.981,,,,,,
ee74fdf0ca,ollama_gpt-oss_120b,4,"The patch replaces pm_runtime_get_sync with pm_runtime_resume_and_get in the sun8i-ss PRNG driver, removing an unnecessary pm_runtime_put_noidle call and simplifying power‑management handling.",0,0,4,0,,,,,,,,,72.705,,,,,,
ee9aded6d3,ollama_gpt-oss_120b,4,"Renames the temporary variable wData to reg_value in two MAC macros to satisfy checkpatch naming rules, without changing any functionality.",0,0,4,0,,,,,,,,,59.755,,,,,,
eed9f513bf,ollama_gpt-oss_120b,4,"The patch removes duplicated logic in slave_configure_v3_hw() by calling the shared helper hisi_sas_slave_configure(), deleting manual calls to sas_slave_configure() and queue-depth adjustment, consolidating configuration handling.",0,0,4,0,,,,,,,,,80.096,,,,,,
ef1a0808a2,ollama_gpt-oss_120b,4,"The commit renames parameters in the amdgpu_ring_init prototype within amdgpu_ring.h, changing 'ring_size' to 'max_dw' and 'prio' to 'hw_prio', aligning the header with the implementation for consistency and readability.",0,0,4,0,,,,,,,,,60.053,,,,,,
ef61b6ea15,ollama_gpt-oss_120b,3,"Ensures the Bluetooth controller's event mask is set before suspend completes, preventing unintended wakeups when wakeup is disabled.",4,0,0,0,,,,,,,,,64.205,,,,,,
efb6402c3c,ollama_gpt-oss_120b,4,"The patch adds limits and overflow‑safe multiplication when allocating OSS PCM buffers, preventing INT_MAX overflow that caused vmalloc warnings; it returns -ENOMEM for too‑large periods, fixing the reported syzbot bug.",4,0,0,0,,,,,,,,,61.382,,,,,,
f0052d7a1e,ollama_gpt-oss_120b,4,"Adds support for Quectel EM05‑G modem by defining its product ID (0x0311) and inserting a matching entry in the option driver’s USB device ID table, enabling the driver to bind to the device in both RMNET and MBIM configurations.",0,0,0,4,,,,,,,,,61.506,,,,,,
f059b46e6f,ollama_gpt-oss_120b,4,"Adds a new I2C power‑supply driver for the uPI uG3105 battery monitor, with Kconfig and Makefile entries, and implements probing, polling, capacity calculation, and power‑supply properties.",0,0,0,4,,,,,,,,,62.994,,,,,,
f074732d59,ollama_gpt-oss_120b,4,"The patch replaces page‑based hugetlb cgroup helpers with folio‑based equivalents, updates all call sites, and removes an unused function, adapting the hugetlb subsystem to the newer folio abstraction.",0,0,4,0,,,,,,,,,83.571,,,,,,
f0b6d3cc29,ollama_gpt-oss_120b,3,"The commit raises the hard‑reset timeout from 500 ms to 2000 ms to give firmware and preboot enough time before registers are accessed, preventing premature access errors.",4,0,0,0,,,,,,,,,60.981,,,,,,
f0e34d2625,ollama_gpt-oss_120b,3,"The commit changes the i2c remove callback for the jsa1212 driver to call power_off (which already logs errors) and then return 0, suppressing a duplicate error message from the i2c core.",4,0,0,0,,,,,,,,,72.371,,,,,,
f110ed8498,ollama_gpt-oss_120b,4,"The patch refactors io_uring fixed‑file handling: helpers now take a ctx instead of a request, introduces __io_fixed_fd_install and io_fixed_fd_remove, updates callers and moves related code to filetable files.",0,0,4,0,,,,,,,,,76.286,,,,,,
f1d0821bf3,ollama_gpt-oss_120b,4,"Adds runtime feature configuration support for Xilinx ZynqMP firmware via new IOCTL calls, introducing enums, API functions, and header prototypes to enable setting and getting feature values at runtime.",0,0,0,4,,,,,,,,,55.157,,,,,,
f2701e0ffd,ollama_gpt-oss_120b,3,"Adds a new dt-binding property ti,set-io-isolation to the wkup-m3-ipc documentation, describing its purpose, schema, conditional defaults, and examples for AM335x and AM437x platforms.",0,0,0,4,,,,,,,,,67.83,,,,,,
f28d42663e,ollama_gpt-oss_120b,3,"The patch changes the i915 driver to always allocate the scratch page from system memory (SMEM) instead of local memory (LMEM), removing platform‑specific handling and freeing high‑performance memory.",0,0,4,0,,,,,,,,,66.972,,,,,,
f2c5092190,ollama_gpt-oss_120b,3,"The patch wraps all do_softirq_own_stack definitions with #ifndef CONFIG_PREEMPT_RT, removing the own‑stack softirq path when PREEMPT_RT is enabled, saving memory and avoiding unexpected usage.",0,4,0,0,,,,,,,,,84.78,,,,,,
f2fed022aa,ollama_gpt-oss_120b,4,"The patch replaces a manual temporary-variable swap in ia64 module unwind-table registration with the generic swap() macro, removing the temporary variable and simplifying the code.",0,0,4,0,,,,,,,,,57.122,,,,,,
f30ff35f62,ollama_gpt-oss_120b,3,"The patch updates jbd2_submit_inode_data to take a journal argument and invoke the journal's j_submit_inode_data_buffers hook, adjusting callers so ext4 fastcommit uses its own writepages instead of the generic path.",0,0,4,0,,,,,,,,,60.718,,,,,,
f3116f2e52,ollama_gpt-oss_120b,4,"The commit updates the devicetree binding for NXP i.MX8MQ VPU, splitting the previous single VPU node into separate G1 and G2 decoder nodes, adds new compatible strings, deprecates the old one, and provides example DT snippets with the new power‑domain control.",0,0,0,4,,,,,,,,,75.364,,,,,,
f31e3c204d,ollama_gpt-oss_120b,4,"Adds kfree(soc_dev_attr) before returning on of_property_read_string failure, eliminating a memory leak in mxs_machine_init().",4,0,0,0,,,,,,,,,54.99,,,,,,
f33b56d370,ollama_gpt-oss_120b,4,"The patch corrects the OV5640 driver’s frame‑rate handling by using each mode’s max_fps instead of a hard‑coded 60 fps, updating try_frame_interval, enum and set functions accordingly.",4,0,0,0,,,,,,,,,55.548,,,,,,
f346f32701,ollama_gpt-oss_120b,4,"Adds Helge Deller as maintainer for the framebuffer layer, updates mailing list, status, and repository URL in the MAINTAINERS file.",0,0,0,0,,,,,,,,,65.151,,,,,,
f38b3c6a78,ollama_gpt-oss_120b,4,"The patch re-indents lines and adjusts brace placement in handle_ctrl_vlan() for proper formatting, without altering any logic or behavior.",0,0,4,0,,,,,,,,,64.836,,,,,,
f3ac888fc5,ollama_gpt-oss_120b,4,"Adds SCMI v3.1 power‑scale handling, converting power values when the scale is milli‑watts and exposing the scale to the Energy Model, replacing previous boolean flag with an enum.",0,0,0,4,,,,,,,,,67.931,,,,,,
f3c2682bad,ollama_gpt-oss_120b,4,"Adds a blocking notifier chain for VM fork events in the random driver, exposing register/unregister functions and a no‑op fallback when CONFIG_VMGENID is disabled, enabling other components (e.g., WireGuard) to be informed of VM forks.",0,0,0,4,,,,,,,,,61.287,,,,,,
f3e90c1ca9,ollama_gpt-oss_120b,4,"Removes the extent_write_full_page function and the btrfs_writepage address‑space operation, which were only used by kswapd writeback and never by cgroup writeback, simplifying Btrfs writeback handling.",0,0,4,0,,,,,,,,,67.165,,,,,,
f4c6d22c6c,ollama_gpt-oss_120b,4,"The patch deletes a mistakenly added comment about an upcoming arbitrary monitoring target feature from include/linux/damon.h, restoring the original comment and eliminating confusion.",0,0,4,0,,,,,,,,,57.01,,,,,,
f4d1f2142a,ollama_gpt-oss_120b,4,"The commit replaces manual bit‑field extraction (BMVAL) with FIELD_GET using newly added mask definitions, adding those masks to the header. It changes only the way register bits are read, without altering runtime behavior.",0,0,4,0,,,,,,,,,72.444,,,,,,
f4e526ff7e,ollama_gpt-oss_120b,4,"The patch creates a new exported helper qcom_mdt_pas_init that performs PAS initialization, updates the header, and modifies qcom_mdt_load to call this helper, enabling callers to invoke PAS setup directly.",0,0,0,4,,,,,,,,,57.998,,,,,,
f51debc256,ollama_gpt-oss_120b,4,"Adds Chinese translation for vm/page_frags.rst and updates the Chinese VM index to include the new page_frags entry, removing it from the TODO list.",0,0,4,0,,,,,,,,,68.767,,,,,,
f55fbb6afb,ollama_gpt-oss_120b,4,"The patch changes IPv4 route handling to reject routes whose rtm_tos contains ECN bits, introduces the dscp_t type, validates DSCP values, updates fib structures and lookup code, and adds self‑test coverage.",4,0,0,0,,,,,,,,,67.962,,,,,,
f5c0b4f304,ollama_gpt-oss_120b,4,"The patch removes the unused 'task' parameter from arch_prctl functions, updates prototypes and call sites to accept only option and arg2, because these functions always act on the current task.",0,0,4,0,,,,,,,,,64.45,,,,,,
f624506f98,ollama_gpt-oss_120b,3,"The patch removes the export of kthread_blkcg and deletes its stub definition when blk-cgroup is not enabled, cleaning up unused code.",0,0,4,0,,,,,,,,,74.174,,,,,,
f67be8b7ee,ollama_gpt-oss_120b,4,"Adds regmap_field helper functions for setting, clearing, and testing bits, implements test_bits, and provides inline wrappers and disabled‑API stubs, extending the regmap API.",0,0,0,4,,,,,,,,,67.334,,,,,,
f6e109a0af,ollama_gpt-oss_120b,4,"Adds documentation comments to various device/fwnode property read functions, advising callers to use the dedicated count APIs when passing NULL buffers, thus clarifying intended usage.",0,0,4,0,,,,,,,,,70.076,,,,,,
f716113aac,ollama_gpt-oss_120b,4,"The patch adds extensive validation of discovery tables: checks offsets, signatures, IDs, and checksums before dereferencing, and disables the MALL table parsing. It prevents invalid data from being used, improving robustness.",0,4,0,0,,,,,,,,,66.64,,,,,,
f728eb3a50,ollama_gpt-oss_120b,3,"The commit makes several functions static and removes an unused function to silence sparse -Wmissing-prototypes warnings in the AMD display driver, improving code hygiene.",0,0,4,0,,,,,,,,,72.161,,,,,,
f792a3629f,ollama_gpt-oss_120b,4,"Adds a kfree for fw_control_context when pm8001_chip_fw_flash_update_build fails, eliminating a memory leak in the pm8001 SCSI driver.",4,0,0,0,,,,,,,,,70.615,,,,,,
f93e2a100e,ollama_gpt-oss_120b,4,"Adds a NULL‑pointer check after kzalloc in ip22_check_gio; if allocation fails the function returns early, preventing dereference of a NULL pointer.",0,4,0,0,,,,,,,,,58.684,,,,,,
f9599127dd,ollama_gpt-oss_120b,4,"The patch removes the unused HMM_BO_SHARE enum value and associated documentation/comments from the HMM buffer object code, simplifying the enum and related logic.",0,0,4,0,,,,,,,,,54.258,,,,,,
f98c5ec251,ollama_gpt-oss_120b,4,"Adds a NULL check before iterating over job->bo and frees the array only when allocated, fixing a crash path when v3d_lookup_bos fails.",4,0,0,0,,,,,,,,,61.696,,,,,,
f9b0593dd4,ollama_gpt-oss_120b,4,"The commit replaces the plain‑text devicetree binding for the Mixel MIPI‑DSI PHY with a JSON‑schema (YAML) version, adding properties such as assigned‑clocks and power‑domains to satisfy dtbs_check, and removes the old .txt file.",0,0,4,0,,,,,,,,,72.088,,,,,,
f9b62f9843,ollama_gpt-oss_120b,3,"The patch adds a length check for the IEEE80211_P2P_ATTR_CHANNEL_LIST attribute in wilc1000 cfg80211 parsing, ensuring the attribute is large enough to hold a struct wilc_attr_ch_list and preventing out‑of‑bounds writes.",4,0,0,0,,,,,,,,,54.363,,,,,,
f9cdf41306,ollama_gpt-oss_120b,3,"The patch corrects the port selection logic for VBT packet transmission on dual‑link DSI by using BIT(PORT_*) masks instead of raw enum values, ensuring the bitmask in intel_dsi->ports is interpreted correctly.",4,0,0,0,,,,,,,,,67.49,,,,,,
fa1ef24ae2,ollama_gpt-oss_120b,3,The commit replaces a deprecation warning about the userspace thermal governor with an informational message and updates the Kconfig help text to suggest using netlink events instead.,0,0,3,0,,,,,,,,,71.396,,,,,,
fa374ddba2,ollama_gpt-oss_120b,4,"The patch rewrites the DSI 7nm PHY clock registration to use direct clk_hw parent pointers instead of string‑based parent names, removing temporary buffers and name formatting. It switches to *_parent_hw registration functions and updates related variable handling.",0,0,4,0,,,,,,,,,63.699,,,,,,
fa6fde350b,ollama_gpt-oss_120b,4,"The commit removes the deprecated CHECK macro from the xdp_bpf2bpf self‑test and replaces it with the newer ASSERT* macros, updating error handling and cleaning up the test code.",0,0,4,0,,,,,,,,,68.064,,,,,,
faab292951,ollama_gpt-oss_120b,4,"The patch adds handling of color space, transfer function, YCbCr encoding and quantization in the rkisp1 resizer sink pad, sets defaults for YUV and Bayer formats, and propagates these fields to the source pad.",0,0,0,4,,,,,,,,,67.093,,,,,,
fab6f4904e,ollama_gpt-oss_120b,4,"The commit removes the unused IWL_DEVICE_BZ_COMMON macro and inlines its fields directly into IWL_DEVICE_BZ, simplifying macro definitions in the iwlwifi cfg file.",0,0,4,0,,,,,,,,,69.487,,,,,,
fb036ad7db,ollama_gpt-oss_120b,3,"The patch updates torture.sh to allocate 2 GB instead of 1 GB for scftorture and rcuscale when KASAN testing is used, ensuring the required memory for KASAN.",4,0,0,0,,,,,,,,,74.341,,,,,,
fb197474ed,ollama_gpt-oss_120b,4,"Adds new, bus‑agnostic compatible strings for SSD130x I2C displays and deprecates the old fb‑i2c strings, keeping them for compatibility.",0,0,4,0,,,,,,,,,65.879,,,,,,
fb4f4f4256,ollama_gpt-oss_120b,4,"The patch ensures PSP termination always frees allocated buffers and returns the unload error, fixing a memory‑leak when unload fails.",4,0,0,0,,,,,,,,,72.262,,,,,,
fba6767c2d,ollama_gpt-oss_120b,4,"Adds a function to map A619 GPU fuse values to speed bins and integrates it, enabling the driver to apply correct frequency ranges for different A619 SKUs.",0,0,0,4,,,,,,,,,88.462,,,,,,
fbfc4ca465,ollama_gpt-oss_120b,4,"Adds configurability for the number of lower BSEC shadow registers by moving the constant into the driver’s configuration structure, enabling support for upcoming STM32MP SoCs.",0,0,0,4,,,,,,,,,62.331,,,,,,
fc04dafd26,ollama_gpt-oss_120b,4,"The commit replaces old non‑type‑safe mapping helpers with new type‑safe from_vfsuid/from_vfsgid helpers in mapped_fsuid() and mapped_fsgid(), improving safety and preparing for removal of the deprecated functions.",0,0,4,0,,,,,,,,,63.183,,,,,,
fc5004e5d4,ollama_gpt-oss_120b,3,"The commit changes the definition of the 'range' array inside validate_vp9_seg_params from a stack‑allocated const int to a static const int, reducing stack usage and code size.",0,0,4,0,,,,,,,,,68.339,,,,,,
fcdc03f78d,ollama_gpt-oss_120b,4,"The commit cleans up the s390 compat_linux.h header by removing obsolete compat syscall declarations and reformatting code style, comments, and macros for better readability.",0,0,4,0,,,,,,,,,63.507,,,,,,
fd0fcdf33d,ollama_gpt-oss_120b,4,"The patch deletes the unused, deprecated <linux/of_gpio.h> include from two Mediatek DRM driver files, eliminating unnecessary header inclusion.",0,0,4,0,,,,,,,,,63.284,,,,,,
fd3040b939,ollama_gpt-oss_120b,4,"Adds support for Sunplus SP7021 Ethernet controller by introducing driver source files, Kconfig entry, Makefile updates, and associated hardware register, descriptor, MAC, MDIO, and PHY handling code.",0,0,0,4,,,,,,,,,86.533,,,,,,
fd3d91ab1c,ollama_gpt-oss_120b,4,"Adds an exit‑flag check in dvb_demux_open and serializes exit flag updates with a mutex in dvb_dmxdev_release, eliminating a race that caused a leftover refcount and use‑after‑free (CVE‑2022‑41218).",4,0,0,0,,,,,,,,,54.873,,,,,,
fd8b330ce1,ollama_gpt-oss_120b,4,"The patch deletes an accidental duplicate definition of tcp_wmem_schedule in net/ipv4/tcp.c, leaving a single correct implementation, thereby resolving a build‑time duplicate symbol error.",4,0,0,0,,,,,,,,,65.399,,,,,,
fe23b6bbea,ollama_gpt-oss_120b,4,"Adds a NULL check for the workqueue allocated in nintendo_hid_probe and returns -ENOMEM on failure, preventing a null‑pointer dereference.",4,0,0,0,,,,,,,,,56.25,,,,,,
fea62d370d,ollama_gpt-oss_120b,3,"Adds an enum for resctrl event IDs, introduces a helper to reset per‑rmid architecture private state, updates structures to use the enum, and calls the reset on first read, enabling proper cleanup of stale counters.",0,0,0,4,,,,,,,,,58.129,,,,,,
ffc58bc4af,ollama_gpt-oss_120b,3,"The commit replaces the explicit LIST_HEAD_INIT initialization of a static list_head variable with the LIST_HEAD() macro, simplifying the definition while keeping the same runtime behavior.",0,0,4,0,,,,,,,,,55.96,,,,,,
