hash,annotator,understand,purpose,bfc,bpc,prc,nfc,specification,asc,obvious,safety,timing,memory,info,safety_exp,time,see_commit_clicked,lore_clicked,lore_founded,is_merge_commit,is_part_patchset,lore_found
002752af7b,ollama_gpt-oss_120b,4,"The patch changes fwnode APIs to accept error pointers, letting callers pass results of functions that may return ERR_PTR() without extra NULL/ERR checks, simplifying code and avoiding missed error handling.",0,4,0,0,,,,,,,,,49.039,,,,,,
00aaca3d07,ollama_gpt-oss_120b,4,Updates QCOM QMP PHY device tree binding docs to correct child node description from per‑lane to per‑PHY.,0,0,3,0,,,,,,,,,54.41,,,,,,
00fa7f031d,ollama_gpt-oss_120b,3,"The commit introduces core code structures in the AMD display driver to support Firmware Assisted Memory Switching (FAMS), laying groundwork in the DC layer before the feature can be enabled in amdgpu_dm.",0,0,0,4,,,,,,,,,51.406,,,,,,
016017a195,ollama_gpt-oss_120b,3,"Adds #ifdef guards around two drm/ttm lines that assume real x86 hardware, enabling the driver to compile when the kernel is built for ARCH=um (user‑mode Linux).",4,0,0,0,,,,,,,,,53.629,,,,,,
01c3f0387c,ollama_gpt-oss_120b,4,"Adds const qualifier to qcom_icc_bcm pointer declarations, ensuring they cannot be modified and improving safety.",0,4,0,0,,,,,,,,,52.908,,,,,,
0209b5830b,ollama_gpt-oss_120b,3,"The patch corrects the handling of 64‑bit arguments in SBI PMU calls when compiled for 32‑bit RISC‑V, ensuring proper register usage and correct values on RV32 platforms.",4,0,0,0,,,,,,,,,52.08,,,,,,
0255571a16,ollama_gpt-oss_120b,3,"The commit updates perf's CPU map handling to use the perf_cpu_map library API instead of direct raw accesses, improving reference‑count handling and consistency with BPF code.",0,0,4,0,,,,,,,,,50.976,,,,,,
0263256791,ollama_gpt-oss_120b,3,"The patch introduces tracepoints into DMA allocation/free paths, refactors the code to funnel allocations through a single tracepoint, and records the actual allocating function for better debugging of memory violations.",0,0,0,4,,,,,,,,,52.638,,,,,,
0285042fed,ollama_gpt-oss_120b,3,The commit refactors the cs42l42 driver by dividing probe() and remove() into distinct stages and adding an init_done flag to handle SoundWire enumeration constraints.,0,0,4,0,,,,,,,,,53.592,,,,,,
029d6586dc,ollama_gpt-oss_120b,4,"The commit adds a device‑tree node for the Qualcomm SC7280 Data Capture and Compare (DCC) hardware, providing its compatible string and register address to enable kernel support for this peripheral.",0,0,0,4,,,,,,,,,54.408,,,,,,
0301bcd599,ollama_gpt-oss_120b,3,"The patch refactors const handling in the iwlwifi driver, replacing direct const‑to‑void* casts with uintptr_t casts and removing unnecessary const‑dropping casts for dma_map_single(), to satisfy stricter compiler checks.",0,0,4,0,,,,,,,,,49.997,,,,,,
034921cdea,ollama_gpt-oss_120b,4,"The patch refactors the s390/vfio-ap driver to obtain queue devices via the AP bus's ap_get_qdev() lookup instead of iterating a device list, leveraging a hash‑table for faster access.",0,0,4,0,,,,,,,,,51.758,,,,,,
038efb6348,ollama_gpt-oss_120b,3,"The commit corrects handling of zero‑length NFSv4.2 CLONE operations when a delegation is held, using the server's GETATTR size instead of incorrectly setting the inode size to zero.",4,0,0,0,,,,,,,,,52.387,,,,,,
039d5d4db4,ollama_gpt-oss_120b,4,"Implements a get_snr() macro for the wcn36xx driver, extracting SNR from BD descriptors to support future mac80211 survey operations.",0,0,0,4,,,,,,,,,55.18,,,,,,
03a6b195e8,ollama_gpt-oss_120b,3,"The patch updates raid5 stripe_head handling to fully initialize embedded bios with bio_init, replacing partial init, manual dev/op settings, and bio_reset, simplifying the setup.",0,0,4,0,,,,,,,,,55.248,,,,,,
03eb65224e,ollama_gpt-oss_120b,3,"The commit removes an unnecessary backslash at the end of a line in the spr_cstates[] array definition within the intel_idle driver, cleaning up the source without altering functionality.",0,0,4,0,,,,,,,,,50.119,,,,,,
03f16cd020,ollama_gpt-oss_120b,3,"Adds CONFIG_OBJTOOL and replaces CONFIG_STACK_VALIDATION references, making stack validation an optional objtool feature; primarily a build‑config refactor.",0,0,4,0,,,,,,,,,54.095,,,,,,
03fdb11da9,ollama_gpt-oss_120b,3,"The patch changes two variables in moxart_ether.c from generic u32 to the explicit little‑endian __le32 type, addressing Sparse warnings about incorrect endianness handling.",4,0,0,0,,,,,,,,,54.506,,,,,,
0414441259,ollama_gpt-oss_120b,4,"The commit corrects a misspelled word in the SCSI documentation, altering only the text and not changing any code or behavior.",0,0,4,0,,,,,,,,,46.823,,,,,,
044034efbe,ollama_gpt-oss_120b,3,"Patch changes the GPPLL fractional‑N clock MFD register from 0 to 1, aligning with spec that 0 is disallowed.",4,0,0,0,,,,,,,,,53.741,,,,,,
046545a661,ollama_gpt-oss_120b,3,"The patch modifies kill_accessing_process() in mm/hwpoison to return -EHWPOISON when a page is already poisoned, fixing the wrong error code that caused a spurious ""Memory error not recovered"" log and duplicate SIGBUS delivery.",4,0,0,0,,,,,,,,,54.784,,,,,,
04c439b367,ollama_gpt-oss_120b,3,"Updates the nvmem snvs-lpgpr DT binding docs to show i.MX8M compatible strings also include the fallback fsl,imx7d-snvs-lpgpr, documenting both options.",0,0,3,0,,,,,,,,,52.667,,,,,,
04e0456f77,ollama_gpt-oss_120b,4,"The commit deletes a dev_err call that was redundant because devm_ioremap_resource already reports errors, thus removing duplicate error messages.",0,0,4,0,,,,,,,,,46.264,,,,,,
04e551d66d,ollama_gpt-oss_120b,3,"The commit adds handling for multicast router (mrouter) ports in the sparx5 network driver, ensuring they join all active multicast groups and override disabled flooding, enabling proper multicast forwarding.",0,0,0,4,,,,,,,,,51.536,,,,,,
0519f73adb,ollama_gpt-oss_120b,4,"The commit renames the struct xilinx_pcie_port to xilinx_pcie throughout the driver to follow the <driver>_pcie naming convention, without altering any functionality.",0,0,4,0,,,,,,,,,53.43,,,,,,
0537692bbe,ollama_gpt-oss_120b,4,"The commit deletes a verbose debug printk from the Qualcomm QMP combo PHY init routine, cleaning up unnecessary logging in the driver.",0,0,4,0,,,,,,,,,51.197,,,,,,
0542aac494,ollama_gpt-oss_120b,4,"The commit revises the GPIO IR LED device‑tree bindings, converting them to the new DT schema format, updating the binding documentation to follow schema conventions.",0,0,4,0,,,,,,,,,55.821,,,,,,
059ee82b64,ollama_gpt-oss_120b,3,"The commit modifies unx_lookup_cred() to use the same mempool allocation strategy as rpc_malloc(), correcting an allocation problem in the SUNRPC subsystem.",4,0,0,0,,,,,,,,,50.061,,,,,,
05b90d2404,ollama_gpt-oss_120b,4,Adds documentation for two new sc8280xp compatible devices (CRD and Lenovo Thinkpad X13s) in the arm/qcom dt-bindings.,0,0,4,0,,,,,,,,,46.533,,,,,,
05f333b746,ollama_gpt-oss_120b,4,"Adds a device‑tree node for the SM8150 Ethernet QOS controller, correcting interrupt numbers and adding its power‑domain, enabling kernel support for the Ethernet hardware.",0,0,0,4,,,,,,,,,55.356,,,,,,
069fc464f1,ollama_gpt-oss_120b,3,"The patch replaces a hard‑coded value 9 with the PAGE_SECTORS_SHIFT macro in block code and removes an unnecessary cast, making the code clearer and relying on compiler‑generated casting.",0,0,4,0,,,,,,,,,54.468,,,,,,
0704a8586f,ollama_gpt-oss_120b,4,"The patch updates the s390 DASD driver to create its sysfs entries via the kobj_type default_groups field instead of the deprecated default_attrs, aligning with the newer kobject API.",0,0,4,0,,,,,,,,,43.06,,,,,,
079c4c0c6c,ollama_gpt-oss_120b,3,"The patch replaces custom read‑modify‑write code in the i915 DVO enable/disable paths with the generic intel_de_rmw() helper and switches to intel_de_posting_read() for posting reads, consolidating register access logic.",0,0,4,0,,,,,,,,,55.247,,,,,,
081e8432ad,ollama_gpt-oss_120b,3,"The patch deletes the hisilicon,hi6220-reset dt-binding because the related controllers are already documented, removing redundant documentation.",0,0,4,0,,,,,,,,,54.082,,,,,,
085292c3d7,ollama_gpt-oss_120b,4,"The commit reverts a previous addition of pipe1 hardware support because it caused graphics hangs on Navi 21 with GNOME Wayland, restoring prior behavior to fix the regression.",4,0,0,0,,,,,,,,,51.453,,,,,,
088c840599,ollama_gpt-oss_120b,3,"The patch introduces a small wrapper struct to hold the __iomem pointer, replacing a generic void* in pci_config_window.priv, eliminating sparse static‑analysis warnings about address‑space mismatches.",0,0,4,0,,,,,,,,,53.199,,,,,,
08a987a8a0,ollama_gpt-oss_120b,3,"The patch extends the CRIU PROCESS_INFO ioctl in the amdkfd driver to report the number of SVM ranges and their total private data size, enabling future checkpoint/restore support for shared virtual memory.",0,0,0,4,,,,,,,,,48.36,,,,,,
09570c5010,ollama_gpt-oss_120b,3,"The patch adds a new boolean 'submission_initialized' flag to the i915 GuC driver and uses it to track submission setup, replacing the previous check that depended on the LRC descriptor pool which is being removed.",0,4,0,0,,,,,,,,,50.33,,,,,,
0966d38583,ollama_gpt-oss_120b,4,"Adjusts the auipc+jalr relocation range checks for RISC-V to correctly handle the signed 32‑bit offset, fixing overflow errors when the offset approaches the limits of the 20‑bit and 12‑bit immediates.",4,0,0,0,,,,,,,,,49.863,,,,,,
09e7af76db,ollama_gpt-oss_120b,3,"Adds a check for clk_enable() return value in davinci_mmc driver and returns an error on failure, ensuring proper error handling.",4,0,0,0,,,,,,,,,54.684,,,,,,
0a068f4a71,ollama_gpt-oss_120b,3,"The patch adds missing asterisks in comment block delimiters of trace_events_hist.c, correcting formatting and silencing clang warnings about bad lines.",0,0,4,0,,,,,,,,,52.291,,,,,,
0a3a4b9d2b,ollama_gpt-oss_120b,3,The patch enlarges the static name array in the Exynos MCT driver from length 10 to a larger size so that each CPU's local timer interrupt can be printed correctly when the SoC has 12 or more timers.,0,0,0,4,,,,,,,,,50.248,,,,,,
0a5bfb824a,ollama_gpt-oss_120b,3,"The patch updates KVM PPC Book3S HV handling of the decrementer during VM migration. Previously a workaround set an absolute expiry; after changing to guest‑timebase‑relative expiry, the initialization must also be relative, otherwise the vCPU hangs. The commit adjusts this initialization to prevent the hang.",4,0,0,0,,,,,,,,,53.506,,,,,,
0adc2ab0e8,ollama_gpt-oss_120b,3,"The patch modifies f2fs to store io_flags in the bio structure, ensuring that I/O merging respects the original flags and prevents unnecessary splitting caused by differing op_flags among fio holders.",4,0,0,0,,,,,,,,,49.962,,,,,,
0b046e12ae,ollama_gpt-oss_120b,3,"The patch streamlines the compound_range_next() helper in the gup code by removing a redundant order check and replacing PageCompound() with PageHead(), since a compound page always has order >=1 and cannot be a tail page.",0,0,4,0,,,,,,,,,54.951,,,,,,
0b465150b3,ollama_gpt-oss_120b,3,"The patch removes the HAL_DEF_IS_SUPPORT_ANT_DIV case from GetHalDefVar8188EUsb() in the r8188eu driver and moves that logic into a new function, continuing the removal of the legacy HAL layer.",0,0,4,0,,,,,,,,,49.621,,,,,,
0b55f6bc46,ollama_gpt-oss_120b,3,"The patch corrects the handling of DSC bits_per_pixel in the MSM DPU1 driver, using the 6.4 fractional format directly instead of the previous incorrect integer‑only math.",4,0,0,0,,,,,,,,,55.519,,,,,,
0b8ff0ba27,ollama_gpt-oss_120b,3,"The commit changes the perf test suite to use the thloop workload instead of the previous record test workload, removing the need for a compiler during testing.",0,0,4,0,,,,,,,,,50.841,,,,,,
0b94f2651f,ollama_gpt-oss_120b,3,"Adds a check in hci_cmd_sync_queue to return an error when the HCI_UNREGISTER flag is set, preventing commands from being queued after the device is being unregistered, which could otherwise cause a use‑after‑free.",4,0,0,0,,,,,,,,,41.675,,,,,,
0bd5ab511e,ollama_gpt-oss_120b,4,"Adds a likely() annotation to ICE_XDP_REDIR and its callsite, guiding the compiler to treat XDP_REDIRECT as the common case, thus improving branch prediction and generated code speed.",0,0,4,0,,,,,,,,,57.751,,,,,,
0c51e12e21,ollama_gpt-oss_120b,4,"The patch invalidates unresolved unicast neighbour entries for broadcast addresses when the kernel adds the matching broadcast route, eliminating stale entries that caused packet drops.",4,0,0,0,,,,,,,,,54.846,,,,,,
0c7833b9e8,ollama_gpt-oss_120b,3,"The patch deletes an unnecessary `asm/termios.h` include from n_hdlc.c, because the file already includes linux/tty.h which pulls in the proper termios header, simplifying the include hierarchy.",0,0,4,0,,,,,,,,,56.979,,,,,,
0c9ee5ba75,ollama_gpt-oss_120b,4,"The commit makes brcmstb_reset() static in the sdhci-brcmstb driver, eliminating a -Wmissing-prototypes compiler warning.",0,0,4,0,,,,,,,,,48.472,,,,,,
0c9f178778,ollama_gpt-oss_120b,3,"The commit deletes unused guest PASID UAPI interfaces and definitions from the IOMMU subsystem because they are unreferenced and will be replaced by a new iommufd design, eliminating dead code.",0,0,4,0,,,,,,,,,51.849,,,,,,
0ca18d09c7,ollama_gpt-oss_120b,4,"Adds a check for mmc_add_host()'s return value in the moxart MMC driver; on failure it jumps to an error path that calls mmc_free_host(), preventing a memory leak and kernel crash.",4,0,0,0,,,,,,,,,46.984,,,,,,
0d8928a94b,ollama_gpt-oss_120b,4,"The patch replaces the undefined __umoddi3 operator in the AMD GPU driver with div_u64_rem, fixing a link error when compiling the driver for 32‑bit i386.",4,0,0,0,,,,,,,,,51.249,,,,,,
0dc33c6583,ollama_gpt-oss_120b,3,"The patch modifies the MSCC MACsec driver to stop copying encryption keys when setting up a flow, eliminating the need to zero them later and reducing the risk of key remnants in memory.",0,4,0,0,,,,,,,,,55.628,,,,,,
0e3f72931f,ollama_gpt-oss_120b,3,"Switches vhost/vsock packet allocation from kmalloc to kvmalloc/kvfree to avoid allocation failures for large (≈1 MiB) packets, fixing crashes observed during large SFTP transfers.",4,0,0,0,,,,,,,,,46.576,,,,,,
0e597e2aff,ollama_gpt-oss_120b,3,The patch disables the RX error interrupt in the dp83822 driver to stop an interrupt flood caused by the RCSR register filling up when the cable is disconnected.,4,0,0,0,,,,,,,,,49.457,,,,,,
0ebdc51787,ollama_gpt-oss_120b,3,"Adds a compatible string for the Aries Embedded M100PFSEVP SOM/EVK platform to the RISC‑V Microchip dt‑bindings, documenting support for this new hardware.",0,0,0,4,,,,,,,,,52.853,,,,,,
0ef882074e,ollama_gpt-oss_120b,3,"The commit adds runtime DSP path creation and freeing for Intel AVS ASoC driver, using topology templates to dynamically allocate IDs during hw_params and release them on hw_free, enabling PCM operations.",0,0,0,4,,,,,,,,,48.721,,,,,,
0f12a22f37,ollama_gpt-oss_120b,3,"The patch adds a flush_tlb call after updating page table entries for VG20 GPUs with XGMI bridges, preventing stale TLB entries cached in the translation cache from causing stalls.",4,0,0,0,,,,,,,,,50.0,,,,,,
0f60740652,ollama_gpt-oss_120b,3,"The commit adds support for the Allwinner H616 USB PHY by defining a new configuration structure that captures its unique properties and registers a new compatible string, extending the sun4i-usb PHY driver to handle this SoC.",0,0,0,4,,,,,,,,,51.601,,,,,,
0f9fa5f58c,ollama_gpt-oss_120b,4,"Adds support for the IVO M133NW4J-R3 eDP panel by creating a new panel entry in drm/panel-edp, using generic delay_200_500_p2e100 timings as a temporary placeholder.",0,0,0,4,,,,,,,,,46.218,,,,,,
0fa32dad1e,ollama_gpt-oss_120b,4,"Renames the KVM self‑test file evmcs_test to hyperv_evmcs, aligning it with Hyper‑V naming conventions and removing the redundant _test suffix.",0,0,4,0,,,,,,,,,60.054,,,,,,
10377bb293,ollama_gpt-oss_120b,3,"The patch adds the static keyword to the of_match_tables definitions in the Arizona MFD driver after splitting them for I2C and SPI, making the tables internal to the compilation unit.",4,0,0,0,,,,,,,,,54.071,,,,,,
1038fd78a1,ollama_gpt-oss_120b,4,"Adds infrastructure for KPP template instances: defines struct kpp_instance, implements kpp_register_instance and helper functions, and documents them, enabling future template-based KPP algorithms.",0,0,0,4,,,,,,,,,55.118,,,,,,
10a2199caf,ollama_gpt-oss_120b,4,"The patch reorders imx‑rngc driver init: it clears the IRQ mask before registering the IRQ handler, preventing a premature completion that caused a kernel crash during boot.",4,0,0,0,,,,,,,,,53.867,,,,,,
10a872375d,ollama_gpt-oss_120b,3,"The commit removes unnecessary supply and clock description entries from the Qualcomm QMP PHY device tree binding files, simplifying the documentation without altering functional behavior.",0,0,4,0,,,,,,,,,46.44,,,,,,
1140f96cd4,ollama_gpt-oss_120b,4,"Updates dt-binding documentation for AD7923/AD7924/AD7927 to note driver compatibility and relationship, without changing code.",0,0,4,0,,,,,,,,,51.766,,,,,,
116c3f4a78,ollama_gpt-oss_120b,3,"The commit raises the HID driver’s maximum LED brightness for the Dream Cheeky device to 63, correcting an incorrect limit and enabling full brightness as verified on the hardware.",4,0,0,0,,,,,,,,,48.747,,,,,,
11c2bf4a20,ollama_gpt-oss_120b,3,"The patch adds a check in mvebu_pcie_hw_rd_conf() for invalid read sizes, returning all-ones and PCIBIOS_BAD_REGISTER_NUMBER, mirroring the write path handling.",4,0,0,0,,,,,,,,,53.453,,,,,,
1280d4b76f,ollama_gpt-oss_120b,4,"Removes the custom bit_reverse() function and replaces it with the standard bitrev8() from linux/bitrev.h plus a bitshift, eliminating duplicated code.",0,0,4,0,,,,,,,,,52.878,,,,,,
1299a129a9,ollama_gpt-oss_120b,3,"The patch moves the early TLB flush (local_flush_tlb_all) to run right after pt‑walker setup and before page allocation on LoongArch, and relocates a pgtable bits define function into tlb_init, fixing a boot failure of the second kernel after kexec/kdump on SMP systems.",4,0,0,0,,,,,,,,,57.022,,,,,,
12a824dc67,ollama_gpt-oss_120b,3,"Adds a cache for extent sharedness checks during fiemap in Btrfs, avoiding repeated tree traversals and improving performance.",0,0,4,0,,,,,,,,,48.973,,,,,,
12aeaaba08,ollama_gpt-oss_120b,4,"Updates perf c2c documentation to describe the newly added store metric value 'N/A', aligning the report table description with current behavior.",0,0,4,0,,,,,,,,,63.149,,,,,,
1300eec9e5,ollama_gpt-oss_120b,3,"The patch moves the definitions of mach_get_rtc_pll, mach_set_rtc_pll and mach_hwclk into the time.c path for nommu m68k builds, ensuring they are compiled where needed and eliminating undefined reference errors.",4,0,0,0,,,,,,,,,50.857,,,,,,
130fc180a4,ollama_gpt-oss_120b,3,"The patch adds code to release enclosure device objects when the mpi3mr driver is unloaded and before rescanning targets on controller reset, preventing resource leaks.",4,0,0,0,,,,,,,,,46.655,,,,,,
131a79b474,ollama_gpt-oss_120b,3,"The patch fixes race conditions and lock handling for hugetlb vmas during splitting and unmapping, preventing double frees and ensuring proper lock presence for VM_MAYSHARE vmas.",4,0,0,0,,,,,,,,,62.792,,,,,,
133e2d3e81,ollama_gpt-oss_120b,3,"The patch enables a process created with vfork+exec to change its time namespace, by allowing the exec step to perform the namespace switch even when the child shares the parent's memory (CLONE_VM).",0,0,0,4,,,,,,,,,54.325,,,,,,
1397af5bfd,ollama_gpt-oss_120b,3,"The patch deletes the per‑CPU conntrack dying list, moving entries to a per‑net list, and adjusts when the IPS_CONFIRMED flag is set to avoid double unlinking.",0,0,3,0,,,,,,,,,50.535,,,,,,
13a4223df8,ollama_gpt-oss_120b,4,"Removes a duplicated 'is' word in a comment of the ab8500_fg power supply driver, fixing a typo.",0,0,4,0,,,,,,,,,52.037,,,,,,
14b9397240,ollama_gpt-oss_120b,4,"The commit adds a function to the DesignWare I2C driver that reads I2C timing parameters from firmware, mirroring similar logic in the PCI driver, enabling dynamic timing configuration.",0,0,0,4,,,,,,,,,46.684,,,,,,
15e15d64bd,ollama_gpt-oss_120b,3,"The patch adds the X86_FEATURE_XENPV flag to the list of features handled specially in disabled-features.h, enabling the kernel to recognize this Xen PV feature.",0,0,0,4,,,,,,,,,46.441,,,,,,
15e67227c4,ollama_gpt-oss_120b,3,"The patch reverts damage caused by the return‑thunk mitigation on x86, adding a X86_FEATURE_RETHUNK flag to selectively disable it for affected CPUs.",4,0,0,0,,,,,,,,,50.442,,,,,,
1634602627,ollama_gpt-oss_120b,4,"Updates the ASoC dt-binding for the Realtek rt5682s codec to document AVDD and MICVDD supplies, matching their use in existing device tree files.",0,0,4,0,,,,,,,,,63.195,,,,,,
1644dfe727,ollama_gpt-oss_120b,3,"The patch removes redundant re‑initialisation of control arrays in set_mba_sc() for the resctrl MBA software controller, moving the mbps_val[] reset to reset_all_ctrls() and eliminating unnecessary architecture‑specific accesses.",0,0,4,0,,,,,,,,,49.636,,,,,,
1645e7b966,ollama_gpt-oss_120b,4,"Renames the struct `vkms_composer` to `vkms_frame_info` in the vkms driver, updating all code references to reflect that it holds frame composition information.",0,0,4,0,,,,,,,,,51.968,,,,,,
16a54d4ee7,ollama_gpt-oss_120b,3,"The patch changes framebuffer console (fbcon) sysfs attribute show functions to use sysfs_emit instead of snprintf/scnprintf, aligning with the recommended API for sysfs output.",0,0,4,0,,,,,,,,,54.165,,,,,,
16b1941eac,ollama_gpt-oss_120b,4,"The patch removes code in the USB gadget core that assigns udc->dev.driver, preventing a race where dev_uevent dereferences a driver pointer that may be cleared, fixing a use‑after‑free bug reported by syzbot.",4,0,0,0,,,,,,,,,50.036,,,,,,
16ed828b87,ollama_gpt-oss_120b,4,"Adds a missing iounmap() call in zorro7xx_remove_one() to correctly release I/O memory mapped during probe, fixing a resource leak.",4,0,0,0,,,,,,,,,62.934,,,,,,
1724cc38e7,ollama_gpt-oss_120b,3,"The patch renames the driver’s set_fmt_new function back to set_fmt after the ASoC core switched to a new direct‑clock API, allowing the driver to use the standard set_fmt callback again.",0,0,4,0,,,,,,,,,49.87,,,,,,
17580de3e2,ollama_gpt-oss_120b,3,"The patch reorders logic in the r8188eu driver's OnDisassoc function, extracting the non‑access‑point handling before the main conditional block to make the code clearer.",0,0,4,0,,,,,,,,,57.124,,,,,,
176c0b55d9,ollama_gpt-oss_120b,3,"Adds intel_async_flip_check_uapi() called early in atomic check to verify async flip capability and performs basic checks (CRTC active, modeset flag, plane enabled) to ensure validity of async flip requests.",0,4,0,0,,,,,,,,,55.33,,,,,,
17edb8e1e3,ollama_gpt-oss_120b,4,"The patch removes kernel-doc annotations from static functions in drm/edid, considering them excessive, and replaces them with plain comments, without altering any functional code.",0,0,4,0,,,,,,,,,49.814,,,,,,
1844c79c4d,ollama_gpt-oss_120b,3,"The commit updates the spear-keyboard driver to replace deprecated SIMPLE_DEV_PM_OPS() with DEFINE_SIMPLE_DEV_PM_OPS() together with pm_sleep_ptr(), removing __maybe_unused annotations and silencing compiler warnings.",0,0,4,0,,,,,,,,,46.906,,,,,,
18451db82e,ollama_gpt-oss_120b,3,"The patch adds logic in the RDMA core to compute the UDP source port from the GRH flow label, falling back to lqpn/rqpn when the flow label is absent.",0,0,0,3,,,,,,,,,54.342,,,,,,
18489174e4,ollama_gpt-oss_120b,3,"The commit adds support for the on‑board RT711 SDCA audio codec on the Intel Meteor Lake (MTL) platform, integrating it into the ASoC Intel SOF driver.",0,0,0,4,,,,,,,,,49.868,,,,,,
192bb40f03,ollama_gpt-oss_120b,4,"The patch modifies intel_gt_mcr_wait_for_reg_fw() to manage uncore->lock internally, fixing a race where callers didn't hold the lock, which could cause lockdep assertions, and releases the lock during long waits to avoid blocking other MMIO.",4,0,0,0,,,,,,,,,46.538,,,,,,
1968f2be5c,ollama_gpt-oss_120b,4,"Adds support for a new ACPI identifier for the AMD PMC controller, updating the driver’s ACPI ID table to recognize the new hardware version.",0,0,0,4,,,,,,,,,50.682,,,,,,
1a048cde49,ollama_gpt-oss_120b,3,"The patch updates the r8188eu driver to call the generic ieee80211_get_DA helper instead of its own get_da function, aligning the code with the common wireless stack API.",0,0,4,0,,,,,,,,,56.774,,,,,,
1a8339c6bd,ollama_gpt-oss_120b,4,"Adds a new compatible string “elan,eth3915n” to the input touchscreen dt‑bindings, enabling the kernel to recognize the eth3915n controller as compatible with ekth3500.",0,0,0,4,,,,,,,,,57.528,,,,,,
1ab586f517,ollama_gpt-oss_120b,4,"Replace scnprintf with sysfs_emit in the sfc driver to follow sysfs guidelines, ensuring proper formatting for values returned to user space.",0,3,2,0,,,,,,,,,53.07,,,,,,
1ac7fd8159,ollama_gpt-oss_120b,3,"Adds support for Intel LBR format V7 in perf, introducing shared capability flags in x86_pmu and an init routine to set them, simplifying capability checks for Goldmont+ and Tremont CPUs.",0,0,0,4,,,,,,,,,50.464,,,,,,
1b0a54b3e8,ollama_gpt-oss_120b,4,"The patch consolidates two LED state structures (struct led_priv and struct LED_871x) in the r8188eu driver by moving fields from LED_871x into led_priv, simplifying the LED layer.",0,0,4,0,,,,,,,,,49.176,,,,,,
1b0c84a32e,ollama_gpt-oss_120b,3,"The commit adjusts the NFP driver to correctly handle a 32‑bit capability register that may be placed at a non‑qword‑aligned address, preventing illegal unaligned I/O reads on certain architectures.",4,0,0,0,,,,,,,,,45.962,,,,,,
1b6345d416,ollama_gpt-oss_120b,3,"Adds validation in nf_tables to ensure NFT_SET_CONCAT flag is set when field_count is provided, and rejects inconsistent usage with EINVAL, aligning flag semantics with recent set concatenation support.",3,0,0,0,,,,,,,,,51.296,,,,,,
1b929c02af,ollama_gpt-oss_120b,4,Tag commit marking Linux 6.2 release candidate 1; no source code modifications.,0,0,0,0,,,,,,,,,46.009,,,,,,
1bd9dfec9f,ollama_gpt-oss_120b,3,"The patch removes the over‑restrictive block on APIC writes for non‑ICR registers, allowing x2APIC MSR writes needed by x2AVIC, thus correcting a regression introduced by a previous change.",4,0,0,0,,,,,,,,,49.123,,,,,,
1c075b192f,ollama_gpt-oss_120b,3,"The patch corrects the TLV length check in tipc_nl_compat_name_table_dump_header by adding proper casting, preventing negative values and fixing the uninitialized‑value bug reported by syzbot.",4,0,0,0,,,,,,,,,53.769,,,,,,
1c0bd03532,ollama_gpt-oss_120b,4,"Adds a new compatible string for the Altera SoCFPGA Stratix 10 Development Kit in the arm64 device tree, enabling kernel support for this board.",0,0,0,4,,,,,,,,,52.242,,,,,,
1c33f8508b,ollama_gpt-oss_120b,3,"The commit adds avdd-0v9-supply and avdd-1v8-supply properties to the HDMI node in the rk3399-roc-pc device tree, matching the hardware schematic and silencing a kernel warning about missing supplies.",4,0,0,0,,,,,,,,,53.592,,,,,,
1c796caff0,ollama_gpt-oss_120b,4,Renames the KUnit test configuration option for the IIO format test suite to follow the required CONFIG_<name>_KUNIT_TEST naming pattern.,0,0,4,0,,,,,,,,,48.803,,,,,,
1cec8bbc17,ollama_gpt-oss_120b,3,"The patch updates the KVM arm64 self‑test to set debug.control using the proper KVM_GUESTDBG_ENABLE constant instead of the test‑only SINGLE_STEP_DISABLE enum, which coincidentally had the same value, clarifying intent without changing behavior.",0,0,4,0,,,,,,,,,60.273,,,,,,
1dcf37365e,ollama_gpt-oss_120b,4,"The commit updates the Qualcomm GSBI device‑tree binding by converting its documentation to the new dtschema format, aligning it with the DT schema specification.",0,0,4,0,,,,,,,,,54.639,,,,,,
1e029397d1,ollama_gpt-oss_120b,3,"Splits sd_read_protection into two functions, moves integrity probing to the end of SCSI device discovery, removes a redundant revalidate call, and makes log output less verbose.",0,0,4,0,,,,,,,,,53.356,,,,,,
1ed914e341,ollama_gpt-oss_120b,3,"The commit adds device‑tree entries for the RZ/G2UL SMARC board to enable the SSI1 audio interface, updating pinctrl and sound_dai nodes.",0,0,0,3,,,,,,,,,54.401,,,,,,
1ee6c5abeb,ollama_gpt-oss_120b,3,"The commit removes the driver‑enforced edge‑rising interrupt trigger, letting the Device Tree specify the type, fixing bind failures on Qualcomm WCN3990 where the DTSI uses level‑high.",4,0,0,0,,,,,,,,,44.314,,,,,,
1f2cfdd349,ollama_gpt-oss_120b,3,"Reverts a recent move of proc_dointvec_minmax_sysadmin() that added an incorrect __user qualifier to its buffer argument, fixing the sparse static‑analysis warning and restoring the proper kernel pointer type.",4,0,0,0,,,,,,,,,53.086,,,,,,
1f4d8ae231,ollama_gpt-oss_120b,4,"Adds a GPIO interrupt handler and implements irq_chip helper functions (irq_ack, irq_mask, irq_unmask, irq_set_type) for the microchip pci1xxxx driver, enabling proper IRQ configuration and handling.",0,0,0,4,,,,,,,,,52.651,,,,,,
1f74399fd1,ollama_gpt-oss_120b,4,"Deletes the unused 'work' member from struct mlx5e_async_ctx in the mlx5e driver, cleaning dead code.",0,0,4,0,,,,,,,,,62.946,,,,,,
1fc4fa2ac9,ollama_gpt-oss_120b,4,"The patch changes rxrpc congestion handling: it stops persisting cwnd across calls, resets to the initial cwnd after an idle RTT, and preserves ssthresh, fixing a situation where a saved cwnd of 0 prevented any transmission.",4,0,0,0,,,,,,,,,54.867,,,,,,
1fe5ebc4e1,ollama_gpt-oss_120b,4,"The patch relocates several root helper functions from accessors.h back to ctree.h, restoring proper file organization and simplifying synchronization with btrfs-progs.",0,0,4,0,,,,,,,,,50.539,,,,,,
2019bf7cd2,ollama_gpt-oss_120b,3,"The commit adds a software function to support the new SMUIO hardware block in the AMDGPU driver, extending discovery code for version 13.0.9.",0,0,0,4,,,,,,,,,48.444,,,,,,
203bcac9bf,ollama_gpt-oss_120b,4,"The patch raises the maximum DRAM bandwidth percentage for the DCN315 display engine to 60%, mirroring DCN31, to resolve DML validation failures when multiple HDR displays are connected.",4,0,0,0,,,,,,,,,54.955,,,,,,
208cc9fe6f,ollama_gpt-oss_120b,4,"The patch corrects the 4 GB boundary check in the mpt3sas SCSI driver by using the DMA address of the memory pool instead of the virtual address, ensuring proper handling of DMA buffers that cross the 4 GB limit.",4,0,0,0,,,,,,,,,51.596,,,,,,
20ea94bc53,ollama_gpt-oss_120b,4,Adds a new DT binding gpio property for wcd938x codec to select CTIA/OMTP headset configuration.,0,0,0,4,,,,,,,,,50.593,,,,,,
21234e3a84,ollama_gpt-oss_120b,4,"The patch modifies mlx5e_fs_init() to invoke mlx5e_fs_vlan_free(fs) before kvfree(fs), eliminating a use‑after‑free bug in the mlx5e network driver.",4,0,0,0,,,,,,,,,51.212,,,,,,
212ad7cb7d,ollama_gpt-oss_120b,3,Fixes use‑after‑free when a station disconnects on QCA6390/WCN6855 by adjusting the peer‑delete sequence to avoid skipping necessary cleanup.,4,0,0,0,,,,,,,,,56.734,,,,,,
21457f4a91,ollama_gpt-oss_120b,4,"The patch deletes the unused function rxrpc_get_reply_time() from the RxRPC subsystem because the code now uses the call issue time instead, cleaning up dead code.",0,0,4,0,,,,,,,,,52.874,,,,,,
216d1a8013,ollama_gpt-oss_120b,4,"The commit updates the maintainer email address in the dt-bindings documentation, replacing the old address with Luca Ceresoli's preferred Bootlin address.",0,0,4,0,,,,,,,,,48.285,,,,,,
21cdd6a0e8,ollama_gpt-oss_120b,4,"The commit corrects the probe() function in the MPFS MUSB driver so that error paths return proper negative error codes instead of zero, ensuring failures are reported correctly.",4,0,0,0,,,,,,,,,49.065,,,,,,
21ce2c121f,ollama_gpt-oss_120b,4,"Moves netdev_notifier registration from each device probe to module initialization, preventing duplicate registration when multiple ADIN1110/2111 devices are present, eliminating probe warnings/failures.",4,0,0,0,,,,,,,,,53.654,,,,,,
2274c3b281,ollama_gpt-oss_120b,4,"The patch removes the JFS ->writepage callback, which was inefficient and only a fallback, and sets ->migrate_folio to the generic buffer‑head helper, deleting the writepage implementation.",0,0,4,0,,,,,,,,,53.081,,,,,,
227f25972c,ollama_gpt-oss_120b,4,"Adds support for a new queue allocation command required by newer firmware, refactors the queue allocation API to use a station mask and revised flags, and implements removal of queues before station removal.",0,0,0,4,,,,,,,,,50.134,,,,,,
228f324dc7,ollama_gpt-oss_120b,4,"Adds a helper function virt_get_pte_hva() that returns the host virtual address of a page‑table entry for a given guest virtual address, intended for aarch64 KVM self‑tests.",0,0,0,4,,,,,,,,,56.429,,,,,,
22dd7a58b2,ollama_gpt-oss_120b,3,"The commit removes obsolete perfbuf API functions from libbpf and tidies up related option structures, simplifying the interface and eliminating dead code.",0,0,3,0,,,,,,,,,43.963,,,,,,
2307a0e1ca,ollama_gpt-oss_120b,3,"The patch adds a USB‑audio quirk for the Fiero SC‑01 device when running firmware version 1.0.0, reusing the quirks already defined for firmware 1.1.0 to handle hard‑coded sample rates, thereby enabling the driver to support that older firmware.",0,0,0,4,,,,,,,,,50.031,,,,,,
2327337b88,ollama_gpt-oss_120b,3,"The patch stops running task work at the beginning of io_uring_enter, deferring it until after submissions to enable better batching, and adjusts related paths for SQPOLL, IOPOLL, and cqring wait.",0,0,4,0,,,,,,,,,47.246,,,,,,
23347c90e2,ollama_gpt-oss_120b,3,"Updates OMAP3 device‑tree to group CM_ICLKEN_WKUP clocks under the TI clksel binding and adds clock-output-names, removing unique_unit_address and node_name_chars_strict warnings.",0,0,4,0,,,,,,,,,54.391,,,,,,
233eb8d689,ollama_gpt-oss_120b,4,"The commit corrects a misspelled word in a comment inside the ocfs2 filesystem code, without changing any executable code.",0,0,4,0,,,,,,,,,51.553,,,,,,
2397f780e1,ollama_gpt-oss_120b,4,"The patch rewrites try_to_free_swap to operate on a folio instead of a page, eliminating extra compound_head calls and shrinking the kernel text by about 74 bytes.",0,0,4,0,,,,,,,,,52.06,,,,,,
23cc6d8c37,ollama_gpt-oss_120b,3,"Changes cfg80211_auth_request.key_idx from unsigned to signed to allow -1 sentinel value, removing static analysis warnings.",0,0,4,0,,,,,,,,,63.334,,,,,,
23dca7a900,ollama_gpt-oss_120b,3,"The patch adds a 'reset' argument to the mtk_wed_tx_ring_setup function, enabling the driver to handle reset operations for the Wireless Ethernet Dispatcher.",0,0,0,4,,,,,,,,,55.358,,,,,,
23e085b2de,ollama_gpt-oss_120b,3,"Adds admin capability checks to NVMe management ioctl commands (reset, rescan, etc.), aligning them with passthrough restrictions to stop unprivileged users from performing disruptive operations.",0,4,0,0,,,,,,,,,46.591,,,,,,
2485c12c98,ollama_gpt-oss_120b,3,"The patch ensures that during CRIU restore the AMD KFD driver recreates SDMA queues with the same SDMA ID that was saved at dump time, preserving correct queue identity.",4,0,0,0,,,,,,,,,48.411,,,,,,
24873b8859,ollama_gpt-oss_120b,4,"The patch deletes the HW_VAR_AC_PARAM_VI hardware variable from SetHwReg8188EU() in the r8188eu driver and replaces its use with a direct rtw_write32() call, simplifying register configuration.",0,0,4,0,,,,,,,,,61.937,,,,,,
249369e931,ollama_gpt-oss_120b,3,"The patch updates drivers/bus/mhi/host/init.c to use sysfs_emit/sysfs_emit_at instead of snprintf, fixing a Coccinelle warning about using snprintf in sysfs code.",0,0,4,0,,,,,,,,,52.871,,,,,,
24a3db53ec,ollama_gpt-oss_120b,3,"The commit updates the OMAP3 device tree to group CONTROL_DEVCONF0 clocks using the TI clksel binding and adds clock-output-names, eliminating unique_unit_address and node_name_chars_strict warnings.",0,0,4,0,,,,,,,,,54.53,,,,,,
25097de7b2,ollama_gpt-oss_120b,3,"The commit introduces a pinctrl/GPIO driver for Intel Meteor Lake, adding support for the new generation GPIO hardware while keeping compatibility with existing Intel pinctrl infrastructure.",0,0,0,4,,,,,,,,,51.772,,,,,,
255d7a9581,ollama_gpt-oss_120b,4,"The commit moves QCS404 remote processor PAS device‑tree bindings into a dedicated file, separating them from other bindings to simplify the tree and aid maintenance.",0,0,4,0,,,,,,,,,46.253,,,,,,
2564aa7544,ollama_gpt-oss_120b,4,"Adds clock name definitions for the Qualcomm SDM845 camera clock controller in the device‑tree binding schema, allowing the driver to parse the bi‑tcxo clock supplied via DT.",0,0,0,4,,,,,,,,,50.055,,,,,,
258030acc9,ollama_gpt-oss_120b,4,"Changes the dsa_switch struct's num_ports field from size_t (8 bytes) to unsigned int (4 bytes) to remove padding and shrink the struct size, improving memory usage.",0,0,4,0,,,,,,,,,38.553,,,,,,
25eb948601,ollama_gpt-oss_120b,4,"Removes unnecessary chip type comments from the FTDI serial driver, cleaning up the source without altering functionality.",0,0,4,0,,,,,,,,,54.766,,,,,,
25fd735a4c,ollama_gpt-oss_120b,4,"The commit updates rxe_av.c to replace all calls to the generic pr_* debug macros with the rxe-specific rxe_dbg_* macros, aligning debug output with the RXE driver’s naming convention.",0,0,4,0,,,,,,,,,59.625,,,,,,
26093ce14b,ollama_gpt-oss_120b,3,"Limits RAS feature enable to the GFX IP block by removing a generic inline check and directly testing for GFX, aligning driver behavior with hardware requirements.",4,0,0,0,,,,,,,,,51.422,,,,,,
260b5c694b,ollama_gpt-oss_120b,4,"Updates the MAINTAINERS file to delete Jukka Rissanen as the 6lowpan maintainer, reflecting his departure from the project.",0,0,0,0,,,,,,,,,50.917,,,,,,
26df39a9e5,ollama_gpt-oss_120b,3,"The patch initializes the previously uninitialized variable ‘next’ in find_first_clear_extent_bit, removing a compile‑time error in the btrfs code.",4,0,0,0,,,,,,,,,50.075,,,,,,
26ffcbbef7,ollama_gpt-oss_120b,3,"The patch adds bookkeeping to the i915 buddy allocator to record total visible memory and per‑resource visible usage, exposing it for debug output and future eviction decisions, plus minor code clean‑ups.",0,0,4,0,,,,,,,,,55.045,,,,,,
2703c16c75,ollama_gpt-oss_120b,4,"Adds a common mechanism for CXL.mem endpoint drivers to enumerate ancestor CXL switch ports, acquire parent port locks, and validate CXL.mem links, enabling proper port creation and teardown handling.",0,0,0,4,,,,,,,,,55.521,,,,,,
272ac15003,ollama_gpt-oss_120b,3,"The patch deletes the unused function fscrypt_set_test_dummy_encryption() after its callers were switched to fscrypt_parse_test_dummy_encryption() and fscrypt_add_test_dummy_key(), cleaning up dead code in the fscrypt subsystem.",0,0,4,0,,,,,,,,,49.636,,,,,,
27aeb91559,ollama_gpt-oss_120b,4,"The patch updates the hisi_acc VFIO driver to use new device lifecycle helper functions, moves migration‑specific initialization from the probe routine to a dedicated init callback, and deletes the now‑unused vfio_pci_core_{un}init_device() functions.",0,0,4,0,,,,,,,,,52.833,,,,,,
28793b194e,ollama_gpt-oss_120b,3,"The commit refactors btrfs I/O handling by removing unnecessary parameters (orig_bio, clone) from submit_stripe_bio, deriving them internally from existing data, thus simplifying the function signature.",0,0,4,0,,,,,,,,,48.635,,,,,,
287f1ee38a,ollama_gpt-oss_120b,3,"The commit updates the Renesas r8a77470 pinctrl driver to replace full reserved register field descriptions with compact shorthands (negative width) and merges adjacent reserved fields, reducing the compiled kernel size.",0,0,4,0,,,,,,,,,51.075,,,,,,
29a051bd46,ollama_gpt-oss_120b,3,"The patch reorders the frequency‑read conditional ladder in the i915 driver so that newer GRAPHICS_VER values (>=11) are handled first, improving readability and making future platform extensions clearer.",0,0,4,0,,,,,,,,,52.697,,,,,,
29f557d553,ollama_gpt-oss_120b,3,"Updates the copy of struct vmcb_control_area in KVM nSVM selftests to match the kernel's newer definition, allowing the tests to cover newly added VM control features.",0,0,4,0,,,,,,,,,52.708,,,,,,
2a791f4412,ollama_gpt-oss_120b,3,"The patch removes the buddy prefetch step in free_pcppages_bulk, arguing that under the zone lock the prefetch offers little benefit and adds overhead, thus simplifying the bulk free path and reducing instruction count.",0,0,4,0,,,,,,,,,54.531,,,,,,
2ac05f8f2e,ollama_gpt-oss_120b,3,"Adds a PowerPC PMU self‑test that checks enabling branch stack does not crash, exercising the recent crash‑fix code path using a software cycles event.",0,0,4,0,,,,,,,,,51.199,,,,,,
2b7d07f7ac,ollama_gpt-oss_120b,3,"The patch adds error handling in ftpm_mod_init(): if driver_register() fails, it now unregisters the ftpm_tee_plat_driver before returning, fixing a resource leak.",4,0,0,0,,,,,,,,,52.583,,,,,,
2b947cf9e3,ollama_gpt-oss_120b,4,"Updates the max310x serial driver to fill the rs485_supported field, documenting which serial_rs485 capabilities the hardware provides.",0,0,4,0,,,,,,,,,51.288,,,,,,
2ba75d3119,ollama_gpt-oss_120b,3,"The patch refactors HOP functions in the MMU V1 driver to use newly defined shift/mask arrays, simplifying the code and improving maintainability.",0,0,3,0,,,,,,,,,52.895,,,,,,
2baad24963,ollama_gpt-oss_120b,4,"The patch lowers the log level for failures of devm_thermal_of_zone_register() from error to debug, because -ENODEV is expected when a thermal zone is absent in DT, preventing unnecessary error messages.",0,0,4,0,,,,,,,,,60.068,,,,,,
2c1eafc40e,ollama_gpt-oss_120b,4,"The patch changes the USB control-message timeout used when reading EDID in the udl DRM driver to the standard 5‑second USB timeout constant, aligning it with other driver code.",0,0,4,0,,,,,,,,,47.117,,,,,,
2c763f37d0,ollama_gpt-oss_120b,3,"Updates the amdgpu DRM driver to skip programming gfxhub_v3_0_3 system aperture registers for SR‑IOV virtual functions, as those registers are removed from the RLCG access range; the host now handles them.",4,0,0,0,,,,,,,,,55.198,,,,,,
2d3bc87543,ollama_gpt-oss_120b,3,"The patch removes the vgpu->released field and its sanity‑check in the i915 GVT driver because VFIO core already manages vGPU lifecycle, simplifying the driver code.",0,0,4,0,,,,,,,,,55.579,,,,,,
2d4daa549c,ollama_gpt-oss_120b,3,"The patch removes the arch_has_empty_bitmaps field from the x86 resctrl code, stating that min_cbm_bits alone suffices to validate CBM support, and updates related code accordingly.",0,0,4,0,,,,,,,,,50.685,,,,,,
2dd9032beb,ollama_gpt-oss_120b,3,"Adds a function to query RAS poison mode in the amdgpu driver, notes SRIOV guests need not query it, and renames the function for clarity, simplifying the code.",0,0,4,0,,,,,,,,,55.173,,,,,,
2e0aee8f0a,ollama_gpt-oss_120b,4,"The patch changes the ata_port struct field fastdrain_cnt from unsigned long to unsigned int because it is only ever assigned from 32‑bit values, reducing its size without altering behavior.",0,0,4,0,,,,,,,,,51.437,,,,,,
2e7e80f7e7,ollama_gpt-oss_120b,3,"The commit changes the is_partially_uptodate helper to accept a folio instead of a page, updating its signature and related type usage to reflect byte counts, improving clarity and correctness.",0,0,4,0,,,,,,,,,54.878,,,,,,
2fadc6ea4a,ollama_gpt-oss_120b,4,"The commit reorders the entries of CONFIG_SURFACE_PLATFORMS in RISC‑V defconfig files to match the order produced by savedefconfig, without altering any functional behavior.",0,0,4,0,,,,,,,,,57.448,,,,,,
2fc092d4c7,ollama_gpt-oss_120b,3,"The patch corrects the selection of the microengine (ME) field in the map_queue packet for GFX11, ensuring the appropriate ME is used for graphics, compute, or scheduling.",4,0,0,0,,,,,,,,,48.178,,,,,,
302e9edd54,ollama_gpt-oss_120b,3,"The commit modifies traceon/traceoff trigger handling so that they affect only the specific tracing instance rather than the global tracing state, fixing confusing behavior for users.",3,0,0,0,,,,,,,,,48.892,,,,,,
3044a4f271,ollama_gpt-oss_120b,3,"The patch adds a new helper function mcp251xfd_is_fd_mode() to detect CAN-FD mode and replaces scattered inline checks with calls to this function, improving code readability and maintainability.",0,0,4,0,,,,,,,,,63.356,,,,,,
3084097c36,ollama_gpt-oss_120b,3,"The patch simplifies the BPF self‑tests by deleting the mount/umount of /sys and /sys/fs/bpf performed in open_netns and close_netns, eliminating unnecessary, error‑prone steps.",0,0,4,0,,,,,,,,,52.817,,,,,,
30b1a0797e,ollama_gpt-oss_120b,4,"The patch changes the ssd130x DRM driver to obtain the plane state via drm_atomic_get_new_plane_state() instead of accessing the .state field directly, aligning with the atomic API. No functional behavior is altered.",0,4,0,0,,,,,,,,,52.844,,,,,,
30b6ab45f8,ollama_gpt-oss_120b,4,"The patch changes the vCPU field 'sysregs_loaded_on_cpu' from a simple boolean to a proper state flag in KVM arm64, updating its definition and related checks to reflect host‑only state handling.",0,0,4,0,,,,,,,,,49.241,,,,,,
30d024b505,ollama_gpt-oss_120b,4,The patch adds a forward declaration of struct folio in cacheflush.h so that code including this header compiles without warnings about an unknown type.,0,0,4,0,,,,,,,,,54.625,,,,,,
3128ea0169,ollama_gpt-oss_120b,3,"The patch changes the mt7921 driver to stop discarding received frames that use VHT MCS indices 10‑11, which the hardware can handle, correcting an incorrect drop behavior.",4,0,0,0,,,,,,,,,50.363,,,,,,
31354121bf,ollama_gpt-oss_120b,3,"Adds a new device‑tree property and binding to expose the CIU clock phase control of the SDMMC controller via the system manager, enabling software to configure clock phase.",0,0,0,4,,,,,,,,,52.736,,,,,,
316f710172,ollama_gpt-oss_120b,4,"The patch adds a free() call for the structure holding parsed command‑line arguments in rtla/osnoise, ensuring it is released before the tool exits, thus eliminating a memory leak.",4,0,0,0,,,,,,,,,49.094,,,,,,
319568d75f,ollama_gpt-oss_120b,3,"Adds handling for SubVP Dynamic Refresh Rate (DRR) cases: avoids VSYNC lock, uses firmware for manual trigger on DCN32/321, and introduces a command bit to flag SubVP DRR.",0,0,0,4,,,,,,,,,48.836,,,,,,
3197706abd,ollama_gpt-oss_120b,4,"The commit renames the reference‑counting helpers in the rxe RDMA driver: rxe_add_ref() becomes rxe_get() and rxe_drop_ref() becomes rxe_put(), improving naming consistency and readability.",0,0,4,0,,,,,,,,,52.288,,,,,,
322842ea3c,ollama_gpt-oss_120b,3,"Adds a swap_free() call in try_to_unmap() when arch_unmap_one() fails, undoing a prior swap_duplicate() to prevent leaks and memory corruption in the COW/GUP pin handling path.",4,0,0,0,,,,,,,,,55.015,,,,,,
3233b978af,ollama_gpt-oss_120b,4,"The patch introduces a cs_dsp library for ALSA, providing APIs that let HDA drivers expose CS_DSP DSP controls to userspace via ALSA controls, and fixes the Kconfig dependency for CONFIG_SND_HDA_CS_DSP_CONTROLS.",0,0,0,4,,,,,,,,,50.252,,,,,,
32346491dd,ollama_gpt-oss_120b,1,Tag commit marking Linux 5.19 release candidate 6; no source code modifications.,0,0,0,0,,,,,,,,,51.013,,,,,,
3255530ab1,ollama_gpt-oss_120b,3,"The patch updates KVM x86 MMU code to automatically refresh iter->old_spte after a failed cmpxchg, removing redundant manual reads and simplifying the logic.",0,0,4,0,,,,,,,,,52.716,,,,,,
3256412fc5,ollama_gpt-oss_120b,3,"The commit adds code to the hisi I2C driver to obtain the bus clock frequency via the generic clock framework, using either a clock reference or the clk_rate property, falling back as needed.",0,0,0,4,,,,,,,,,56.909,,,,,,
327c348988,ollama_gpt-oss_120b,3,"The patch adds a printk that logs the gap end size, which reflects the number of physical address bits on UV platforms.",0,0,4,0,,,,,,,,,55.082,,,,,,
32f1b53fe8,ollama_gpt-oss_120b,4,Initializes the missing vqs_list_lock in vdev_info_init() to stop virtio_test from hanging in __vring_new_virtqueue().,4,0,0,0,,,,,,,,,48.885,,,,,,
33024536ba,ollama_gpt-oss_120b,4,"Implements a new hot‑page selection algorithm for NUMA‑balancing memory tiering using hint‑page‑fault latency, adds promotion rate limiting and automatic hot‑threshold adjustment, reuses struct page bits, and provides a debugfs interface.",0,0,0,4,,,,,,,,,54.84,,,,,,
330f5a3005,ollama_gpt-oss_120b,4,Adds Chinese translation of the Device Tree changesets documentation (docs/zh_CN/devicetree/changesets.rst).,0,0,0,0,,,,,,,,,50.325,,,,,,
3364c6ce23,ollama_gpt-oss_120b,4,"The patch corrects a size‑mismatched cast in the LSE atomic implementation for arm64, replacing an unsigned long* cast with a pointer of the appropriate size, eliminating a -Warray-bounds warning without changing generated code.",0,4,0,0,,,,,,,,,50.273,,,,,,
340a02535e,ollama_gpt-oss_120b,4,"The commit moves the extract‑cert script from scripts/ to certs/, updates the Makefile to use the new path, and modifies the build so the script is compiled only when required.",0,0,4,0,,,,,,,,,50.047,,,,,,
3470079687,ollama_gpt-oss_120b,3,"The patch changes the stmmac driver to allow MTU changes while the interface is up by releasing and reopening the driver and initializing the port filter, eliminating the EBUSY error.",4,0,0,0,,,,,,,,,47.176,,,,,,
34886e796c,ollama_gpt-oss_120b,4,"The patch moves the KVM x86 PMU operations structure into the init ops table and marks it __initdata, reducing memory footprint and making the original ops inaccessible after initialization to avoid accidental modifications.",0,4,0,0,,,,,,,,,55.035,,,,,,
34b1a65ec1,ollama_gpt-oss_120b,3,"The commit removes an outdated entry for max77693.txt from the MAINTAINERS file that was re‑added by a merge conflict, correcting the documentation after the file was converted to YAML.",0,0,4,0,,,,,,,,,51.344,,,,,,
34b88934e6,ollama_gpt-oss_120b,3,"The commit updates the QCOM SM8350 pinctrl device‑tree binding to stop marking the 'function' property as required for pins that are not GPIOs, fixing validation errors for such pins.",3,0,0,0,,,,,,,,,57.772,,,,,,
35cc9d622e,ollama_gpt-oss_120b,3,"Adds a BPF self‑test that reproduces a WARN_ON_ONCE triggered by a decl_tag in a function prototype return type, exercising btf_type_id_size checks.",0,0,0,4,,,,,,,,,52.75,,,,,,
35eee9a363,ollama_gpt-oss_120b,3,"The patch adds a guard in the RTC self‑test suite to detect the absence of an RTC device and skip the test, avoiding unnecessary failures when the hardware is not present.",0,0,4,0,,,,,,,,,62.53,,,,,,
362e54e48b,ollama_gpt-oss_120b,3,"The patch updates fbtft_init_display() to use fbtft_par_dbg_hex() for printing the init sequence, because the buffer holds signed 16‑bit values. The previous printing ignored the signed type, so the change corrects the debug output.",0,0,4,0,,,,,,,,,50.381,,,,,,
365e1ececb,ollama_gpt-oss_120b,3,"The patch adds a guard in hv_netvsc to delay VF registration until the host sends the VF association message, eliminating a race that could break the VF path during VM boot.",4,0,0,0,,,,,,,,,52.22,,,,,,
367c9b0f1b,ollama_gpt-oss_120b,3,"Adds an mm reference when queuing a range to the SVM deferred list and drops it after processing, ensuring the mm struct stays valid and preventing mm_count leaks in the amdkfd driver.",4,0,0,0,,,,,,,,,48.409,,,,,,
36c6f1fb2e,ollama_gpt-oss_120b,3,"Adds optional prepare_streaming and unprepare_streaming callbacks to the vb2 queue ops, allowing drivers to claim and release streaming resources when VIDIOC_STREAMON/OFF is called instead of waiting for start_streaming.",0,0,0,4,,,,,,,,,47.356,,,,,,
37be3f9d69,ollama_gpt-oss_120b,3,"The patch adds logic to invalidate the existing firmware session before a relogin when the authentication application starts, preventing repeated login attempts (thrashing) in N2N configurations where the remote WWPN is larger than the local adapter.",4,0,0,0,,,,,,,,,53.541,,,,,,
3809db6430,ollama_gpt-oss_120b,3,"The patch adds reference‑count handling to the raw MIDI output buffer during snd_rawmidi_drain_output and checks the count on close, preventing concurrent buffer resize while draining.",0,4,0,0,,,,,,,,,49.767,,,,,,
3883001838,ollama_gpt-oss_120b,4,"The patch moves several exported extent_io_tree helper functions from the core file to extent-io-tree.c, consolidating helpers that don’t rely on tree_search() and reducing the core file size.",0,0,4,0,,,,,,,,,48.664,,,,,,
38d4a385a3,ollama_gpt-oss_120b,3,"Adds a __vcpu_run() helper to KVM selftests so tests can invoke the KVM_RUN ioctl without triggering internal asserts, simplifying test code.",0,0,0,4,,,,,,,,,48.493,,,,,,
39cdf080ce,ollama_gpt-oss_120b,3,"Adds mt7915_set_radar_background and related MCU routines to configure a dedicated DFS receive chain, enabling zero‑wait DFS (CAC detection on rdd2) in the mt76 driver.",0,0,0,4,,,,,,,,,55.165,,,,,,
3a52471206,ollama_gpt-oss_120b,3,"Adds a device‑tree entry for RK3399 VOPs defining the gamma LUT memory region, enabling gamma control support on that hardware.",0,0,0,4,,,,,,,,,53.443,,,,,,
3a55f72924,ollama_gpt-oss_120b,4,"The patch disables the KVM_HC_CLOCK_PAIRING hypercall when a vCPU has tsc_always_catchup enabled, because the hypercall causes an infinite loop in pvclock_read_retry. It also adjusts warning and return code handling.",4,0,0,0,,,,,,,,,48.8,,,,,,
3ac5f2f257,ollama_gpt-oss_120b,4,"Adds a missing @server parameter description to the kernel-doc comment of smb311_update_preauth_hash() to silence documentation warnings, without changing code behavior.",0,0,4,0,,,,,,,,,50.042,,,,,,
3b1611f252,ollama_gpt-oss_120b,4,"Adds entries for Qualcomm QDU1000 and QRU1000 SoC identifiers to the arm/qcom,ids device‑tree binding header, extending supported SoC list.",0,0,0,4,,,,,,,,,52.609,,,,,,
3b49ae380c,ollama_gpt-oss_120b,3,"The patch corrects the error‑checking logic for platform_get_irq() in the ipaq‑micro MFD driver, changing a null (zero) check to a <0 check because the function returns a negative error code on failure.",4,0,0,0,,,,,,,,,51.028,,,,,,
3b9cb4ba4b,ollama_gpt-oss_120b,4,"The patch updates rcutorture to use the helper kthread_run_on_cpu() instead of separate calls to kthread_create_on_node, kthread_bind, and wake_up_process, reducing code complexity.",0,0,4,0,,,,,,,,,54.293,,,,,,
3bea83b68d,ollama_gpt-oss_120b,4,"The patch refactors the lpfc driver’s handling of SLI‑3/SLI‑4 RSCN, SCR, RDF, EDC and FARPR paths, replacing direct SLI‑3 iocb field accesses with generic get/set helpers and separating SLI‑3 and SLI‑4 specific code, making SLI‑4 the primary interface.",0,0,4,0,,,,,,,,,51.889,,,,,,
3cf0507625,ollama_gpt-oss_120b,3,"The commit restructures i915 VBT handling by separating panel‑specific data from global data, moving parsing to the output probing stage, storing it per connector, and dropping an unused micro‑optimization.",0,0,4,0,,,,,,,,,50.622,,,,,,
3cffb26fbb,ollama_gpt-oss_120b,4,"The patch deletes an unused assignment to the variable 'bytes' in sound/pci/echoaudio/midi.c, eliminating a dead‑store warning from clang static analysis.",0,0,4,0,,,,,,,,,54.304,,,,,,
3d8d3504d2,ollama_gpt-oss_120b,3,"The commit adds a platform data structure for Intel Agilex to the dwc2 USB driver, noting that the DWC2 IP on this platform lacks clock‑gating support.",0,0,0,4,,,,,,,,,61.427,,,,,,
3dd9c8b5f0,ollama_gpt-oss_120b,3,"The patch removes the _bh annotation from all rxrpc spinlocks because packet processing moved to an I/O thread and RCU callbacks no longer hold those locks, cleaning up now‑unnecessary annotations.",0,0,4,0,,,,,,,,,53.174,,,,,,
3de8dd69fa,ollama_gpt-oss_120b,3,"The commit updates the ti-dac5571 IIO DAC driver to use the newer i2c .probe_new() callback, adding explicit device ID handling because .probe_new() lacks the i2c_device_id argument.",0,0,4,0,,,,,,,,,52.276,,,,,,
3e1865ba38,ollama_gpt-oss_120b,3,"The patch removes unused conditionals and driver options from the Qualcomm QMP UFS PHY driver, simplifying the code and eliminating dead paths.",0,0,4,0,,,,,,,,,48.213,,,,,,
3e5a8e8494,ollama_gpt-oss_120b,3,"Adds a reset of the GCC_SDCC_BCR register during each fresh initialization of the MSM SDHC controller, clearing previous power states to prevent the observed software reset timeout where the reset never completes.",4,0,0,0,,,,,,,,,52.757,,,,,,
3f64510e3d,ollama_gpt-oss_120b,3,"The patch updates the K210 device‑tree for the Canaan board, splitting the timer node into two with correct interrupt arrays, eliminating dtbs_check warnings about non‑standard interrupt configuration.",4,0,0,0,,,,,,,,,52.2,,,,,,
3fe012f482,ollama_gpt-oss_120b,4,"Adds the 'qcom,msm8974' compatible string to the QCOM CCI I2C dt-binding, documenting support for the MSM8974 chip with two I2C masters.",0,0,0,4,,,,,,,,,47.282,,,,,,
3fe3fd5f30,ollama_gpt-oss_120b,3,"The patch loads the actual VA bits (vabits_actual) during the resume path on ARM64, aligning it with the updated __cpu_setup() that now receives the VA size in x0, fixing boot failures on 52‑bit builds.",3,0,0,0,,,,,,,,,53.47,,,,,,
3ffa9f713c,ollama_gpt-oss_120b,3,"Adds error handling to ssi_init() in the OMAP SSI driver: checks platform_driver_register() return value and unregisters ssi_pdriver if registration fails, preventing stale registration.",4,0,0,0,,,,,,,,,52.257,,,,,,
403d50341c,ollama_gpt-oss_120b,3,"Updates bio_copy_data_iter to handle offsets in destination bio_vecs, restoring correct copying behavior needed by bcache when bios contain partial pages.",4,0,0,0,,,,,,,,,49.424,,,,,,
40758e493f,ollama_gpt-oss_120b,3,"Adds support for a reset‑GPIO to the onboard USB hub driver, releasing the reset line after power‑up and asserting it before power‑down.",0,0,0,4,,,,,,,,,49.124,,,,,,
4088ca3edc,ollama_gpt-oss_120b,3,"The patch removes unused includes of_irq.h and of_platform.h from the 8250_dw serial driver and adds the missing mod_devicetable.h, aligning the driver’s header list with actual usage.",0,0,4,0,,,,,,,,,52.899,,,,,,
40e4eb324c,ollama_gpt-oss_120b,4,"The patch changes a left‑shift of a signed 32‑bit integer by 31 bits in __mdiobus_register to use an unsigned type, eliminating undefined behavior flagged by UBSAN.",4,0,0,0,,,,,,,,,53.529,,,,,,
4194442daf,ollama_gpt-oss_120b,3,"The patch updates DRM EDID parsing callbacks to treat struct detailed_timing pointers as const, preventing their modification during parsing.",0,0,4,0,,,,,,,,,54.129,,,,,,
424140d31b,ollama_gpt-oss_120b,3,"The patch updates the xhci driver to also block U2 link power management for USB3 devices on tier‑2+ hubs when Intel tier policy disallows LPM, adding an early policy check to skip unnecessary commands.",4,0,0,0,,,,,,,,,52.645,,,,,,
42475735ad,ollama_gpt-oss_120b,3,"The patch deletes a return variable in rtw_wx_get_essid of the r8188eu driver that was always zero and never overwritten, simplifying the function.",0,0,4,0,,,,,,,,,61.82,,,,,,
426d15ad11,ollama_gpt-oss_120b,4,"The patch adds a condition that skips starting the ext4lazyinit background thread when the filesystem is mounted read‑only, because block allocation and bitmap prefetching are unnecessary in that mode.",0,0,4,0,,,,,,,,,48.61,,,,,,
42da167bbd,ollama_gpt-oss_120b,4,"The commit updates the STM32 device‑tree source to rename pinctrl nodes to the standard 'pinctrl' name, eliminating warnings introduced by the recent pinctrl.yaml addition.",0,0,4,0,,,,,,,,,54.86,,,,,,
435beb4110,ollama_gpt-oss_120b,4,"The commit updates the dt-bindings hwmon ntc-thermistor maintainer list, removing Naveen Krishna Chatradhi because his email bounces. No code or functional change, only metadata.",0,0,4,0,,,,,,,,,45.982,,,,,,
43caf1a682,ollama_gpt-oss_120b,3,"The commit updates the kernel-doc script to replace its custom error handling with Pod::Usage, integrating documentation printing and simplifying argument parsing.",0,0,4,0,,,,,,,,,50.215,,,,,,
43cf36974d,ollama_gpt-oss_120b,4,"Adds ability for the TPS68470 clock driver to accept multiple consumer platform data entries, enabling several sensors to share the same clock.",0,0,0,4,,,,,,,,,49.978,,,,,,
43da2f0762,ollama_gpt-oss_120b,3,"The commit introduces a new CAN line‑discipline driver (can327) that enables ELM327 OBD‑II adapters to act as cheap CAN interfaces, with accompanying documentation and minor style tweaks.",0,0,0,4,,,,,,,,,50.245,,,,,,
442ec1e5bb,ollama_gpt-oss_120b,3,"The patch adds a missing space to the heading row of the ext4 blockmap documentation table, realigning cells and removing the Sphinx 'Malformed table' warning that prevented the table from loading.",4,0,0,0,,,,,,,,,52.773,,,,,,
44b5554d98,ollama_gpt-oss_120b,4,"Updates the mmio thermal driver to use the new generic OF initialization API, converting its ops to thermal_zone_device_ops and registering the zone with the new API, simplifying and modernizing the code.",0,0,4,0,,,,,,,,,49.58,,,,,,
44e36d7552,ollama_gpt-oss_120b,4,"Updates the MT8365 mutex module array to use the newly added DDP_COMPONENT_DITHER0 enum index, matching earlier SoC changes. No functional behavior is altered; the change is purely for code consistency.",0,0,4,0,,,,,,,,,49.437,,,,,,
450deb93df,ollama_gpt-oss_120b,3,"The patch modifies blk_crypto_sysfs_register/unregister to accept a gendisk pointer, using the existing gendisk during sysfs registration, preparing the block layer for upcoming sysfs handling changes.",0,0,4,0,,,,,,,,,54.363,,,,,,
46307fd6e2,ollama_gpt-oss_120b,4,"The patch removes an incorrect spinlock (css_set_lock) around kernfs_walk_and_get, which may sleep, and adds a helper for the default hierarchy, ensuring proper locking and preventing sleep under a spinlock.",4,0,0,0,,,,,,,,,52.909,,,,,,
463be3cb35,ollama_gpt-oss_120b,3,"Adds the enable-strobe-pulldown property to the Rockchip eMMC PHY in the NanoPi4 device tree, re‑enabling an internal pull‑down that was previously disabled and caused HS400 mode I/O errors.",3,0,0,0,,,,,,,,,52.937,,,,,,
4665770407,ollama_gpt-oss_120b,3,"The commit adds support for DSD audio bit formats (DSD_U8, DSD_U16_LE, DSD_U32_LE) to the fsl_sai driver in the ASoC subsystem, extending its capabilities.",0,0,0,4,,,,,,,,,49.991,,,,,,
466c1e6d05,ollama_gpt-oss_120b,4,"The patch adds missing cleanup calls in the probe and resources_setup error paths of the sun8i_a83t MIPI CSI-2 driver, mirroring the existing remove function to avoid resource leaks on failure.",4,0,0,0,,,,,,,,,52.708,,,,,,
470308d9d2,ollama_gpt-oss_120b,4,"Adds a prefix to macros in the gpio-f7188x driver to keep the GPIO namespace clean, without altering any functional behavior.",0,0,4,0,,,,,,,,,46.249,,,,,,
48bff1053c,ollama_gpt-oss_120b,4,"The patch makes reads from /dev/urandom attempt a best‑effort entropy generation; if it succeeds the RNG is initialized, otherwise behavior is unchanged, improving safety without forcing initialization.",0,4,0,0,,,,,,,,,51.409,,,,,,
4919d3eb2e,ollama_gpt-oss_120b,4,"Reorders rtc‑cmos driver initialization so cmos_wake_setup() runs after cmos_do_probe() sets driver data, eliminating a NULL‑pointer dereference in rtc_handler() on boot.",4,0,0,0,,,,,,,,,52.691,,,,,,
4967a7803c,ollama_gpt-oss_120b,4,"The patch corrects a typo in the IOAT DMA engine module description, changing ""idel"" to ""idle"". It only modifies a textual string, with no functional impact on the driver.",0,0,4,0,,,,,,,,,46.189,,,,,,
49fd9b6df5,ollama_gpt-oss_120b,4,"The patch revises numerous comments in mm/vmscan, changing mentions of 'pages' to 'folios' after the folio conversion, without modifying any executable code.",0,0,4,0,,,,,,,,,54.788,,,,,,
4b2b4370a8,ollama_gpt-oss_120b,4,"Updates the AD5380 IIO DAC driver to use i2c's .probe_new() callback, adding explicit device‑id lookup because .probe_new() lacks the i2c_device_id argument.",0,0,4,0,,,,,,,,,52.147,,,,,,
4b9f8ce4d5,ollama_gpt-oss_120b,4,"The patch renames iscsi_conn_queue_work() to iscsi_conn_queue_xmit() in the iSCSI driver to better describe its role of queuing transmit operations, without altering functionality.",0,0,4,0,,,,,,,,,53.469,,,,,,
4ccc6db090,ollama_gpt-oss_120b,3,"The patch replaces atomic_long_cmpxchg with atomic_long_try_cmpxchg in __io_account_mem, removing an extra compare and simplifying code, with no functional change.",0,0,4,0,,,,,,,,,54.402,,,,,,
4d26ba671e,ollama_gpt-oss_120b,3,"The patch removes now‑redundant validation checks in iommu_release_device and stops freeing fwspec structures that are already handled by core code, simplifying the release path.",0,0,4,0,,,,,,,,,51.341,,,,,,
4d2a3c169b,ollama_gpt-oss_120b,4,"The commit corrects a misspelled identifier 'postion' to 'position' in the IB/qib driver, fixing a typo in the source code.",0,0,4,0,,,,,,,,,47.33,,,,,,
4d352eb91a,ollama_gpt-oss_120b,4,"Adds a #reset-cells property to the Mediatek MT8192/MT8195 device‑tree bindings, referencing existing infra_ao reset definitions and setting the cell count to 1.",0,0,0,4,,,,,,,,,53.996,,,,,,
4d40ceef47,ollama_gpt-oss_120b,3,"The commit adds a PCI device ID for Intel 5 Series/3400 to the ALSA HDA driver, treating variant 0x3b57 like 0x3b56, enabling HDMI/DP audio via i915.",0,0,0,4,,,,,,,,,53.381,,,,,,
4d8f52ac5f,ollama_gpt-oss_120b,4,"Fixes selftest timer code to correctly propagate child process errors by using macros to extract the waitpid-style return value instead of returning system() directly, which was always masked to 0.",4,0,0,0,,,,,,,,,54.567,,,,,,
4dc84c06a3,ollama_gpt-oss_120b,3,"The patch expands the ethtool ringparam structures and set/get handlers to expose the driver’s tx_push setting, enabling configuration via ethtool -G/g.",0,0,0,4,,,,,,,,,58.166,,,,,,
4dd9989164,ollama_gpt-oss_120b,4,"The patch deletes an unnecessary 'return' statement from a void function in the ALSA hda/via driver, cleaning up dead code because a return in a void function has no effect.",0,0,4,0,,,,,,,,,49.58,,,,,,
4df002d908,ollama_gpt-oss_120b,3,"The patch modifies kernel config logic so rcuscale can be built without automatically enabling RCU Tasks in CONFIG_PREEMPT_NONE kernels, reducing kernel size and tracing complexity.",0,0,4,0,,,,,,,,,57.993,,,,,,
4e05a4b329,ollama_gpt-oss_120b,3,"Adds checks for rxe_get() return values in RDMA/rxe tasklets to detect failure when a queue pair's reference count has dropped to zero, preventing use of a freed object.",0,4,0,0,,,,,,,,,55.475,,,,,,
4e0c19fcb8,ollama_gpt-oss_120b,4,"Adds a teardown routine that frees tagger-owned storage during DSA switch driver unbind, correcting a missing cleanup that caused a memory leak and potential use‑after‑free.",4,0,0,0,,,,,,,,,53.549,,,,,,
4e5bc0a9a1,ollama_gpt-oss_120b,3,"The patch modifies io_uring to reuse a hash‑list node as storage for two 64‑bit values that must be returned in CQE32, enabling extra add‑operation results to be conveyed.",0,0,0,4,,,,,,,,,53.752,,,,,,
4ec25b49f4,ollama_gpt-oss_120b,3,"Updates selftests/bpf/test_xdp_redirect to create a temporary network namespace instead of a hard‑coded name, preventing name collisions during testing.",0,0,4,0,,,,,,,,,55.211,,,,,,
4efb98e963,ollama_gpt-oss_120b,3,"The commit moves the calculation of the module_list size into the modules loop, simplifying the logic in the ASoC qdsp6 audioreach driver.",0,0,4,0,,,,,,,,,54.094,,,,,,
4f03dcc6b9,ollama_gpt-oss_120b,3,"Adds a check preventing existing DSA master devices from being attached as upper interfaces of other device types, except when the switch has no DSA tags. This enforces that LAG interfaces of DSA masters stay DSA masters and disallows adding new upper ports after creation.",0,4,0,0,,,,,,,,,49.922,,,,,,
4f3701fc59,ollama_gpt-oss_120b,3,"Adds qca8k_bulk_read/write helpers to the DSA driver, enabling bulk packet I/O via management Ethernet, and updates FDB code to use them while reducing the register count for ARL table reads.",0,0,0,4,,,,,,,,,55.389,,,,,,
4f57332d6a,ollama_gpt-oss_120b,4,"Modifies the mlx5 driver probe to query and probe active Subfunctions (SFs) during initialization, ensuring SF devices are recreated after parent driver reload when SFs and representors reside on different functions.",4,0,0,0,,,,,,,,,52.394,,,,,,
4f9f531e15,ollama_gpt-oss_120b,3,"The patch replaces separate dma_set_mask() and dma_set_coherent_mask() calls in the qed driver with a single dma_set_mask_and_coherent() call, removes dead code, and folds qed_set_coherency_mask() into its sole caller, simplifying the driver.",0,0,4,0,,,,,,,,,31.239,,,,,,
4fb35936a3,ollama_gpt-oss_120b,4,"Adds a Kconfig entry for AMD RPL Platform ACP audio drivers, allowing the drivers to be compiled when the new config option is selected, thus enabling support for those drivers.",0,0,0,4,,,,,,,,,50.08,,,,,,
507f788d05,ollama_gpt-oss_120b,3,"The commit replaces the existing arm64 strcmp implementation with the latest upstream version from ARM Optimized Routines, adding Memory Tagging Extension (MTE) support.",0,0,4,0,,,,,,,,,50.021,,,,,,
5099478e43,ollama_gpt-oss_120b,3,"The commit modifies the lpfc driver to derive VMID registration from fabric service parameters received during FLOGI_ACC instead of static module parameters, ensuring compatibility across different switch brands.",0,4,0,0,,,,,,,,,53.459,,,,,,
50a7d025ca,ollama_gpt-oss_120b,3,"The patch adds a RAS poison creation handler to the amdgpu DRM driver and separates the UMC handler, preparing for future poison consumption handling.",0,0,0,4,,,,,,,,,50.367,,,,,,
50cfde3349,ollama_gpt-oss_120b,4,"The commit updates the maintainer entry in the rockchip,rk3399-cru.yaml binding file, replacing a former author with the current Rockchip clock maintainer as requested.",0,0,4,0,,,,,,,,,55.763,,,,,,
50f094a558,ollama_gpt-oss_120b,4,"The patch stops incrementing i_version for EXT4_EA_INODE_FL inodes, which use i_version for reference counting, fixing test failures (xfstest ext4/026) when iversion is enabled.",4,0,0,0,,,,,,,,,48.567,,,,,,
512865d83f,ollama_gpt-oss_120b,3,"The commit updates the default PSCI version reported to KVM arm64 guests to 1.1, so the PSCI_VERSION call now returns the newer version number.",0,0,0,4,,,,,,,,,53.588,,,,,,
5192e395c5,ollama_gpt-oss_120b,4,"The patch replaces all strlcpy calls with strscpy in the misc subsystem where the return value was unused, using a coccinelle script. The change is behavior‑equivalent and follows kernel coding advice.",0,0,4,0,,,,,,,,,52.758,,,,,,
51cd31ae20,ollama_gpt-oss_120b,4,"Updates Qualcomm MSM8960 pin controller device-tree bindings to the new DT schema, renaming subnodes with '-state' and '-pins' suffixes to align with other Qualcomm schemas.",0,0,4,0,,,,,,,,,56.137,,,,,,
51e76a232f,ollama_gpt-oss_120b,4,"The patch frees allocated mount options on the error path of ntfs_fill_super(), removing a kmemleak reported by syzbot.",4,0,0,0,,,,,,,,,46.218,,,,,,
526e6ca5d1,ollama_gpt-oss_120b,3,"The patch deletes code that sent the EnableGfxImu message twice, ensuring it is only sent once in set_gfx_power_up_by_imu, cleaning up redundant operations in the amdgpu power management driver.",0,0,3,0,,,,,,,,,50.683,,,,,,
528ef2d996,ollama_gpt-oss_120b,4,"The commit introduces a macro that generates module parameters for DAMON statistics, allowing reuse across DAMON_RECLAIM and DAMON_LRU_SORT modules.",0,0,0,4,,,,,,,,,57.078,,,,,,
534bd70374,ollama_gpt-oss_120b,3,"The commit adjusts the init/Kconfig test for CC_HAS_ASM_GOTO_TIED_OUTPUT so that when /bin/sh is dash, the test no longer fails due to stray newline characters, fixing the false‑negative detection.",4,0,0,0,,,,,,,,,52.263,,,,,,
537f8ffbdf,ollama_gpt-oss_120b,3,"The commit removes the separate MOD0 and SOF0 definitions for the Mediatek mt8195 SoC and reuses the existing mt8183 definitions, eliminating duplicate code.",0,0,4,0,,,,,,,,,54.299,,,,,,
546a5d6122,ollama_gpt-oss_120b,3,"Adds a hard limit of 256 retries for Ceph MDS requests to avoid overflow of the 8‑bit retry counter, which caused incorrect retry sequences.",4,0,0,0,,,,,,,,,49.694,,,,,,
54739cc6b4,ollama_gpt-oss_120b,4,Renames io_uring request handler functions so that preparation and issue sides follow a uniform naming pattern (io_<cmd>_prep and io_<cmd>) for better consistency.,0,0,4,0,,,,,,,,,49.589,,,,,,
550842cc60,ollama_gpt-oss_120b,4,"The patch adds a guard in ocfs2_dlm_shutdown to skip cleanup of a DLM resource when it was never initialized, preventing a kernel crash that occurs after a mount failure in local mode.",4,0,0,0,,,,,,,,,51.401,,,,,,
552b7cb0ee,ollama_gpt-oss_120b,4,"The commit moves the 'calcs' folder, which contains floating‑point code, into the DML directory to isolate FPU operations as per project guidelines, and tweaks the build so it compiles when DCN is disabled. No functional changes are introduced.",0,0,4,0,,,,,,,,,48.451,,,,,,
560f7736b9,ollama_gpt-oss_120b,2,"The commit addresses a failure in the NTFS3 driver when handling highly fragmented attributes during attr_punch_hole, adding logic to locate the attribute correctly.",4,0,0,0,,,,,,,,,51.128,,,,,,
5614dc3a47,ollama_gpt-oss_120b,3,The patch fixes a memory‑leak bug in Btrfs where inode lists attached to ulist nodes were not freed during error handling in resolve_indirect_refs(). It replaces ulist_free() with free_leaf_list() and moves/simplifies that helper function.,4,0,0,0,,,,,,,,,53.553,,,,,,
562f5bc48a,ollama_gpt-oss_120b,4,"The patch edits spte.h to delete a duplicated phrase ""be split"" in a comment, correcting a typo without altering code logic.",0,0,4,0,,,,,,,,,63.373,,,,,,
569c746b8a,ollama_gpt-oss_120b,4,"Introduces a helper function create_pidcomm in the perf timechart subsystem to encapsulate repeated code and allocation of per_pidcomm structures, improving readability and maintainability.",0,0,4,0,,,,,,,,,56.797,,,,,,
570a4bf744,ollama_gpt-oss_120b,3,"The patch corrects the computation of the memory‑region identifier (mr) in the read_reply() path of the rxe RDMA driver, fixing crashes observed in the rping benchmark during long runs.",4,0,0,0,,,,,,,,,52.822,,,,,,
571650b3a3,ollama_gpt-oss_120b,3,"The patch modifies the bq25890 driver to stop using pdata->regulator_init_data for the vsys regulator, ensuring only the vbus regulator gets that init data, which prevents duplicate regulator registration errors during probe.",4,0,0,0,,,,,,,,,51.605,,,,,,
577be05c89,ollama_gpt-oss_120b,3,"The patch corrects migrate_pages() handling of THP migration failures when unmap_and_move returns -ENOSYS. It moves the failed THP from the 'from' list to 'ret_pages' to avoid double counting, and aligns failure processing with hugetlbfs for consistency.",4,0,0,0,,,,,,,,,55.157,,,,,,
57ded5fc98,ollama_gpt-oss_120b,3,"The patch adds code to acquire the runtime‑pm (RPM) wakelock before accessing PXP hardware during driver unbind, mirroring a prior suspend fix, to stop the ""RPM wakelock ref not held during HW access"" warning.",4,0,0,0,,,,,,,,,55.034,,,,,,
5877b7ddbc,ollama_gpt-oss_120b,3,The patch updates the PSP_BL_CMD enumeration in the amdgpu DRM driver so its values align with the definition used in the trusted OS component.,4,0,0,0,,,,,,,,,49.213,,,,,,
58e0be1ef6,ollama_gpt-oss_120b,4,"Patch modifies bonding flow key copying to use __struct_group() for IP/IPv6 addresses, removing fortify-string warnings about reading beyond field size.",0,4,0,0,,,,,,,,,53.051,,,,,,
590a8e564c,ollama_gpt-oss_120b,4,"The patch adds a transmit_in_progress_aborted flag to CEC driver logic. When a transmit is cancelled, it now marks the ongoing transmit as aborted and prevents the framework from retrying, avoiding overwriting the hardware buffer and garbled bus data.",4,0,0,0,,,,,,,,,49.347,,,,,,
593c5ba288,ollama_gpt-oss_120b,4,"The commit updates the MAINTAINERS file for the Broadcom USB driver, replacing Al Cooper with the author as the internal maintainer and adding an upstream maintainer entry.",0,0,4,0,,,,,,,,,52.396,,,,,,
59915143e8,ollama_gpt-oss_120b,4,"The commit extracts timeout opcode definitions and their handling code from the existing io_uring implementation into a dedicated source file, improving modularity and code organization.",0,0,4,0,,,,,,,,,46.398,,,,,,
59a811faa7,ollama_gpt-oss_120b,4,"Renames struct udl_drm_connector to udl_connector and introduces a macro for upcasting from drm_connector, with no functional changes.",0,0,4,0,,,,,,,,,47.055,,,,,,
5a0893088a,ollama_gpt-oss_120b,4,The patch deletes the unused prototype __arch_set_user_pkey_access() from the x86/pkeys code because the function is neither defined nor referenced.,0,0,4,0,,,,,,,,,55.563,,,,,,
5a420ed964,ollama_gpt-oss_120b,4,"The patch removes the unused reg_from_user() and reg_to_user() helper functions in the KVM arm64 code and replaces their calls with the standard get_user()/put_user() primitives, simplifying the code path used by invariant checks.",0,0,4,0,,,,,,,,,49.422,,,,,,
5a48b7433a,ollama_gpt-oss_120b,4,"The commit updates the DSA networking documentation, correcting several typographical, grammatical, and punctuation errors without altering code or functionality.",0,0,4,0,,,,,,,,,51.112,,,,,,
5a5866c28b,ollama_gpt-oss_120b,4,"The patch edits Documentation/process/changes.rst, replacing the explicit version number with the placeholder 'latest' (or 'current'), so the document stays accurate for future kernel releases.",0,0,4,0,,,,,,,,,58.039,,,,,,
5a709a46e4,ollama_gpt-oss_120b,3,"The patch removes the mutex lock/unlock around the bvalid IRQ handler in the rockchip-inno-usb2 PHY driver, stating that IRQ clearing is atomic and the lock is unnecessary.",0,0,4,0,,,,,,,,,53.438,,,,,,
5b2c5540b8,ollama_gpt-oss_120b,3,"The patch adjusts tcp_bpf_recvmsg_parser() to return the same error codes as the TCP stack, fixing mismatched EAGAIN and other errors that confused applications and added latency.",4,0,0,0,,,,,,,,,45.326,,,,,,
5b3dc949f5,ollama_gpt-oss_120b,4,Adds missing ida_simple_remove() in the probe error path to prevent a resource leak and replaces deprecated ida_simple_get()/remove() with ida_alloc()/free() in the alcor_pci driver.,4,0,0,0,,,,,,,,,61.53,,,,,,
5b45b1c8b8,ollama_gpt-oss_120b,3,"The commit reverts a recent change that filled the DCN315 clock table using dcfclk values. The revert is done because the firmware leaves those entries empty when dcfclk states are disabled, leading to a no‑read/underflow condition. Restoring the previous behavior fixes the issue.",4,0,0,0,,,,,,,,,54.52,,,,,,
5bd8d53f6f,ollama_gpt-oss_120b,4,"Adds a debugfs file amdgpu_reset_level to allow users to select and block specific GPU reset types, with mode2 reset disabled by default.",0,0,0,4,,,,,,,,,51.855,,,,,,
5bfa685e62,ollama_gpt-oss_120b,3,"The patch updates KVM arm64 vgic handling to read pending/active state from the physical distributor for hardware‑mapped interrupts, correcting cases where the virtual register reports wrong pending status, such as after acknowledging a timer interrupt.",4,0,0,0,,,,,,,,,51.964,,,,,,
5c190e5394,ollama_gpt-oss_120b,4,The patch replaces manual bitwise masking for PLANE_WM_BLOCKS_MASK with REG_FIELD_PREP/GET macros and adds REG_FIELD_GET usage in skl_wm_level_from_reg_val() to improve code consistency and avoid size mismatches.,0,0,4,0,,,,,,,,,54.289,,,,,,
5c8dca9740,ollama_gpt-oss_120b,4,"The commit deletes an unused forward declaration from the PWM driver header (pwm.h). The declaration was only required for a previously removed dbg_show callback, so the change cleans up dead code.",0,0,4,0,,,,,,,,,46.496,,,,,,
5cb76899fb,ollama_gpt-oss_120b,3,"The patch simplifies the ipa_table_init_add() API by replacing opcode and separate memory region IDs with two flags (filter and ipv6), uses ipa_table_mem() to select the correct memory region, and removes the assumption that a hashed table entry always exists.",0,0,4,0,,,,,,,,,54.566,,,,,,
5cf2c75b5b,ollama_gpt-oss_120b,4,"The patch extracts all devlink‑related code from dsa.c and dsa2.c into a new devlink.c and creates a dedicated devlink.h, reducing file bloat and improving modularity.",0,0,4,0,,,,,,,,,55.526,,,,,,
5d543f13e2,ollama_gpt-oss_120b,3,"The patch fixes a race in NR_FILE_MAPPED accounting for file or shmem huge pages by moving __mod_lruvec_page_state() to a safe location, preventing inflated ""Mapped"" values in /proc/meminfo.",4,0,0,0,,,,,,,,,51.935,,,,,,
5d7943d99d,ollama_gpt-oss_120b,3,"The patch adds code to pass the io_uring locking state (issue_flags) into poll cancellation functions, ensuring they have the same lock context when they later need to acquire ->uring_lock.",0,4,0,0,,,,,,,,,54.208,,,,,,
5dc6ce767d,ollama_gpt-oss_120b,4,"Adds a compatible string for the Renesas RZ/V2L SoC's Mali‑G31 GPU in the dt‑bindings documentation, enabling the kernel to recognize this hardware.",0,0,0,4,,,,,,,,,63.385,,,,,,
5f24d5a579,ollama_gpt-oss_120b,3,"The patch updates hugetlb_get_unmapped_area to use arch_get_mmap_base/end macros, moving those macros to a common header, fixing a regression where hugetlb could return addresses above the allowed range on ARM64 after enabling 52‑bit virtual addresses.",4,0,0,0,,,,,,,,,51.427,,,,,,
5f334d88c2,ollama_gpt-oss_120b,3,"The commit updates perf stat printing functions to accept and propagate a pointer to struct outstate, adjusting evlist__print_counters() and its child calls, improving internal data flow for output handling.",0,0,4,0,,,,,,,,,51.756,,,,,,
5f8981d699,ollama_gpt-oss_120b,3,"The commit corrects the output of out-of-sync and packet-failure events by adding missing le32_to_cpu() conversions and printing atomic_read() values with %d, fixing incorrect display.",4,0,0,0,,,,,,,,,50.662,,,,,,
5fd6c4f0a6,ollama_gpt-oss_120b,3,"Adds ACPI ID support to enumerate the Cypress CCGX PD controller over the system I2C on AMD platforms, allowing the kernel driver to discover the client via ACPI.",0,0,0,4,,,,,,,,,49.144,,,,,,
602a4eda68,ollama_gpt-oss_120b,4,"The commit replaces a dead aer-inject URL in the PCI AER documentation with the correct link from pcieaer-howto.rst, updating documentation only.",0,0,4,0,,,,,,,,,54.599,,,,,,
6076dc349b,ollama_gpt-oss_120b,4,"Extracts a duplicated loop that patches entry fixup instructions in several PowerPC functions into a new helper function do_patch_entry_fixups() and updates callers, simplifying and de‑duplicating the code.",0,0,4,0,,,,,,,,,51.967,,,,,,
607c04a044,ollama_gpt-oss_120b,4,"Deprecates the '#dma-channels' DT property for MMP DMA engine, switches drivers to use the new 'dma-channels' property while retaining compatibility.",0,0,0,4,,,,,,,,,50.919,,,,,,
609cc5e1a8,ollama_gpt-oss_120b,4,"The patch migrates MediaTek clock driver code from the legacy struct clk API to the newer struct clk_hw API, updating related structures and call sites via a coccinelle script while keeping temporary compatibility bridges.",0,0,4,0,,,,,,,,,55.755,,,,,,
60b3c27fb9,ollama_gpt-oss_120b,4,"Renames struct pcie_port to dw_pcie_rp across the DesignWare PCIe driver to match the dw_ prefix convention, enhancing naming consistency and readability.",0,0,4,0,,,,,,,,,57.963,,,,,,
60f6fe665e,ollama_gpt-oss_120b,3,"The commit changes the DCN315 display driver to read its clock table from dcfclk instead of fclk and adds checks that reject empty pmfw tables, preventing invalid DAL clock values.",4,0,0,0,,,,,,,,,50.256,,,,,,
610b17b05c,ollama_gpt-oss_120b,3,"Adds missing kernel-doc annotation for the 'ab' parameter in dump_common_audit_data, removing documentation warnings.",0,0,4,0,,,,,,,,,53.673,,,,,,
6124cec530,ollama_gpt-oss_120b,3,"Fixes a typo in the SC8180x pinctrl driver wakeirq map where gpio36 and gpio37 shared the same wakeirq number, allowing gpio37 to correctly trigger wake interrupts.",4,0,0,0,,,,,,,,,53.262,,,,,,
616c4a83b6,ollama_gpt-oss_120b,4,Updates an outdated comment in the IPA network driver to reflect that command info entries are no longer allocated after a prior change.,0,0,4,0,,,,,,,,,44.604,,,,,,
617a0d9fe6,ollama_gpt-oss_120b,3,"The commit edits the device tree for the sama5d27_wlsom1 board to stop forcing LDO2 regulator on continuously, because no driver uses it.",4,0,0,0,,,,,,,,,52.721,,,,,,
618f5df1f6,ollama_gpt-oss_120b,3,"The patch lowers the severity of a warning about unclaimed register accesses in the i915 uncore driver to debug level, keeping the message visible for developers but stopping it from being emitted as a user‑visible warning.",0,0,4,0,,,,,,,,,53.953,,,,,,
619064afa9,ollama_gpt-oss_120b,4,"The patch reorganizes KVM arm64 VGIC attribute handling by moving early vgic_{get,set}_common_attr() calls into the default case of a switch, deduplicates pending‑table handling, and cleans up vgic_v3_{get,set}_attr() calls.",0,0,4,0,,,,,,,,,49.539,,,,,,
61a9fa154d,ollama_gpt-oss_120b,4,"The patch changes tve200_modeset_init() to return an explicit error code instead of an ambiguous value, silencing a smatch static‑analysis warning.",0,0,4,0,,,,,,,,,46.208,,,,,,
6215a7c8f5,ollama_gpt-oss_120b,4,"The patch adds a PCI device ID for the ADL‑S (Alder Lake‑S) GPU to the i915 driver, enabling recognition and initialization of this new hardware.",0,0,0,4,,,,,,,,,52.091,,,,,,
63198aaa91,ollama_gpt-oss_120b,3,"The patch removes the __func__ argument from dev_dbg calls in the Intel soundwire driver, relying on dynamic debug to provide module/function context, thus simplifying debug messages.",0,0,4,0,,,,,,,,,54.788,,,,,,
632d069852,ollama_gpt-oss_120b,3,"Updates the AMD DRM display driver SR watermark constants for DCN314, applying new hardware‑requested values across all memory types.",0,0,4,0,,,,,,,,,53.765,,,,,,
6344e66970,ollama_gpt-oss_120b,3,"The patch makes the value argument of vfs_setxattr() const, because translations are no longer done there, and removes an unnecessary const cast in ovl_do_setxattr().",0,0,4,0,,,,,,,,,49.524,,,,,,
635dcd1684,ollama_gpt-oss_120b,4,"Updates thunderbolt KUnit tests to use the new kunit_test_suite() macro, avoiding module_init conflicts, and modifies Kconfig to enable the test when KUNIT_ALL_TESTS is set, allowing kunit_tool to run and parse results.",0,0,4,0,,,,,,,,,54.78,,,,,,
63c34cb4c6,ollama_gpt-oss_120b,3,"Adds a helper that asserts a file range has no ordered extents and calls it in fallocate, hole punching, zero range and reflink paths to ensure the range is clean before proceeding.",0,4,0,0,,,,,,,,,58.222,,,,,,
6407cf5332,ollama_gpt-oss_120b,3,"The patch changes i915 selftests to stop using kthread_stop() and instead use kthread_work with explicit signaling, avoiding failures caused by the new kthread_stop() signal assertion.",4,0,0,0,,,,,,,,,55.086,,,,,,
6440a6c23f,ollama_gpt-oss_120b,3,"The patch adds command‑line options to the xdpsock sample allowing users to specify destination and source MAC addresses for transmit‑only mode, extending its functionality.",0,0,0,4,,,,,,,,,40.807,,,,,,
647df0d41b,ollama_gpt-oss_120b,4,"The patch changes the printk format string in xgbe‑drv.c to use %x instead of %hx, matching integer promotion rules and silencing clang -Wformat warnings.",0,0,4,0,,,,,,,,,54.302,,,,,,
64ac0befe7,ollama_gpt-oss_120b,3,"The patch modifies the MIPS jump_label branch range check to cast the upper bound to a signed long, performing a signed comparison and avoiding warnings caused by negative offsets.",4,0,0,0,,,,,,,,,56.877,,,,,,
6598b91b5a,ollama_gpt-oss_120b,4,"The patch changes the SPI driver to store statistics in per‑CPU u64_stats_t structures, removing costly spin_lock_irqsave() calls and yielding a measurable latency reduction.",0,0,4,0,,,,,,,,,46.492,,,,,,
65b462fc7e,ollama_gpt-oss_120b,3,"The patch enables the GENERIC0_INT interrupt for graphics/compute pipelines in the amdgpu driver, allowing the RLC to be notified to access indirect registers that the CP cannot reach directly.",0,0,0,4,,,,,,,,,48.888,,,,,,
65d012e415,ollama_gpt-oss_120b,4,"The patch deletes the unused reg pointer from the r8a73a4_cpg structure, makes it a local variable, and passes it to r8a73a4_cpg_register_clock(), simplifying initialization.",0,0,4,0,,,,,,,,,54.197,,,,,,
65ea840afd,ollama_gpt-oss_120b,4,"The patch corrects the error‑handling check in s10_ops_write_init(): the allocation function returns an ERR_PTR on failure, so the code now uses IS_ERR() instead of a NULL test, ensuring proper detection of allocation errors.",4,0,0,0,,,,,,,,,54.231,,,,,,
672d6ca758,ollama_gpt-oss_120b,3,"Adds a workaround for Parade PS8461E eDP MUX that loses snooped link‑rate data after power‑down. Forces re‑read of SUPPORTED_LINK_RATES at each link‑training start, preventing fallback to low‑quality mode and stabilising high link rates.",4,0,0,0,,,,,,,,,53.495,,,,,,
67ec2c75f3,ollama_gpt-oss_120b,4,"The patch replaces manual swapping of two variables in net2280.c with the generic swap() macro, removing temporary variables and silencing Coccinelle warnings.",0,0,4,0,,,,,,,,,52.792,,,,,,
67fda6c2df,ollama_gpt-oss_120b,4,"The patch simplifies SetHwReg8188EU() in the r8188eu driver by removing the HW_VAR_H2C_FW_P2P_PS_OFFLOAD case, which only called another function, and invokes that function directly, cleaning up the HAL layer.",0,0,4,0,,,,,,,,,53.697,,,,,,
690b2549b1,ollama_gpt-oss_120b,3,"The patch adds a bounds check on the user‑supplied block index in ismt_access() to ensure it stays within 0‑255, preventing writes past the end of the DMA buffer and thus avoiding memory corruption.",4,0,0,0,,,,,,,,,50.1,,,,,,
6961b5e028,ollama_gpt-oss_120b,4,"The patch resolves a block device naming collision that occurs with multipath and shared namespaces by initializing head->shared before nvme_mpath_alloc_disk(), ensuring nvme_is_unique_nsid() correctly reports uniqueness.",4,0,0,0,,,,,,,,,50.34,,,,,,
696c390115,ollama_gpt-oss_120b,4,"Adds a BPF selftest exercising __user pointer tags, verifying that programs accessing user memory directly are rejected during verification.",0,0,0,4,,,,,,,,,55.239,,,,,,
6a0abf8ff9,ollama_gpt-oss_120b,3,The patch updates kernel documentation to clarify that SAVEKMSG_MAGIC[12] are not magic numbers but markers used when dumping dmesg into Chip RAM on Amiga with debug=ram.,0,0,4,0,,,,,,,,,55.082,,,,,,
6a47a16dce,ollama_gpt-oss_120b,3,"The patch changes tfp410_fini() from returning an int (always zero) to returning void, reflecting that callers have no error to handle, and notes future similar changes for i2c and platform remove callbacks.",0,0,4,0,,,,,,,,,49.82,,,,,,
6a6f457ed5,ollama_gpt-oss_120b,3,Adds a null-pointer check for sta_rates in mt7615_sta_rate_tbl_update to avoid dereferencing a NULL pointer when minstrel_ht_update_rates fails to allocate the rates array.,4,0,0,0,,,,,,,,,55.298,,,,,,
6b2748ada2,ollama_gpt-oss_120b,3,"Adds a YAML file describing the LoongArch CPU interrupt controller bindings for device tree, enabling representation of 14 IRQs.",0,0,0,4,,,,,,,,,50.53,,,,,,
6c1f41afc1,ollama_gpt-oss_120b,3,"Adjusts batman‑adv interface traversal to no longer rely on unique iflink indices across network namespaces, adding netns checks and handling zero iflink cases.",4,0,0,0,,,,,,,,,49.021,,,,,,
6c98ac4212,ollama_gpt-oss_120b,4,"The commit corrects the pinctrl driver for Nuvoton wpcm450 by handling the SCS3SEL and KBCCSEL fields that use inverted logic, ensuring the GPIO and special function selections are interpreted correctly.",4,0,0,0,,,,,,,,,56.177,,,,,,
6cc2714e85,ollama_gpt-oss_120b,3,"The patch corrects a compile‑time check in the mlx5e kTLS TX path by replacing the wrong constant with TLS_DRIVER_STATE_SIZE_TX, ensuring the private TX TLS driver context size is validated correctly.",4,0,0,0,,,,,,,,,50.246,,,,,,
6ccaaf59c3,ollama_gpt-oss_120b,3,"The patch modifies do_sys_name_to_handle to accept a const pointer for the path argument, adding a const qualifier to improve type safety and code correctness.",0,0,4,0,,,,,,,,,49.072,,,,,,
6d9b32fb3e,ollama_gpt-oss_120b,3,"The patch replaces dev_err() calls with dev_err_probe() in the Qualcomm QMP UFS PHY driver’s probe function, simplifying error handling and automatically handling -EPROBE_DEFER, also recording defer reasons for debugfs.",0,0,4,0,,,,,,,,,54.607,,,,,,
6dd3be6923,ollama_gpt-oss_120b,4,"The patch removes a duplicated word ""we"" from a comment in the bcache driver, cleaning up the documentation without altering code logic or behavior.",0,0,4,0,,,,,,,,,47.048,,,,,,
6ddf5f165f,ollama_gpt-oss_120b,4,"Adds a GETVXATTR operation to Ceph client/MDS, enabling clients to request directory and file layout vxattrs directly, handling JSON format for full layouts and supporting legacy format.",0,0,0,4,,,,,,,,,55.625,,,,,,
6e1e59c1ca,ollama_gpt-oss_120b,4,"The commit deletes the unused irq_prepare_beacon_tasklet member from the recv_priv structure of the r8188eu driver, cleaning up dead code.",0,0,4,0,,,,,,,,,50.525,,,,,,
6e1ff1459e,ollama_gpt-oss_120b,3,"Adds support in the Intel SOF ES8336 ASoC driver for using a dedicated GPIO line to control the headphone jack, allowing independent control of speaker and headphone.",0,0,0,4,,,,,,,,,49.984,,,,,,
6e87c8f074,ollama_gpt-oss_120b,3,"Adds a new display clock controller driver for SM6125 devices, allowing display drivers to probe and control their clocks.",0,0,0,4,,,,,,,,,49.582,,,,,,
6eaf08770e,ollama_gpt-oss_120b,3,"The patch adds a diagnostic warning in ACPICA when the executer sleeps longer than 10 ms, to highlight potential boot‑time delays.",0,0,4,0,,,,,,,,,48.73,,,,,,
6ee3c393ee,ollama_gpt-oss_120b,4,"The patch changes the batadv-on-batadv code to lower the ""Cannot find parent device"" message from error to warning and rewrites the text, because the condition is only a skipped sanity check for macvtap devices.",0,0,4,0,,,,,,,,,49.954,,,,,,
6f3c9dbb65,ollama_gpt-oss_120b,3,"Adds a null‑pointer check in amdgpu_smu_stb_debug_fs_init to avoid dereferencing when the SMU block is disabled, preventing crashes.",4,0,0,0,,,,,,,,,49.334,,,,,,
6fb271f1bc,ollama_gpt-oss_120b,3,"The patch updates __nvme_fc_abort_outstanding_ios() to restart the admin queue when needed, fixing a condition where the controller could not handle admin requests and caused I/O hangs.",4,0,0,0,,,,,,,,,52.247,,,,,,
6fd1d51cfa,ollama_gpt-oss_120b,4,"The patch adds a new socket option SO_RCVMARK so that SO_MARK is returned in ancillary data from recvmsg(), and renames sock_recv_ts_and_drops() to sock_recv_cmsgs() to reflect its broader role.",0,0,0,4,,,,,,,,,50.39,,,,,,
700f7e2909,ollama_gpt-oss_120b,4,"The patch edits comments in the rtl8192e driver, deleting a duplicated word ""new"" to clean up the documentation.",0,0,4,0,,,,,,,,,52.371,,,,,,
7058e68c2f,ollama_gpt-oss_120b,3,"The commit deletes the unused debug-leds driver from the OMAP ARM platform, removing its source files and build entries because it cannot be selected and serves no purpose.",0,0,4,0,,,,,,,,,54.686,,,,,,
70868c6b8f,ollama_gpt-oss_120b,4,"The commit adjusts the reStructuredText in Documentation/security/SCTP.rst to correct title underline lengths, eliminating make htmldocs warnings.",0,0,4,0,,,,,,,,,55.268,,,,,,
710c8d6c02,ollama_gpt-oss_120b,3,"Adds the static qualifier to internal symbols in arch/arm64/kernel/cpu_errata.c, limiting their visibility and silencing sparse warnings about undeclared symbols.",0,0,4,0,,,,,,,,,39.048,,,,,,
71702c495b,ollama_gpt-oss_120b,3,"The patch adds a condition so the SCDC enable flag is only set when the HDMI interface supports > HDMI 1.4, preventing attempts to disable SCDC on Pi0-3 where the hardware register does not exist, thus removing a warning.",4,0,0,0,,,,,,,,,52.349,,,,,,
7198cf0f1c,ollama_gpt-oss_120b,3,"Updates the lis3lv02d I2C driver to use the newer .probe_new() callback instead of .probe, since the probe does not need the i2c_device_id argument.",0,0,4,0,,,,,,,,,57.304,,,,,,
719ca37972,ollama_gpt-oss_120b,3,"The commit updates the MSM display device‑tree bindings by removing an incorrect interrupt‑flags cell from MDSS nodes, because the interrupt provider supplies only a single cell. This corrects the binding specification.",0,0,4,0,,,,,,,,,63.586,,,,,,
71feb6f901,ollama_gpt-oss_120b,3,"The patch restores proper initialization of the engine workaround list for Gen2‑3 i915 platforms that was broken by a prior change, ensuring the list is always set up even when no workarounds exist.",3,0,0,0,,,,,,,,,46.448,,,,,,
727e60604f,ollama_gpt-oss_120b,4,"The commit deletes an outdated comment in btrfs_search_slot() that described old custom lock behavior, because the code now uses rw semaphores. No functional code changes are made.",0,0,4,0,,,,,,,,,49.531,,,,,,
72907bff3b,ollama_gpt-oss_120b,4,"The commit adds support for DisplayPort PSR2 (Panel Self Refresh) by defining two new DPCD bit fields as specified in eDP 1.5, and corrects a typo in the code.",0,0,0,4,,,,,,,,,50.371,,,,,,
72b3588e27,ollama_gpt-oss_120b,4,"The patch deletes duplicate calls to ras_late_init in the HDP RAS block of the amdgpu DRM driver, eliminating unnecessary initialization.",0,0,4,0,,,,,,,,,48.619,,,,,,
72de208f2b,ollama_gpt-oss_120b,4,"The patch removes an unnecessary cast when assigning the result of of_device_get_match_data() to a pointer in the j721e PCI driver, because the function already returns void*.",0,0,4,0,,,,,,,,,53.532,,,,,,
72e560cb8c,ollama_gpt-oss_120b,4,"The patch makes tcp_cdg_release() idempotent so that tcp_disconnect() can be invoked repeatedly without causing a double‑free when CDG congestion control is active, fixing the crash observed with MPTCP.",4,0,0,0,,,,,,,,,52.981,,,,,,
7392d87a9f,ollama_gpt-oss_120b,3,"The patch modifies the v4l2-ctrls code to allocate memory for array fields inside struct ctrl_ref, enabling drivers to later adjust the array size dynamically.",0,0,0,4,,,,,,,,,44.376,,,,,,
73ab99aad5,ollama_gpt-oss_120b,3,"The commit changes the DHCOM STM32 device tree to use MCO2 as the RMII clock for the DWMAC Ethernet controller instead of ETH_CLK, allowing PLL4_P to run at 100 MHz, which boosts SD/MMC performance and reduces EMI.",0,0,4,0,,,,,,,,,54.771,,,,,,
73ad6a9dd5,ollama_gpt-oss_120b,4,"The commit adds runtime WARN_ON_ONCE checks in the qcom-qmp-pcie PHY driver probe to ensure required configuration masks (pwrdn_ctrl and phy_status) are provided, catching missing settings early.",0,4,0,0,,,,,,,,,51.632,,,,,,
73b4476562,ollama_gpt-oss_120b,4,"Adds a compatible string for the AST2600 EVB A1 board in the aspeed device tree, allowing the kernel to recognize this board variant.",0,0,0,4,,,,,,,,,53.704,,,,,,
74333c7d87,ollama_gpt-oss_120b,3,"Adds an assertion that the extent map tree is write‑locked before clear_em_logging() merges entries, ensuring the required lock is held.",0,0,4,0,,,,,,,,,48.509,,,,,,
7460ade1fc,ollama_gpt-oss_120b,3,"The patch changes rcu_tasks_trace_pregp_step() to IPI each CPU, adding the running task to the holdout list and recording its RCU Tasks Trace state, ensuring running tasks are considered during grace‑period processing.",4,0,0,0,,,,,,,,,54.704,,,,,,
747c7cf159,ollama_gpt-oss_120b,3,The patch updates the scale minimum and maximum macro definitions for the BMA400 accelerometer driver so they correctly reflect the sensor's sensitivity per LSB across all supported ranges.,4,0,0,0,,,,,,,,,48.373,,,,,,
7498a457ec,ollama_gpt-oss_120b,3,"Fixes the sparx5 driver’s packet extraction to correctly handle packets whose length isn’t a multiple of 4, preventing extra checksum bytes from being processed and correcting endian handling.",4,0,0,0,,,,,,,,,51.315,,,,,,
753df96be5,ollama_gpt-oss_120b,3,"The patch removes an unnecessary comparison in find_va_links() of vmalloc, simplifying the traversal logic because the invariant va_start <= va_end already guarantees the check.",0,0,4,0,,,,,,,,,52.021,,,,,,
75448ff73f,ollama_gpt-oss_120b,4,"Adds a central definition for the 'linux,input-type' property in dt-bindings input.yaml and updates all existing bindings to use it, consolidating documentation and reducing duplication.",0,0,4,0,,,,,,,,,51.843,,,,,,
75554fe00f,ollama_gpt-oss_120b,3,"The patch changes the return type of a Sparx5 network driver function from bool to int, matching the actual error‑integer value it returns. No functional behavior changes, only type correction.",0,3,0,0,,,,,,,,,54.258,,,,,,
75c96ccea2,ollama_gpt-oss_120b,4,"Corrects a spelling mistake in a comment of selftests/vm/pkeys, altering only the comment text.",0,0,4,0,,,,,,,,,54.93,,,,,,
7651d6b250,ollama_gpt-oss_120b,3,"The patch replaces calls to call_rcu() with call_rcu_hurry() in the rcu sync code to avoid power‑saving induced slowdown, restoring previous behavior.",4,0,0,0,,,,,,,,,52.797,,,,,,
76ee15ae1b,ollama_gpt-oss_120b,4,"Adds entries for new Qualcomm SoCs (SM8350, SC8280XP, SM8450) and PMICs (SA8540P, etc.) to the socinfo driver, enabling kernel to recognize these platforms.",0,0,0,4,,,,,,,,,49.265,,,,,,
77072b0f4b,ollama_gpt-oss_120b,4,"Replaces the multiline macro vt6655_mac_word_reg_bits_on in the vt6655 driver with an equivalent static inline function, because checkpatch.pl rejects multiline macros. Adjusts all uses accordingly.",0,0,4,0,,,,,,,,,49.128,,,,,,
77b2d26805,ollama_gpt-oss_120b,3,"The patch updates the 8250_omap serial driver to replace its custom Tx‑queue advancement code with the generic uart_xmit_advance() helper, aiming for code unification and increased robustness.",0,0,4,0,,,,,,,,,54.749,,,,,,
77c11720a4,ollama_gpt-oss_120b,4,"The patch deletes now‑unused bio_advance() calls in __split_and_process_bio and __send_duplicate_bios after a prior change eliminated the looping logic, cleaning up dead code in the device‑mapper subsystem.",0,0,4,0,,,,,,,,,51.452,,,,,,
797efbc523,ollama_gpt-oss_120b,3,"The patch extends perf's hypervisor thread handling by adding a guest_cpu field, allowing identification of the guest CPU associated with each VCPU thread during profiling.",0,0,0,4,,,,,,,,,49.628,,,,,,
7984b43542,ollama_gpt-oss_120b,3,"The commit enables the InterTouch (rmi4) functionality for ThinkPad P1 G3 by adjusting driver defaults, adding support for a hardware feature that was previously disabled.",0,0,0,4,,,,,,,,,57.835,,,,,,
79af2404e5,ollama_gpt-oss_120b,3,"Adds a hardware workaround (Wa_16013835468) in the i915 DRM driver to handle PSR2 mode with delayed vblank, addressing a known display bug.",4,0,0,0,,,,,,,,,54.231,,,,,,
79cac25e51,ollama_gpt-oss_120b,4,"Adds the const qualifier to static initialization tables and rtl8xxxu_rfregs in the rtl8xxxu Wi‑Fi driver, making these arrays read‑only.",0,0,4,0,,,,,,,,,54.262,,,,,,
79dcd4e840,ollama_gpt-oss_120b,3,"The commit updates the mt8195 pinctrl device‑tree bindings by adding a wrapping subnode for pin configurations within pinctrl groups and provides an example, enabling more flexible pin setup.",0,0,0,4,,,,,,,,,33.563,,,,,,
7a70d9a1cf,ollama_gpt-oss_120b,4,"Adds a hardware presence check before probing the xilinx zynqmp‑sha driver, avoids loading on non‑Xilinx platforms, simplifies driver registration with module_platform_driver(), and adds a firmware dependency.",4,0,0,0,,,,,,,,,55.405,,,,,,
7a7b0b4865,ollama_gpt-oss_120b,3,"The patch refactors the qla2xxx driver’s EDIF BSG interface: it adds a version field to the BSG structure, introduces a version check, and removes obsolete interfaces and fields, preparing for future extensions.",0,0,4,0,,,,,,,,,53.606,,,,,,
7ac7bfe746,ollama_gpt-oss_120b,4,Corrects a spelling typo in a comment of the RDMA opa_vnic driver; the change is limited to documentation and does not affect code behavior.,0,0,4,0,,,,,,,,,59.629,,,,,,
7afc1f6977,ollama_gpt-oss_120b,4,"Adds device tree binding definitions for the Qualcomm SM6350 camera clock controller, enabling support for this hardware in the kernel's DT schema.",0,0,0,4,,,,,,,,,46.321,,,,,,
7b0ac469e3,ollama_gpt-oss_120b,3,"Expands rtl8xxxu driver chip‑cut detection to cover all cut letters A‑P, replacing the previous ""unknown"" output for cuts beyond E by updating the mapping logic.",0,0,0,4,,,,,,,,,63.288,,,,,,
7b45b51e77,ollama_gpt-oss_120b,3,"The patch separates the handling of HK_FLAG_WQ and HK_FLAG_DOMAIN cpumasks, giving each housekeeping flag its own cpumask and requiring individual fetches, preventing mixed flag calls. This prepares the code for future cpuset support and runtime modification of boot‑parameter cpulists.",0,0,4,0,,,,,,,,,54.441,,,,,,
7b7c22ccdf,ollama_gpt-oss_120b,4,"The commit updates the MAINTAINERS file to change John Garry's email address for arm64 perf tooling, reflecting his current contact information.",0,0,0,0,,,,,,,,,50.53,,,,,,
7b8b82224c,ollama_gpt-oss_120b,4,"Deletes an unnecessary .owner assignment in spl2sw_driver because the core sets it automatically, silencing a cocci warning.",0,0,4,0,,,,,,,,,50.159,,,,,,
7ba63521a1,ollama_gpt-oss_120b,4,Adds power‑management support to the microchip PCI1XXXX SPI driver by implementing suspend and resume callbacks that store the device configuration on suspend and restore it on resume.,0,0,0,4,,,,,,,,,55.64,,,,,,
7bd7ad3c31,ollama_gpt-oss_120b,3,"The commit corrects the baud‑rate mapping for FTDI SIO USB‑serial devices, adding proper support for the 300 bps rate that was previously incorrectly treated as 9600 bps.",4,0,0,0,,,,,,,,,54.849,,,,,,
7c10dd0a88,ollama_gpt-oss_120b,3,"Adds AMD-specific handling to convert IBS raw data into the generic perf_mem_data_src structure, enabling PERF_SAMPLE_DATA_SRC support for tools like perf mem and c2c.",0,0,0,4,,,,,,,,,53.827,,,,,,
7c8881b779,ollama_gpt-oss_120b,4,"The patch adds a free() call for the orom_data buffer when ice_read_flash_module() fails, eliminating a memory leak caused by an earlier vzmalloc allocation.",4,0,0,0,,,,,,,,,51.09,,,,,,
7cb29b1c99,ollama_gpt-oss_120b,3,"Adds two BPF selftests that ensure passing read‑only memory to a global BPF function or kfunc is rejected and that writing to a read‑only PTR_TO_MEM pointer is caught, exposing a regression before prior patches.",0,0,4,0,,,,,,,,,57.831,,,,,,
7cbb6681d7,ollama_gpt-oss_120b,3,"Adds a sysfs ""label"" attribute for ChromeOS EC sensors, mapping known locations to readable strings, and removes the old non‑standard ""location"" attribute and its struct field.",0,0,0,4,,,,,,,,,48.36,,,,,,
7cbeeb0553,ollama_gpt-oss_120b,4,"Updates the lx2160a device tree CAN node to define fsl,clk-source as a uint8 using '/bits/8 <0>', eliminating a build warning.",3,0,0,0,,,,,,,,,55.399,,,,,,
7d547dcf97,ollama_gpt-oss_120b,4,"The commit adds Roman Gushchin as a co-maintainer for the memory controller (memcg) subsystem, updating the MAINTAINERS file with his contact information and acknowledgments.",0,0,0,0,,,,,,,,,48.886,,,,,,
7dae459f5e,ollama_gpt-oss_120b,3,"The patch delays exposing iscsi_cls_conn in sysfs until after iscsi_conn's dd_data is initialized, preventing a NULL pointer dereference, and removes an unused iscsi_create_conn function.",4,0,0,0,,,,,,,,,51.407,,,,,,
7dc65e3c0e,ollama_gpt-oss_120b,4,"The patch changes the cast of the value returned by of_device_get_match_data() in drivers/mmc/host/mxcmmc.c to (uintptr_t) before casting to enum mxcmci_type, solely to silence a clang -Wvoid-pointer-to-enum-cast warning.",0,0,4,0,,,,,,,,,53.577,,,,,,
7e193a42c3,ollama_gpt-oss_120b,4,"Extends can_changelink() to also consider can_priv::bitrate_const when validating netlink bit‑rate changes, enabling configuration of fixed‑bitrate CAN devices without a dummy do_set_bittiming callback.",4,0,0,0,,,,,,,,,50.026,,,,,,
7e271f42a5,ollama_gpt-oss_120b,4,"Adds xhci_free_stream_ctx() on the error path of xhci_alloc_stream_info() to release stream_ctx_array, preventing a memory leak when allocation fails.",4,0,0,0,,,,,,,,,54.817,,,,,,
7e47607133,ollama_gpt-oss_120b,3,"The patch adds a NULL‑check after ioremap() in the ray_cs driver, ensuring that local->sram and related pointers are validated before use, preventing possible null‑pointer dereference and spurious dev_dbg calls.",0,4,0,0,,,,,,,,,55.144,,,,,,
7e97cfed99,ollama_gpt-oss_120b,4,"The patch replaces schedule_delayed_work() with mod_delayed_work() in vsock_connect() and undoes an extra sock_hold() when the work is already pending, eliminating a reference‑count leak reported by syzbot.",4,0,0,0,,,,,,,,,52.055,,,,,,
7ea75dd386,ollama_gpt-oss_120b,4,"The commit rewrites the I2C binding documentation for Atmel/Microchip SoCs from the legacy format to a JSON‑schema based Device Tree binding format, updating the dt‑bindings repository accordingly.",0,0,4,0,,,,,,,,,53.457,,,,,,
7f8170686d,ollama_gpt-oss_120b,3,"The patch moves the LCOUNT constant definition from inline code to a dedicated header file in the Intel SoundWire driver, improving code organization and visibility.",0,0,4,0,,,,,,,,,54.896,,,,,,
7fa6c0fe8b,ollama_gpt-oss_120b,4,"The patch changes map_block() so it only assigns a block ID handle when get_hw_block_id() succeeds, preventing the use of a possibly valid ID (0) when the hardware call fails.",4,0,0,0,,,,,,,,,52.507,,,,,,
7fe05e125d,ollama_gpt-oss_120b,3,"Adds a missing WARN_ON check for the VF pointer in ice_vsi_rebuild, preventing a null-pointer dereference that caused a call trace during VF reset.",4,0,0,0,,,,,,,,,51.166,,,,,,
8001fa240f,ollama_gpt-oss_120b,4,"The patch removes the unused DMA‑32 fallback configuration in the hisi_sas driver, simplifying DMA mask handling because a 64‑bit mask never fails when dev->dma_mask is set.",0,0,4,0,,,,,,,,,52.874,,,,,,
8007935305,ollama_gpt-oss_120b,4,"The patch updates the armada_37xx_wdt driver’s .set_timeout callback to also write the new timeout value to counter 1, which .ping does not modify, ensuring that ioctl(WDIOC_SETTIMEOUT) correctly changes the watchdog timeout.",4,0,0,0,,,,,,,,,52.271,,,,,,
801179b670,ollama_gpt-oss_120b,4,"The patch removes the .is_enabled flag from PRCMU clock drivers because the generic clock core already tracks enable counts, simplifying the driver code.",0,0,4,0,,,,,,,,,54.195,,,,,,
805a3ebed5,ollama_gpt-oss_120b,4,"The patch reorganizes riscv mm init code to remove unnecessary #ifdef CONFIG_XIP_KERNEL directives by moving macros adjacent to related variables and grouping similar cases, reducing conditional compilation clutter.",0,0,4,0,,,,,,,,,62.787,,,,,,
80890c5ea0,ollama_gpt-oss_120b,3,"The patch relaxes the restriction on changing the SCSI target driver database root directory, allowing the change only when no devices are registered, improving configurability during boot.",0,0,3,0,,,,,,,,,48.916,,,,,,
8094029330,ollama_gpt-oss_120b,3,"The patch adds cleanup calls to remove a legacy kprobe_event when add_kprobe_event_legacy() or attach_perf_event fails, preventing leftover events that cause -EBUSY errors when livepatch and kprobe coexist.",4,0,0,0,,,,,,,,,44.3,,,,,,
80d691854f,ollama_gpt-oss_120b,3,"The commit adds support for the MediaTek mt8186 SCP in the remoteproc driver, enabling the kernel to manage this processor on the new platform.",0,0,0,4,,,,,,,,,49.698,,,,,,
81188dd195,ollama_gpt-oss_120b,4,"The patch adds module parameters to the speakup_dummy driver so its default settings can be specified at boot time, allowing configuration via module options instead of runtime sysfs writes.",0,0,0,4,,,,,,,,,56.892,,,,,,
8262499426,ollama_gpt-oss_120b,3,"Adds legacy compatible string 'riscv,clint0' to the sifive,clint dt-binding so that QEMU‑generated device trees pass dt‑validate, addressing a reported validation error.",4,0,0,0,,,,,,,,,52.333,,,,,,
82806744fd,ollama_gpt-oss_120b,4,"The patch updates swiotlb_max_mapping_size() to include the minimum alignment mask in its calculation, fixing the max mapping size computation used by swiotlb_find_slots() so that DMA allocations with non‑zero offsets succeed, resolving boot failures on Hyper‑V Isolation VMs with forced swiotlb.",4,0,0,0,,,,,,,,,53.718,,,,,,
829ec038c9,ollama_gpt-oss_120b,3,"Switches the Habana Labs CB flow to the new unified memory manager, adding required code and removing the old manager implementation.",0,0,4,0,,,,,,,,,52.818,,,,,,
82cd4bacff,ollama_gpt-oss_120b,4,"The patch changes vmbus_request_addr() to return VMBUS_RQST_ERROR for a zero transaction ID, preventing a NULL cmd_rqst dereference in netvsc_send_completion() and making handling of ID‑0 messages consistent with Hyper‑V semantics.",4,0,0,0,,,,,,,,,51.251,,,,,,
831f87424d,ollama_gpt-oss_120b,2,"The commit updates the imx-jpeg driver to handle source changes and enable dynamic resolution changes, refining the related function.",0,0,0,4,,,,,,,,,58.005,,,,,,
836e49e103,ollama_gpt-oss_120b,3,"The patch modifies bpf_selem_alloc to use copy_map_value instead of memcpy, preventing the spin‑lock field in certain BPF map values from being incorrectly copied from user space, which fixes initialization errors.",4,0,0,0,,,,,,,,,52.125,,,,,,
837cf45df1,ollama_gpt-oss_120b,3,The patch fixes a race condition in MPTCP when processing consecutive ADD_ADDR options by caching the remote address earlier and using the cached value after releasing the PM lock.,3,0,0,0,,,,,,,,,48.629,,,,,,
8450813136,ollama_gpt-oss_120b,3,"The commit separates Zynq DDRC controller bindings from the Synopsys DW uMCTL2 DDRC ECC bindings, updating the DT schema and fixing device descriptions to reflect the different CSR layouts and lack of IRQ support.",0,0,4,0,,,,,,,,,53.78,,,,,,
849c19d149,ollama_gpt-oss_120b,3,"The commit modifies the ARM64 Rockchip device tree for ROCK Pi 4 to keep the I2S1 controller disabled, ensuring the pins remain usable as GPIO by default.",0,4,0,0,,,,,,,,,52.789,,,,,,
84c9829d16,ollama_gpt-oss_120b,4,"The patch adds clock and reset definitions for the ADC block in the Renesas R9A07G043 CPG driver, allowing the kernel to control ADC power and clocking.",0,0,0,4,,,,,,,,,55.463,,,,,,
84d46e1fc3,ollama_gpt-oss_120b,4,"The patch deletes the declaration and assignment of the now‑unused variable 'mdss' in drivers/gpu/drm/msm/msm_drv.c, eliminating a clang -Wunused-but-set-variable warning.",0,0,4,0,,,,,,,,,50.854,,,,,,
8512559741,ollama_gpt-oss_120b,4,"The patch replaces kfree_skb() with kfree_skb_reason() in tcp_v4_rcv(), adding specific drop reason codes (NO_SOCKET, PKT_TOO_SMALL, TCP_CSUM, TCP_FILTER) so freed skbs are logged with the cause.",0,0,4,0,,,,,,,,,51.934,,,,,,
854d8e3616,ollama_gpt-oss_120b,4,"Removes an obsolete comment and overflow check in highmem dirtyable memory handling after a prior fix guarantees the variable cannot be negative or overflow, simplifying the code.",0,0,4,0,,,,,,,,,53.909,,,,,,
8551ed70dd,ollama_gpt-oss_120b,4,"Updates the MAINTAINERS file for the MediaTek JPEG driver, fixing a broken reference after a yaml conversion and broadening the entry to include the encoder.",0,0,4,0,,,,,,,,,58.263,,,,,,
85c73bf726,ollama_gpt-oss_120b,4,"The commit modifies the xfs_buf_incore() function to match other buffer APIs, making it return an error code and place the buffer in an output parameter, thus standardising the interface.",0,0,4,0,,,,,,,,,52.598,,,,,,
862a876c3a,ollama_gpt-oss_120b,3,"The patch adjusts the DSC slice reset logic in the AMD DRM driver so that when neither the minimum nor maximum slice can accommodate the pixel clock, DSC is correctly disabled instead of incorrectly allowing a max slice.",4,0,0,0,,,,,,,,,51.203,,,,,,
868695e43b,ollama_gpt-oss_120b,3,"Adds PWM clock and reset entries for channels 8‑14 to the Renesas CPG driver and marks the APB clock as critical, enabling Linux to use these PWM channels.",0,0,0,4,,,,,,,,,46.304,,,,,,
872ad758f9,ollama_gpt-oss_120b,3,"The patch corrects FDMA MTU handling in the lan966x driver: it now reads the MTU from hardware (including L2 header and FCS) and adjusts skb allocation size to ensure enough space for skb_shared_info, preventing allocation failures when MTU changes.",4,0,0,0,,,,,,,,,53.876,,,,,,
879e5ac7b2,ollama_gpt-oss_120b,3,"The patch adds bookkeeping needed to unwind the hypervisor stack in non‑protected nVHE mode on arm64, enabling host‑side stacktrace generation from EL1.",0,0,0,4,,,,,,,,,49.718,,,,,,
886e09c77d,ollama_gpt-oss_120b,4,Corrects a misspelled word in the error log printed when devm_snd_dmaengine_pcm_register() fails in the mchp-spdifrx driver.,0,0,4,0,,,,,,,,,49.863,,,,,,
89b3554782,ollama_gpt-oss_120b,3,"The patch sets fb_modifiers_not_supported in the virtual KMS driver so vkms reports no modifier support, preventing import‑prime failures and allowing GDM3 to start correctly on AMDGPU virtual displays.",4,0,0,0,,,,,,,,,53.504,,,,,,
89c30dd221,ollama_gpt-oss_120b,3,"Corrects a Chinese translation in the devicetree usage-model docs, keeping the term 'machine_desc' untranslated.",0,0,4,0,,,,,,,,,57.912,,,,,,
8a85007c83,ollama_gpt-oss_120b,3,"The patch adds a new helper function in the pmbus hwmon driver to test whether a block register exists, because existing byte‑register checks fail when PEC is enabled.",0,0,0,4,,,,,,,,,46.317,,,,,,
8af028c2b2,ollama_gpt-oss_120b,4,"Replaces the multiline macro vt6655_mac_word_reg_bits_off in the vt6655 driver with an equivalent static inline function to satisfy checkpatch, without changing runtime behavior.",0,0,4,0,,,,,,,,,49.083,,,,,,
8b1ac84dcf,ollama_gpt-oss_120b,4,The commit corrects indentation and formatting errors in the sysfs-fs-erofs ABI documentation to eliminate Sphinx build warnings.,0,0,4,0,,,,,,,,,51.033,,,,,,
8b1b4730b0,ollama_gpt-oss_120b,3,"The patch adds missing initialization and adjusts H2C data for the BA CAM on the 8852c chipset, fixing incorrect setup that likely caused block‑ack failures.",4,0,0,0,,,,,,,,,54.497,,,,,,
8b3120dfc1,ollama_gpt-oss_120b,4,"The commit only adjusts whitespace/indentation in dcn32_hwseq.c to resolve a smatch warning, without changing any code logic or behavior.",0,0,4,0,,,,,,,,,48.916,,,,,,
8b3a9ad862,ollama_gpt-oss_120b,4,"Adds handling for independent TX/RX FIFO flush bits in the JZ4740 ASoC driver, flushing each FIFO separately before activation and correcting the previous behavior that left RX unflushed on newer SoCs.",4,0,0,0,,,,,,,,,54.349,,,,,,
8bad51c689,ollama_gpt-oss_120b,4,"The commit updates the arm64 Qualcomm SM6350 Lena device tree to enable QUP and GPI DMA hardware, preparing the platform for functional I2C nodes.",0,0,0,4,,,,,,,,,46.734,,,,,,
8c70bd5802,ollama_gpt-oss_120b,4,"The commit adds PCI device IDs for Intel Raptor Lake PCH‑S LPSS to the mfd:intel‑lpss driver, enabling the kernel to recognize this new hardware.",0,0,0,4,,,,,,,,,54.036,,,,,,
8c8e5b6ae4,ollama_gpt-oss_120b,4,"Deletes a duplicated word in a comment of the crypto n2 driver, improving the documentation text.",0,0,4,0,,,,,,,,,53.703,,,,,,
8cbd4725ff,ollama_gpt-oss_120b,4,"The patch updates the ALSA USB audio driver to enable native DSD playback (up to DSD256) for the Accuphase DAC‑60 by selecting the correct USB alternate setting, which previously lacked auto‑detection.",0,0,0,4,,,,,,,,,53.817,,,,,,
8da1170a16,ollama_gpt-oss_120b,3,"Adds VCN 4.0 initialization and decoder/encoder ring functions to the amdgpu driver, providing support for the new VCN4 IP block.",0,0,0,4,,,,,,,,,48.553,,,,,,
8db41f733d,ollama_gpt-oss_120b,3,"Adds EXPORT_SYMBOL for MediaTek VCodec decoder power‑management functions so that, when built as a module, other kernel components can access them.",0,0,4,0,,,,,,,,,51.564,,,,,,
8ebcc62c73,ollama_gpt-oss_120b,3,"Adds READ_ONCE() when reading net->ipv4.sysctl_igmp_qrv to avoid concurrent modification races, addressing a data‑race bug in IGMP sysctl handling.",4,0,0,0,,,,,,,,,50.284,,,,,,
8ef6e1ba71,ollama_gpt-oss_120b,3,"Adds a boolean rx_timeout in the 8250 driver IRQ path to make the timeout condition explicit, without changing behavior, preparing for future reuse.",0,0,4,0,,,,,,,,,52.721,,,,,,
8f0588e80e,ollama_gpt-oss_120b,3,"The patch adds a check for the return value of nvmem_device_find in the PTP OCP driver and handles the IS_ERR() case, preventing misuse of an error pointer.",4,0,0,0,,,,,,,,,45.348,,,,,,
8f40baded4,ollama_gpt-oss_120b,3,"The patch renames the kernel macro for ID_AA64MMFR2_EL1.VARange from LVA to match the naming in the ARM architecture reference (DDI0487H.a), aligning code with the specification without altering functionality.",0,0,4,0,,,,,,,,,53.74,,,,,,
8f5a9371e6,ollama_gpt-oss_120b,4,"Updates comments in the rzg2l thermal driver: replaces unclear wording, fixes a typo, and adjusts comment formatting to match coding style.",0,0,4,0,,,,,,,,,56.809,,,,,,
901a30cf5f,ollama_gpt-oss_120b,4,"The commit removes a duplicated 'the' in a comment at line 807 of powerpc/pseries/vas, fixing a typo without changing code behavior.",0,0,4,0,,,,,,,,,51.619,,,,,,
905eebcf28,ollama_gpt-oss_120b,4,"The patch removes the unused variable 'cnt' from recv_func in the r8188eu driver, eliminating dead code and simplifying the function.",0,0,4,0,,,,,,,,,50.495,,,,,,
907862e9ae,ollama_gpt-oss_120b,3,"The patch adds a check for failure to acquire the hardware semaphore in release_swfw_sync, logs an error and aborts, preventing the previously possible infinite loop when hardware is surprise‑removed.",4,0,0,0,,,,,,,,,51.74,,,,,,
9087c6ff8d,ollama_gpt-oss_120b,3,"The patch changes generic_map_delete_batch() to call maybe_wait_bpf_programs() once per batch instead of after each deletion, removing redundant synchronize_rcu() barriers and improving efficiency.",0,0,4,0,,,,,,,,,50.253,,,,,,
90b13cdde1,ollama_gpt-oss_120b,3,"Refactors KVM self‑test state_test to use vm_create_with_one_vcpu()/vm_recreate_with_one_vcpu(), passes a struct kvm_vcpu instead of a global VCPU_ID, changes default vCPU ID to 0, and switches to vcpu_run() for clearer test code.",0,0,4,0,,,,,,,,,48.731,,,,,,
90b8c2c8f9,ollama_gpt-oss_120b,4,"Replaces CONFIG_PM_SLEEP compile‑time guards in the vf610 IIO DAC driver with runtime pm_sleep_ptr() calls, allowing the compiler to omit sleep‑related code when CONFIG_PM_SLEEP is disabled.",0,0,4,0,,,,,,,,,61.496,,,,,,
9102b78b6f,ollama_gpt-oss_120b,4,"The commit updates the copyright year range in the maple_tree test code, extending it to cover the current development year.",0,0,4,0,,,,,,,,,51.838,,,,,,
913c4a3e19,ollama_gpt-oss_120b,3,"The commit updates the rc5t583 MFD driver to use the newer i2c .probe_new() callback, removing the unused i2c_device_id argument.",0,0,4,0,,,,,,,,,46.518,,,,,,
914813cc52,ollama_gpt-oss_120b,3,"The patch changes vchiq_get_state in the vchiq_arm driver to return early with NULL when appropriate, and restructures the code to be clearer, improving readability.",0,0,4,0,,,,,,,,,61.911,,,,,,
91592b5c0c,ollama_gpt-oss_120b,4,"The patch moves efi32_pe_entry from head_64.S into the .text section so it can later be compiled as a separate unit, improving code organization.",0,0,4,0,,,,,,,,,46.497,,,,,,
91776af1d8,ollama_gpt-oss_120b,4,"The patch moves the definitions of ADV7511_REG_CEC_RX_FRAME_HDR and ADV7511_REG_CEC_RX_FRAME_LEN from the public header adv7511.h into the source file adv7511_cec.c, eliminating unused‑variable warnings when the CEC config option is disabled.",0,0,4,0,,,,,,,,,47.489,,,,,,
92039e8c08,ollama_gpt-oss_120b,3,"The patch adds the CLK_OPS_PARENT_ENABLE flag to pixel and byte clock sources in the Qualcomm SM6350 display clock driver so that the parent clock is enabled before setting the rate, fixing a failure in set_rate.",4,0,0,0,,,,,,,,,46.49,,,,,,
9231bb1b25,ollama_gpt-oss_120b,3,"The patch updates the pcm3168a ASoC driver to replace legacy bus‑clock defines with newer ASoC DAI format terminology, aligning the code with current naming conventions.",0,0,4,0,,,,,,,,,54.201,,,,,,
92f78f81ac,ollama_gpt-oss_120b,3,"Adds runtime verification that the number of IPA commands in a transaction does not exceed the TLV FIFO size on the command channel, by passing a new flag to gsi_channel_data_valid() and checking channel direction.",0,4,0,0,,,,,,,,,50.821,,,,,,
932be3e95b,ollama_gpt-oss_120b,4,"The patch removes a regular (non‑bit‑field) member that precedes a bit‑field in a packed struct, eliminating unwanted padding that altered the struct size used for zero‑ing and configuration calculations.",4,0,0,0,,,,,,,,,54.228,,,,,,
93a8417088,ollama_gpt-oss_120b,4,"The patch fixes a bug where moving VCAP TCAM entries rewrites stale hit counters to hardware, causing inflated statistics. It adds a read‑back of the current counter into tmp->stats.pkts before the migration, ensuring counters are cleared correctly.",4,0,0,0,,,,,,,,,53.269,,,,,,
944d95f766,ollama_gpt-oss_120b,4,"The commit deletes a conditional check for IS_SWAPFILE in the NFS code because the macro is always defined, eliminating dead code.",0,0,4,0,,,,,,,,,57.141,,,,,,
947934e389,ollama_gpt-oss_120b,4,"Adjusts tps65219_set_bypass to use .is_enabled() return value for state checking and deletes an unused ret variable, fixing incorrect enable testing.",4,0,0,0,,,,,,,,,46.515,,,,,,
949cd0b5c2,ollama_gpt-oss_120b,3,"Adds a transaction ID field to the IPA driver to track the first completed but unpolled transaction, updates it during NAPI polling, and includes temporary sanity‑check warnings that are later removed. Improves internal bookkeeping and debugging.",0,0,4,0,,,,,,,,,54.075,,,,,,
9536923d3f,ollama_gpt-oss_120b,3,"The commit deletes the tstamp pointer field from the mlx5e_txqsq structure because the timestamp handling was moved to the driver core, making the field obsolete.",0,0,4,0,,,,,,,,,55.157,,,,,,
9577fc5fdc,ollama_gpt-oss_120b,3,"The patch changes the NXP NFC driver to suppress a misleading ""header length mismatch"" log when an I2C transaction fails, returning only the I2C error code.",4,0,0,0,,,,,,,,,49.684,,,,,,
957f60273a,ollama_gpt-oss_120b,3,"The commit adds device‑tree bindings required for Wake on Wireless support on the WCN6750 chipset, which uses the ath11k driver.",0,0,0,4,,,,,,,,,52.019,,,,,,
95b39792c6,ollama_gpt-oss_120b,4,"The patch removes the use of the global ARCH_NR_GPIOS macro in the GPIO aggregator driver, introducing a local constant (512) as the maximum number of GPIOs to aggregate, eliminating dependence on system-wide GPIO count.",0,4,0,0,,,,,,,,,60.279,,,,,,
95b8f316ae,ollama_gpt-oss_120b,4,"The commit reformats comments in the r8188eu driver to match the Linux kernel drivers/net coding style, ensuring consistency before upstream integration.",0,0,4,0,,,,,,,,,52.866,,,,,,
96fed779d3,ollama_gpt-oss_120b,4,"The commit introduces device‑tree binding documentation for the Renesas RZ/G2L interrupt controller, allowing the kernel to describe and use this hardware in DT files.",0,0,0,4,,,,,,,,,49.444,,,,,,
97115f5f0f,ollama_gpt-oss_120b,4,"The commit updates the r8188eu driver to declare PS_RDY_CHECK as returning a bool, matching its true/false semantics and improving type correctness.",0,0,4,0,,,,,,,,,50.329,,,,,,
97236ad5a6,ollama_gpt-oss_120b,3,"The patch adds a guard in gfs2_glock_dq() to detect if an async glock holder has already been removed from the active/waiting list, preventing a race that could cause a double dequeue.",4,0,0,0,,,,,,,,,51.832,,,,,,
972aa1a161,ollama_gpt-oss_120b,4,"The patch deletes the driver‑specific yesno() function and replaces its usage with the kernel‑provided str_yes_no() from linux/string_helpers.h, adjusting includes accordingly.",0,0,4,0,,,,,,,,,55.056,,,,,,
97558d170a,ollama_gpt-oss_120b,4,"Fixes out-of-bounds array access in the imx-jpeg driver when an error occurs during JPEG parsing, preventing kernel panic on module reload.",4,0,0,0,,,,,,,,,51.241,,,,,,
9794c30841,ollama_gpt-oss_120b,3,"The commit adds DT compatible strings for DH electronics i.MX8M Plus DHCOM and PDK2 to the YAML device‑tree binding documentation, enabling kernel support for these new boards.",0,0,0,4,,,,,,,,,46.258,,,,,,
98047313cd,ollama_gpt-oss_120b,4,"The patch corrects translate_desc() in the vhost driver by preserving the 'last' argument when repeatedly calling vhost_iotlb_itree_first() inside a loop, ensuring the search range remains constant while 'start' advances.",4,0,0,0,,,,,,,,,46.016,,,,,,
9847f21225,ollama_gpt-oss_120b,4,"Adds a guard in lib/cmdline's next_arg to read args[i-1] only when i>0, eliminating an out‑of‑bounds access that caused a page fault when parsing quoted arguments.",4,0,0,0,,,,,,,,,57.869,,,,,,
984fed5686,ollama_gpt-oss_120b,4,"The patch reorders functions and static variables in the via686a hwmon driver to eliminate four unnecessary forward declarations, improving code structure without altering behavior.",0,0,4,0,,,,,,,,,46.443,,,,,,
99387b0160,ollama_gpt-oss_120b,4,The patch modifies acpi_processor_get_platform_limit() to compare the new _PPC value with the previously stored one and only update the frequency QoS request when it differs; it also validates the value against the state count and sets a consistent default in acpi_processor_ppc_init().,0,0,4,0,,,,,,,,,54.83,,,,,,
994b7ac169,ollama_gpt-oss_120b,3,"The commit removes the build‑system hack that forced head.o to be linked first on arm64, relying on the linker script to place the .head.text header correctly.",0,0,4,0,,,,,,,,,52.84,,,,,,
997b99e3b3,ollama_gpt-oss_120b,3,"The patch updates the Tegra194 PCI driver to compute the RAS DES PCIe capability offset at runtime rather than using hard‑coded values for each controller, improving maintainability.",0,0,4,0,,,,,,,,,53.45,,,,,,
9995c1d096,ollama_gpt-oss_120b,3,"Adds a per‑frontend pause flag and changes backend state transitions so that when all active streams are paused the backend moves to PAUSE instead of STOP, correcting resource management.",4,0,0,0,,,,,,,,,48.98,,,,,,
99bd995655,ollama_gpt-oss_120b,3,"The patch adds infrastructure to record each module that, when unloaded, contributed a taint to the kernel, keeping a count and optionally displaying them. It introduces new data structures and hooks, disabled by default.",0,0,0,4,,,,,,,,,55.161,,,,,,
99df7a2810,ollama_gpt-oss_120b,3,"The patch restricts the /proc/powerpc/ofdt interface on pseries systems so that when kernel lockdown is active, only trusted firmware‑provided device‑tree updates are allowed, blocking user‑space modifications that could write arbitrary physical addresses.",0,4,0,0,,,,,,,,,52.965,,,,,,
9a34161a0b,ollama_gpt-oss_120b,3,"The commit updates ADI ASoC drivers to use the new legacy DAI naming flag, switching from opting‑in to the new naming scheme to opting‑out, aligning drivers with the new naming convention.",0,0,4,0,,,,,,,,,50.023,,,,,,
9a7a1be6b6,ollama_gpt-oss_120b,4,"The patch replaces kzalloc(x*y) with kcalloc(y, x) in ptp_ocp, leveraging kcalloc's overflow checks to allocate arrays more safely.",0,4,0,0,,,,,,,,,50.733,,,,,,
9a938eba8d,ollama_gpt-oss_120b,3,"The patch removes the unused regs field from coredump_params because it always equals task_pt_regs(current), simplifying the code.",0,0,4,0,,,,,,,,,50.281,,,,,,
9a9acdccdf,ollama_gpt-oss_120b,4,"The patch adds a missing dma_release_channel() call in the probe error path of the sun4i-emac driver, ensuring the DMA channel allocated by emac_configure_dma() is released if probing fails.",4,0,0,0,,,,,,,,,49.985,,,,,,
9ad1230533,ollama_gpt-oss_120b,3,"The patch modifies btrfs_ioctl to obtain the inode from the file and reuse it for callbacks, eliminating the need to create a separate inode instance.",0,0,4,0,,,,,,,,,55.364,,,,,,
9ae551ded5,ollama_gpt-oss_120b,3,"The patch replaces a hand‑rolled extraction of match data in acpi_smbus_cmi_add() with the standard device_get_match_data() helper, cleaning up the code.",0,0,4,0,,,,,,,,,47.402,,,,,,
9aeb7f99a1,ollama_gpt-oss_120b,3,"Adds a helper rdev_mdlock_deref() that wraps rcu_dereference_protected() for rdev/replacement pointer accesses under mddev_lock, annotating safety and silencing sparse warnings in md/raid5.",0,0,4,0,,,,,,,,,55.833,,,,,,
9af41cc334,ollama_gpt-oss_120b,3,"The commit adds handling for GTP_ECHO_REQ packets in the kernel GTP driver, sending a GTP_ECHO_RSP with appropriate information elements, to satisfy the GTP specification when no userspace daemon is present.",0,0,0,4,,,,,,,,,56.859,,,,,,
9b392e0e0b,ollama_gpt-oss_120b,4,"Adds a NULL check for hdev before accessing hdev->name in Bluetooth logging helpers, preventing kernel oops when hdev is invalid.",4,0,0,0,,,,,,,,,50.113,,,,,,
9b51d9d866,ollama_gpt-oss_120b,4,"The patch swaps cpumask_next_* calls for cpumask_first_* when the start index is zero, adds a missing cpumask_first_zero() helper, and updates related code, improving readability and efficiency without altering behavior.",0,0,4,0,,,,,,,,,62.933,,,,,,
9b60b67519,ollama_gpt-oss_120b,3,"The commit marks the Clevo‑mail LED driver as broken because it uses brightness to control blink rate, which is unconventional, and notes that a proper interface fix is pending.",0,4,0,0,,,,,,,,,52.041,,,,,,
9b6bf4d612,ollama_gpt-oss_120b,3,"The patch checks the result of a BSS lookup in nl80211; if the pointer is an error (IS_ERR()), it replaces it with NULL to avoid freeing an error pointer later.",4,0,0,0,,,,,,,,,44.375,,,,,,
9b7fd1670a,ollama_gpt-oss_120b,4,"The patch modifies the Aquantia PHY driver to clear default advertisement of 2.5G and 5G speeds when the Ethernet port is limited to 1 Gbps, ensuring the PHY only advertises speeds up to 1000BASE‑T as requested.",4,0,0,0,,,,,,,,,49.197,,,,,,
9b80ccda23,ollama_gpt-oss_120b,4,"Adds missing rcu_read_lock and takes a reference to real_dev in bond_ethtool_get_ts_info, fixing a crash when the function is invoked via setsockopt without holding RCU lock.",4,0,0,0,,,,,,,,,50.791,,,,,,
9c818d8491,ollama_gpt-oss_120b,3,"Adds logging for all codec quirks (SSP, GPIO, DMIC) in the Intel SOF ASoC driver, extending previous logging that only covered SSP.",0,0,4,0,,,,,,,,,50.154,,,,,,
9d19d966b4,ollama_gpt-oss_120b,4,"The patch renames the misspelled fields maxpctksize and maxpcktsize in the USB gadget f_uac2 driver to wMaxPacketSize, aligning with the USB specification and improving code consistency.",0,0,4,0,,,,,,,,,53.388,,,,,,
9d895e4684,ollama_gpt-oss_120b,4,"The patch updates perf data's JSON conversion to emit tracepoint probe variables as JSON fields using tep_print_field, so outputs now include entries like ""__probe_ip"" and other probe data that were previously omitted.",0,0,0,4,,,,,,,,,50.794,,,,,,
9db056e950,ollama_gpt-oss_120b,4,"Corrects misspelled words in nvmet-auth warning and debug log messages, improving readability and professionalism of kernel logs.",0,0,4,0,,,,,,,,,52.918,,,,,,
9dd4545f65,ollama_gpt-oss_120b,4,"The commit corrects a typographical error in a comment within the drm/amd driver, replacing ""the the"" with ""the"".",0,0,4,0,,,,,,,,,48.687,,,,,,
9ec9b79a2b,ollama_gpt-oss_120b,4,"The patch refactors conv_uni_to_pc() in the consolemap code to improve readability by caching a pointer, adding a null‑check, splitting a large conditional into smaller ones, and removing an extraneous newline.",0,0,4,0,,,,,,,,,51.525,,,,,,
9ed11999f9,ollama_gpt-oss_120b,4,"Adds a MAINTAINERS entry for the Allwinner A31 MIPI CSI-2 bridge driver, documenting the new maintainer.",0,0,0,0,,,,,,,,,47.054,,,,,,
9f22f95951,ollama_gpt-oss_120b,3,"The commit adds a control mapping override in the uvcvideo driver for two Chicony Easycamera USB IDs to limit the power line control, because those devices implement the control incorrectly.",4,0,0,0,,,,,,,,,47.085,,,,,,
9f92c20279,ollama_gpt-oss_120b,4,"The patch corrects HDMI ODM combine mode handling in AMD DRM, stopping unnecessary stream reprogramming that caused intermittent black screens.",4,0,0,0,,,,,,,,,51.789,,,,,,
a014f0ecdd,ollama_gpt-oss_120b,3,"The patch removes the unit address from the panel endpoint node in the am335x device tree, fixing a compilation error caused by a missing required 'reg' property.",4,0,0,0,,,,,,,,,52.578,,,,,,
a01befa0a2,ollama_gpt-oss_120b,3,"The patch updates the hisilicon DRM driver to initialize on‑stack mode structures with drm_mode_init(), ensuring list heads are cleared and avoiding residual stack data.",0,4,0,0,,,,,,,,,55.057,,,,,,
a0c5149088,ollama_gpt-oss_120b,3,"The patch replaces direct uncore register accesses in i915 display power code with intel_de_* accessor functions, centralising register handling.",0,0,4,0,,,,,,,,,46.349,,,,,,
a0ccc717c4,ollama_gpt-oss_120b,4,"Adds runtime checks in amdgpu discovery to ensure the number of VCN and SDMA instances reported by firmware does not exceed the driver‑defined limits, preventing out‑of‑range accesses.",0,4,0,0,,,,,,,,,49.445,,,,,,
a156f09c90,ollama_gpt-oss_120b,3,"The patch modifies the s390 extable handling so that the amode31 exception table is sorted earlier, ensuring the early program‑check handler can locate its entries. This prevents missing extable entries when a program check occurs before the normal sorting point.",4,0,0,0,,,,,,,,,52.017,,,,,,
a17b984115,ollama_gpt-oss_120b,3,"Removes the reset_resume callback in the xpad driver so that after suspend/resume the USB core rebinds wireless Xbox 360 controllers, fixing LED and force‑feedback failures.",4,0,0,0,,,,,,,,,57.568,,,,,,
a189b2ee93,ollama_gpt-oss_120b,4,"Patch makes fb_modesetting_disabled() a static‑inline function in the header, removing multiple definition linker errors when compiled into fbmon.o and fbmem.o.",4,0,0,0,,,,,,,,,54.662,,,,,,
a2ab95a313,ollama_gpt-oss_120b,3,"The commit extends the lan743x network driver to handle Clause‑45 MDIO PHY management, enabling communication with PHYs using the Clause‑45 protocol.",0,0,0,4,,,,,,,,,55.203,,,,,,
a2e3fe5f24,ollama_gpt-oss_120b,4,"Adds a stub pfn.h header with definitions needed by test code, allowing the tests to compile.",0,0,0,4,,,,,,,,,61.449,,,,,,
a2ed70d0ec,ollama_gpt-oss_120b,3,"The patch stops calling acpi_video_set_dmi_backtype() in the Toshiba ACPI driver, preventing unwanted unregistration of the acpi_video backlight and the resulting udev race, and adds DMI quirks for the two known transflective-display models.",4,0,0,0,,,,,,,,,46.113,,,,,,
a373f38cd1,ollama_gpt-oss_120b,3,"The patch deletes the driver’s call to the dtim_assoc IOVAR in brcmfmac, which was always failing because recent firmware no longer supports it, thus stopping the repeated “wl dtim_assoc failed (-52)” messages after a roam.",3,0,0,0,,,,,,,,,63.015,,,,,,
a382f8fee4,ollama_gpt-oss_120b,4,"The patch replaces BUG_ON() with WARN_ON_ONCE() in signal handling, so that when an unexpected condition occurs the kernel logs a warning and continues instead of panicking, improving debuggability and stability during development.",0,0,4,0,,,,,,,,,51.127,,,,,,
a39a6b330b,ollama_gpt-oss_120b,3,"The patch removes redundant false initializations of three boolean flags in update_recvframe_phyinfo_88e of the r8188eu driver, as they are overwritten before use.",0,0,4,0,,,,,,,,,50.18,,,,,,
a3a9c39704,ollama_gpt-oss_120b,3,"The commit rewrites shmem_read_mapping_page_gfp() to call shmem_get_folio_gfp() instead of manually handling compound pages, reducing extra compound_head() calls and streamlining the code.",0,0,4,0,,,,,,,,,54.166,,,,,,
a3b774342f,ollama_gpt-oss_120b,4,"Adds a check on NTFS BOOT sectors_per_clusters shift value, returning -EINVAL when out of range to avoid negative or oversized shifts that caused a UBSAN shift‑out‑of‑bounds error.",4,0,0,0,,,,,,,,,55.508,,,,,,
a3d3280378,ollama_gpt-oss_120b,4,"The patch removes the pfn_to_page call from kasan_early_init, preventing a null mem_section dereference that occurs when KASAN and SPARSEMEM are enabled without SPARSE_VMEMMAP, thus fixing the boot‑time crash.",4,0,0,0,,,,,,,,,49.117,,,,,,
a4218aef7c,ollama_gpt-oss_120b,3,"The patch makes the dpaa2‑eth driver reuse a cached scatter‑gather table for normal packets, enlarges the cache buffers, and replaces per‑packet allocate/free with get/recycle calls, improving memory handling.",0,0,4,0,,,,,,,,,55.159,,,,,,
a45194b9de,ollama_gpt-oss_120b,4,"The commit changes the dt-bindings maintainer entry to use Krzysztof Kozlowski's kernel.org email address, updating contact information in the documentation.",0,0,4,0,,,,,,,,,53.523,,,,,,
a49c3ab7d7,ollama_gpt-oss_120b,4,"Adds a new enum value ""skip"" to the qcom,gsi-loader property in dt-bindings, allowing devices to indicate that GSI firmware is already loaded and should not be loaded by AP or modem.",0,0,0,4,,,,,,,,,55.504,,,,,,
a4c82270f0,ollama_gpt-oss_120b,3,"The patch changes the SDM630 device tree to describe the TCSR mutex using MMIO instead of a syscon regmap, adding the required 'reg' property and satisfying DT schema checks.",3,0,0,0,,,,,,,,,53.486,,,,,,
a4cb3651a1,ollama_gpt-oss_120b,4,"Fixes a bug where returning from an interrupt to a soft‑masked (irqs‑disabled) context could lose a pending soft‑masked IRQ because the code incorrectly follows the exit path for irqs‑enabled contexts, clearing the wrong flag. Adds a comment explaining the correct behavior.",4,0,0,0,,,,,,,,,53.047,,,,,,
a522b7ad8e,ollama_gpt-oss_120b,3,"The commit disables creation of the /sys/.../online control file for all I/O master CPUs on LoongArch by marking them non‑hotpluggable, preventing user‑space tools from seeing a misleading hotplug interface.",4,0,0,0,,,,,,,,,56.75,,,,,,
a570e68fab,ollama_gpt-oss_120b,4,"The patch removes the unused variable 'last' and dead code from remove_siblinginfo() in the IA‑64 architecture, simplifying the function.",0,0,4,0,,,,,,,,,52.239,,,,,,
a59f7a7f76,ollama_gpt-oss_120b,3,"Switches the arm64 selftest Makefile to use TEST_GEN_PROGS_EXTENDED instead of TEST_PROGS_EXTENDED, ensuring generated programs are built correctly while leaving script-based tests unchanged.",0,0,4,0,,,,,,,,,54.268,,,,,,
a5a923038d,ollama_gpt-oss_120b,4,"The patch adds rollback logic in fbcon when vc_resize() fails, restoring the previous font size to avoid inconsistent state, addressing a syzbot‑reported page‑fault bug.",4,0,0,0,,,,,,,,,50.987,,,,,,
a5e9e202fe,ollama_gpt-oss_120b,3,"The commit updates the Media DT binding for MediaTek video encoder by documenting a new ""power-domains"" property, allowing encoders to be linked to a power domain in device trees.",0,0,0,4,,,,,,,,,49.116,,,,,,
a63de89bee,ollama_gpt-oss_120b,4,"The commit lowers the log severity of power and thermal envelope events to INFO, treating them as informational messages rather than warnings or errors.",0,0,4,0,,,,,,,,,50.966,,,,,,
a683dc5c14,ollama_gpt-oss_120b,3,"The commit updates device‑tree binding files for Hirschmann Hellcreek network devices to reference other schemas using absolute paths instead of relative ones, improving consistency and readability.",0,0,4,0,,,,,,,,,47.018,,,,,,
a7663c89f4,ollama_gpt-oss_120b,4,"The patch adds EXPORT_SYMBOL declarations for mt6358 driver functions that were missing, resolving undefined symbol errors when the driver is built as a loadable module.",4,0,0,0,,,,,,,,,45.136,,,,,,
a772105cfa,ollama_gpt-oss_120b,3,"The commit reorders fields in the LTTPR UHBR link‑rate support struct to follow the DP2.0 specification, updating the code to match the spec’s defined layout.",0,0,4,0,,,,,,,,,49.971,,,,,,
a7786cbae4,ollama_gpt-oss_120b,3,"The patch adds an early‑return in the wcd9335 slimbus mux put function so it does not report a value change when the value is unchanged, eliminating spurious events.",4,0,0,0,,,,,,,,,50.035,,,,,,
a7ecbe92b9,ollama_gpt-oss_120b,4,"The patch moves the acquisition of card->lock earlier in fw_core_handle_bus_reset so that accesses to card->local_node and card->bm_retries are protected, and adjusts fw_destroy_nodes calls accordingly, adding a clarifying comment.",4,0,0,0,,,,,,,,,52.866,,,,,,
a8a0b1f707,ollama_gpt-oss_120b,3,"The patch moves the _set_policy function into the chip_ops structure for the RTL8852C driver, reorganizing code to accommodate additional firmware‑supported policies such as DBCC, multi‑role, and TDMA.",0,0,4,0,,,,,,,,,54.682,,,,,,
a8d412ec98,ollama_gpt-oss_120b,4,"The commit deletes an unnecessary assignment to the variable 'negative' in ad2s1210.c, eliminating a dead store that clang flagged, without altering runtime behavior.",0,0,4,0,,,,,,,,,52.759,,,,,,
a8db854be2,ollama_gpt-oss_120b,3,"The patch modifies the octeontx2 PF driver to stop stripping error codes from AF replies and instead forwards those replies unchanged to the VF, enabling the VF to receive the error codes set by AF.",4,0,0,0,,,,,,,,,50.835,,,,,,
a8e6398ffe,ollama_gpt-oss_120b,3,"The patch removes an unnecessary flags check for CHIP_IP_DISCOVERY in the amdgpu DRM driver because IP‑based discovery is now always available, simplifying the code path.",0,0,4,0,,,,,,,,,48.191,,,,,,
a90b8fc9ca,ollama_gpt-oss_120b,3,"The patch modifies the DW HDMI driver to send General Control Packets only when the sink supports Deep Color, disabling automatic GCP for 24‑bit color on non‑Deep‑Color sinks, aligning behavior with HDMI 1.4b spec.",4,0,0,0,,,,,,,,,53.832,,,,,,
aa0a20f521,ollama_gpt-oss_120b,3,"The patch modifies the ARM IRQ handler to stop using register R9, preserving its value for the entry/exit code that relies on it for the task pointer.",4,0,0,0,,,,,,,,,52.15,,,,,,
aa303964bc,ollama_gpt-oss_120b,3,"Updates the AMD DRM display driver to use VSC packet revision 4 (rev2 for PSR1) as required by PSRSU, following the eDP 1.5 spec and revising Start/End SDP data.",0,0,0,4,,,,,,,,,50.841,,,,,,
aa814c51ab,ollama_gpt-oss_120b,4,"The commit updates tools/tracing/Makefile to add build, install and clean targets for the rtla component, allowing it to be compiled and managed alongside other tracing tools.",0,0,0,4,,,,,,,,,52.692,,,,,,
aabfe05a82,ollama_gpt-oss_120b,4,"Adds a compatible string entry for the PCA85073A RTC in the PCF85063 driver, enabling the driver to recognize and support this hardware variant.",0,0,0,4,,,,,,,,,50.159,,,,,,
ab3593eeef,ollama_gpt-oss_120b,3,"The patch sets the parent pointer of a USB‑PD partner object to its associated Type‑C device using the partner registration wrapper, enabling the PD object to be linked back to the correct Type‑C port.",0,0,4,0,,,,,,,,,56.393,,,,,,
ab9d8032db,ollama_gpt-oss_120b,3,"Adds device‑tree nodes for an MMIO‑based MDIO multiplexer on the ls1043a‑qds board, defines a simple‑mfd compatible for the FPGA, and connects Ethernet interfaces to the new PHY nodes.",0,0,0,4,,,,,,,,,53.36,,,,,,
abba345311,ollama_gpt-oss_120b,3,The patch moves the IEEE80211_VHT_CAP_TX_ANTENNA_PATTERN and RX_ANTENNA_PATTERN settings into the stream initialization of the mt76 driver to ensure antenna configuration is present for 6 GHz capability.,4,0,0,0,,,,,,,,,50.612,,,,,,
abe3c63144,ollama_gpt-oss_120b,3,"The patch adds a gfp_t parameter to convert_context() and its wrapper, allowing callers to choose GFP_KERNEL or GFP_ATOMIC, fixing a BUG where sleeping was invoked inside a spin lock.",3,0,0,0,,,,,,,,,53.274,,,,,,
ac41c2b642,ollama_gpt-oss_120b,3,"The patch adds a shutdown() callback registration for the WCN6750 Wi‑Fi device in the ath11k driver so that DMA stops before the SMMU driver is shut down, avoiding SMMU translation faults.",0,4,0,0,,,,,,,,,53.765,,,,,,
ac45520960,ollama_gpt-oss_120b,3,"The patch enables configuring bridge port flags on the NPI port of the mscc ocelot driver, redirecting flag handling to the analyzer block index for the CPU port, so the Felix DSA driver can control flooding to its CPU port.",0,0,0,4,,,,,,,,,50.198,,,,,,
ac686cbc6f,ollama_gpt-oss_120b,4,"Adds a new compatible string for MSM8974 to the qcom,msm8916-mss-pil device tree binding, handling the extra mss-supply property with a simple conditional.",0,0,0,4,,,,,,,,,46.417,,,,,,
ac78fa502a,ollama_gpt-oss_120b,4,"Adds a null‑pointer check in dc_submit_i2c_oem and aborts the call when ddc is NULL, preventing a crash in the AMD DRM display driver.",4,0,0,0,,,,,,,,,50.516,,,,,,
ad30d108a5,ollama_gpt-oss_120b,3,"The commit removes the i.MX8QM entry from the fsl-lpuart compatible enum in dt-bindings, because the hardware is compatible with i.MX8QXP, forcing nodes to list both strings via the existing items entry.",0,0,4,0,,,,,,,,,50.14,,,,,,
ad3aa7c31e,ollama_gpt-oss_120b,3,"The patch moves removal of i915_gem_context from the contexts list to after the final reference is dropped, fixing a race that caused a general protection fault in i915_perf. It also corrects spin_lock usage and drops unused cleanup.",4,0,0,0,,,,,,,,,55.849,,,,,,
ad5c5690de,ollama_gpt-oss_120b,4,"The patch adds a helper that allocates MSI‑X interrupt vectors for vDPA ifcvf devices, handling both virtqueue and configuration interrupts.",0,0,0,4,,,,,,,,,45.409,,,,,,
ad72c3c3f6,ollama_gpt-oss_120b,3,"The patch removes a snd_BUG_ON() check in snd_usbmidi_output_open() because a NULL port can legitimately occur due to malformed USB descriptors, causing unnecessary kernel BUGs reported by syzbot.",4,0,0,0,,,,,,,,,52.933,,,,,,
ad75bd85b1,ollama_gpt-oss_120b,3,"The patch modifies the Sony laptop driver to skip probing the keyboard backlight when the hardware lacks a separate probe address, preventing the probe from unintentionally turning off the backlight (0x153).",4,0,0,0,,,,,,,,,46.655,,,,,,
add61d3c31,ollama_gpt-oss_120b,3,"The patch restricts 36‑bpp linebuffer usage to DCN display engines, forcing DCE engines to use 30‑bpp, eliminating dithering bugs on DCE‑11.2 hardware and restoring correct pixel passthrough for scientific workloads.",4,0,0,0,,,,,,,,,50.629,,,,,,
ae962e5f63,ollama_gpt-oss_120b,4,"The patch renames an inner variable in mac80211's airtime code to avoid shadowing the outer 'rate' variable, improving code clarity without altering functionality.",0,0,4,0,,,,,,,,,55.263,,,,,,
aeb8441203,ollama_gpt-oss_120b,3,"The patch updates x86/boot assembly code to wrap literal address casts with the absolute_pointer() macro, avoiding GCC 11/12 -Warray-bounds warnings caused by treating literal pointers as offset pointers.",0,0,4,0,,,,,,,,,55.669,,,,,,
aecf89f2f8,ollama_gpt-oss_120b,3,"Adds hardware definitions for LEDs and buttons of the Asus RTN-10U router in the BCM47XX MIPS driver, allowing the kernel to detect and control these components.",0,0,0,4,,,,,,,,,54.233,,,,,,
afb8d5f431,ollama_gpt-oss_120b,3,"The patch marks irq_chip structures as immutable in pinctrl actions, removes an unnecessary copy, adds IRQCHIP_IMMUTABLE flag and helper calls to gpiolib, eliminating kernel warnings about mutable chips.",0,4,0,0,,,,,,,,,55.944,,,,,,
b00e3e03cf,ollama_gpt-oss_120b,3,"The commit updates the imx8mp-phycore-som device tree to disable unused LDO4 and enable LDO5, which supplies VSEL for the SD‑Card bus, correcting the power‑regulator configuration.",0,4,0,0,,,,,,,,,52.759,,,,,,
b02180e899,ollama_gpt-oss_120b,3,"Updates the Microchip PIT64B timer driver to use mchp_pit64b_suspend() and mchp_pit64b_resume() for disabling/enabling timer clocks during init and removal, removing direct clk_prepare_{disable,enable} calls and aligning with existing clockevent state handling.",0,0,4,0,,,,,,,,,49.869,,,,,,
b02ba9ed7c,ollama_gpt-oss_120b,3,"The patch updates i915 microcode filename macros to handle underscores and dots uniformly via the concatenation macro, removing explicit delimiters in prefixes and simplifying macro logic.",0,0,4,0,,,,,,,,,46.187,,,,,,
b087a381d7,ollama_gpt-oss_120b,3,"Adds a snd_card_free() call in the probe error path of the sonicvibes ALSA driver to correctly release resources before card registration, fixing a cleanup bug.",4,0,0,0,,,,,,,,,51.155,,,,,,
b127315d9a,ollama_gpt-oss_120b,3,"Adds a DMA engine driver for the Apple ADMAC found in Apple Silicon SoCs, integrating it into the dmaengine subsystem.",0,0,0,4,,,,,,,,,53.496,,,,,,
b13fa27a4b,ollama_gpt-oss_120b,3,"The patch changes the udl driver to pass a rectangle structure directly to udl_handle_damage(), removing intermediate handling for simpler code.",0,0,4,0,,,,,,,,,52.721,,,,,,
b148c8b9b9,ollama_gpt-oss_120b,4,"Adds extra selftest cases for bpf btf_dump to check padding handling, using handcrafted and fuzz‑generated inputs.",0,0,4,0,,,,,,,,,54.695,,,,,,
b1a09b6368,ollama_gpt-oss_120b,4,"Adds a call to unregister_candev() in mcp251x_can_probe() when gpio setup fails, ensuring proper cleanup of the CAN device on probe error.",4,0,0,0,,,,,,,,,52.632,,,,,,
b1bbd3a57b,ollama_gpt-oss_120b,4,"The commit adjusts the indentation of a bullet list in Documentation/ABI/testing/sysfs-class-thermal to satisfy Sphinx formatting rules, eliminating a build warning about missing blank line after the list.",0,0,4,0,,,,,,,,,55.238,,,,,,
b1d003f1b7,ollama_gpt-oss_120b,3,"The commit updates the Verdin i.MX8MP device tree to expose the USB_1 over‑current detection pin (active‑low) and removes its previous gpio_hog mapping, enabling hardware‑level over‑current monitoring.",0,0,0,4,,,,,,,,,52.854,,,,,,
b24cb2d169,ollama_gpt-oss_120b,3,"Adds handling for CMD_ERROR_EVENT in the kvaser_usb leaf driver to safely process an error event that indicates a driver misbehaviour, preventing undefined behaviour.",0,3,0,0,,,,,,,,,46.502,,,,,,
b2d71f275d,ollama_gpt-oss_120b,4,Adds the _EL1 suffix to macro definitions for ID_AA64ISAR2_EL1 register fields to follow naming conventions; no functional changes.,0,0,4,0,,,,,,,,,49.566,,,,,,
b354eaeec8,ollama_gpt-oss_120b,4,"The patch updates the egress rate‑limit configuration for CN10K hardware, correcting the NIX_AF_TLXX_PIR/CIR register format, burst exponent/mantissa handling, and changes the maxrate field from 32‑bit to 64‑bit to match the stack.",4,0,0,0,,,,,,,,,49.395,,,,,,
b3fd0a86da,ollama_gpt-oss_120b,3,"The patch replaces BUG_ON with WARN_ON in the sfc driver and adds recovery handling, turning a fatal kernel panic into a warning with graceful cleanup, and also silences a checkpatch warning.",0,0,4,0,,,,,,,,,50.296,,,,,,
b43d0c0a42,ollama_gpt-oss_120b,4,"The patch makes the uid_strings const array static instead of stack‑allocated, eliminating per‑call allocation and slightly reducing object size.",0,0,4,0,,,,,,,,,54.034,,,,,,
b57774ccf5,ollama_gpt-oss_120b,3,"The patch defines a constant for the fixed value 0x6 and removes the now‑unused UsbTxAggDescNum member from struct hal_data_8188e, cleaning up the data structure.",0,0,4,0,,,,,,,,,62.005,,,,,,
b5fa1d09f1,ollama_gpt-oss_120b,3,"The patch updates uml_vector_default_bpf() to accept a const MAC address pointer, matching recent constification of MAC address structures and fixing compilation errors.",4,0,0,0,,,,,,,,,45.412,,,,,,
b61699d2cd,ollama_gpt-oss_120b,3,"The patch renames the testmode antenna configuration fields from chainmask to antenna_mask for both bands, removing conversion logic when sending firmware commands and simplifying user configuration.",0,0,4,0,,,,,,,,,53.549,,,,,,
b653db7735,ollama_gpt-oss_120b,4,"The patch clears the page->private field after allocating a page for compaction or after splitting a huge page, fixing cases where PG_private was cleared but folio->private remained non‑NULL, which caused filesystem bugs.",4,0,0,0,,,,,,,,,49.328,,,,,,
b661a848a5,ollama_gpt-oss_120b,4,"The commit corrects a spelling mistake in a comment of the ASoC AMD ACP driver, changing the typo to proper spelling without altering any code behavior.",0,0,4,0,,,,,,,,,49.869,,,,,,
b6a709cb51,ollama_gpt-oss_120b,3,"The commit adds constant definitions for the Mediatek Ethernet PCS, based on investigation, to enable handling of this hardware in the driver.",0,0,0,4,,,,,,,,,54.19,,,,,,
b76ecff831,ollama_gpt-oss_120b,3,"The patch updates the fbdev hot‑unplug workaround for framebuffers without a device, adding a warning message and revising comments to note that the workaround should no longer be triggered now that OF framebuffers have platform devices.",0,1,4,0,,,,,,,,,52.145,,,,,,
b771aadc6e,ollama_gpt-oss_120b,3,"The commit modifies the f2fs driver to treat the whole zoned device as having a single capacity, removing per‑zone capacity handling to simplify the code.",0,0,4,0,,,,,,,,,51.539,,,,,,
b7bc1c9e5b,ollama_gpt-oss_120b,4,"The commit updates all source files to replace the GPLv2 license boilerplate with the SPDX identifier ""GPL-2.0-only"", standardizing license declarations across the tree.",0,0,4,0,,,,,,,,,48.63,,,,,,
b7dc37fcf6,ollama_gpt-oss_120b,4,"The patch deletes an unused declaration of sni_cpu_time_init() in the MIPS time code, as all calls were removed earlier, eliminating dead code.",0,0,4,0,,,,,,,,,53.388,,,,,,
b808a7eb30,ollama_gpt-oss_120b,3,"The patch makes the AMD display driver increase the compositor buffer size before updating clocks, fixing P‑State hangs caused by the previous ordering.",4,0,0,0,,,,,,,,,52.904,,,,,,
b888886a45,ollama_gpt-oss_120b,4,"Adds a pinctrl controller node to the MT6795 device tree, exposing the hardware block for future pin configuration in machine-specific DTS files.",0,0,0,4,,,,,,,,,49.381,,,,,,
b8a71b9536,ollama_gpt-oss_120b,4,"The commit corrects various spelling mistakes in the ath10k Wi‑Fi driver source and comments, as flagged by the codespell tool. No functional code changes are introduced.",0,0,4,0,,,,,,,,,53.806,,,,,,
b92d8a6e93,ollama_gpt-oss_120b,3,The patch removes a redundant resource check from the c67x00 USB driver's remove() routine because the probe() already validates the resource.,0,0,4,0,,,,,,,,,52.376,,,,,,
b93d2ec34e,ollama_gpt-oss_120b,3,"The patch updates KVM x86 documentation for MSR filtering, rephrasing text, correcting terminology, removing redundant sections, and fixing an off‑by‑one error in the described range. No code changes are introduced.",0,0,4,0,,,,,,,,,56.82,,,,,,
b98c359f1d,ollama_gpt-oss_120b,3,"The patch changes the memory‑management code to use folio_swap_flags directly instead of converting a folio to a page and then calling page_swap_flags, because the caller already works with folios.",0,0,4,0,,,,,,,,,49.647,,,,,,
b98d2d722f,ollama_gpt-oss_120b,4,"The commit updates the error message shown when LRO state modification fails, replacing the old specific text with a more generic name, improving clarity without altering functionality.",0,0,4,0,,,,,,,,,54.947,,,,,,
b9f3973ab3,ollama_gpt-oss_120b,3,"Implements support for nested VMLOAD and VMSAVE instructions in KVM's x86 nSVM, enabling proper handling of these VM exits when running multiple nested Linux guests.",0,0,0,4,,,,,,,,,55.051,,,,,,
ba05b39d26,ollama_gpt-oss_120b,3,"The patch modifies the Cadence SoundWire driver to stop overwriting msg->buf during write commands, ensuring the caller's buffer remains unchanged as it should be read‑only.",4,0,0,0,,,,,,,,,54.95,,,,,,
ba3ea04a25,ollama_gpt-oss_120b,3,"The commit adds a temporary variable for struct device in the intel_soc_pmic_bxtwc driver, refactoring the code to be cleaner and more readable.",0,0,4,0,,,,,,,,,51.208,,,,,,
bac4b41d91,ollama_gpt-oss_120b,3,"Moves local variables of dml32_CalculateSwathAndDETConfiguration into a dummy struct, shrinking the function's stack frame.",0,0,4,0,,,,,,,,,49.046,,,,,,
bad0eb76dc,ollama_gpt-oss_120b,4,"The commit reorganizes and cleans up the Chinese admin‑guide documentation, reformatting the HTML To‑Do list and adjusting the directory index for clearer presentation.",0,0,4,0,,,,,,,,,50.088,,,,,,
bb2aa78e9a,ollama_gpt-oss_120b,4,"The patch moves the TSC‑ratio macros/definitions used by the AMD SVM KVM implementation from a source file into svm.h, matching the SVM spec and improving code organization.",0,0,4,0,,,,,,,,,45.125,,,,,,
bc055a50a8,ollama_gpt-oss_120b,4,"Adds a documentation file describing the device tree bindings for the Renesas RZ/G2UL USB2 PHY, noting it matches the RZ/G2L PHY and uses the existing compatible string.",0,0,4,0,,,,,,,,,53.301,,,,,,
bc4c94994f,ollama_gpt-oss_120b,3,"The commit refactors the ltc2983 temperature driver to use generic device properties, removing dependence on OF and allocating buffers for all values at once, enabling use on non‑OF platforms.",0,0,4,0,,,,,,,,,52.831,,,,,,
bcdf998ea3,ollama_gpt-oss_120b,4,Adds an alternate pin multiplexing configuration for DCMI pins in the STM32 device tree to support the AV96 board.,0,0,0,4,,,,,,,,,49.467,,,,,,
bce1b56c73,ollama_gpt-oss_120b,4,The commit reverts a previous sbitmap change that fixed batched wait_cnt accounting because it caused CPU stalls and infinite loops; restoring the old code eliminates the regression.,4,0,0,0,,,,,,,,,47.384,,,,,,
bceb8b8ded,ollama_gpt-oss_120b,3,"The patch deletes the q->qid field from the mt76 driver because it is no longer referenced, cleaning up dead code.",0,0,4,0,,,,,,,,,43.97,,,,,,
bd2db32e7c,ollama_gpt-oss_120b,4,Commit fixes a potential use‑after‑free in moxart_remove() by saving the device base register before freeing the MMC host and using that saved value instead of dereferencing the freed pointer.,4,0,0,0,,,,,,,,,52.443,,,,,,
bd363ee533,ollama_gpt-oss_120b,3,"The patch ensures the sta.mlo flag is set when a station uses Multi‑Link Operation, fixing a missing assignment introduced by earlier changes.",4,0,0,0,,,,,,,,,44.234,,,,,,
bd53e442e8,ollama_gpt-oss_120b,3,"Adds minimal register set (regset) definitions for the m68k architecture, enabling coredump support in the elf_fdpic loader. The changes are conditional and limited to the required definitions.",0,0,0,4,,,,,,,,,50.854,,,,,,
bdf240188b,ollama_gpt-oss_120b,3,"The commit adds the V4L2_CTRL_FLAG_MODIFY_LAYOUT flag to the imx319 i2c driver control that changes Bayer order when flips are applied, correcting the control definition.",4,0,0,0,,,,,,,,,47.138,,,,,,
be2b2f6b62,ollama_gpt-oss_120b,4,"Changes process_msg_close in rnbd-srv to return void instead of int because it always returned 0, removing an unnecessary return value.",0,0,4,0,,,,,,,,,47.28,,,,,,
be78aa8a38,ollama_gpt-oss_120b,3,"Implements the SBI v0.3 System Reset (SRST) extension for RISC‑V KVM guests, adding standard poweroff and reboot interfaces as defined by the specification.",0,0,0,4,,,,,,,,,53.372,,,,,,
bea75b3389,ollama_gpt-oss_120b,3,"Adds 16‑byte NOP padding before every function on x86, aligning functions to 16 bytes and inserting extra space for future software call‑stack tracking and kCFI/FineIBT, with negligible performance impact.",0,0,4,0,,,,,,,,,60.244,,,,,,
bedcf9d1dc,ollama_gpt-oss_120b,3,"The patch renames the clock identifier video_pll1 to video_pll in the i.MX driver to match the reference manual, keeping old constants for compatibility and making no functional changes.",0,0,4,0,,,,,,,,,46.773,,,,,,
bf172a01ea,ollama_gpt-oss_120b,3,"The patch replaces a custom single_enabled_crtc() implementation in i9xx_update_wm() with the standard helper used elsewhere, and removes an unused 'enabled' variable, simplifying the code.",0,0,4,0,,,,,,,,,48.442,,,,,,
bf29274d77,ollama_gpt-oss_120b,3,"Adds a runtime check before entering MALL Sub‑Stream to ensure a PSR panel has already entered PSR, and avoids overwriting link settings when programming a phantom stream, preventing incorrect state handling.",4,0,0,0,,,,,,,,,55.529,,,,,,
bf2e1ae417,ollama_gpt-oss_120b,3,"The patch changes the audit_init_parent() function to treat the path argument as a const pointer, preventing modifications and improving code safety and readability.",0,0,4,0,,,,,,,,,48.735,,,,,,
bf54d97a83,ollama_gpt-oss_120b,3,"The commit modifies the ASoC tas2770 driver to accept mono audio streams, enabling downmix and channel switching for a mono speaker amp.",0,0,0,4,,,,,,,,,51.123,,,,,,
bfb5711e24,ollama_gpt-oss_120b,3,"The patch changes the STM32 VREFBUF regulator driver to call pm_runtime_resume_and_get instead of pm_runtime_get_sync, aiming to simplify the power‑management flow.",0,0,4,0,,,,,,,,,48.62,,,,,,
bfc618fcc3,ollama_gpt-oss_120b,3,"The patch changes the Intel raw NAND driver to obtain the chip‑select GPIO from the flash device tree node (child of the NAND controller) instead of the controller node, correcting the source of the CS line.",4,0,0,0,,,,,,,,,46.958,,,,,,
c01147d929,ollama_gpt-oss_120b,4,"The patch replaces XFS inode fork size macros with static inline functions, providing type‑checked helpers instead of macro expansions, improving safety and readability.",0,0,4,0,,,,,,,,,52.349,,,,,,
c1631dbc00,ollama_gpt-oss_120b,3,"The commit corrects hci_read_buffer_size_sync to stop using the LE‑only opcode HCI_OP_LE_READ_BUFFER_SIZE_V2 and instead rely on the proper hci_le_read_buffer_size_sync path, fixing a functional error.",4,0,0,0,,,,,,,,,46.551,,,,,,
c1da5a7bef,ollama_gpt-oss_120b,3,"The patch modifies the 8188EU driver to allocate the efuse buffer with kmalloc and free it on exit, replacing a fixed 512‑byte stack array and dropping the __aligned(4) qualifier.",0,0,4,0,,,,,,,,,49.206,,,,,,
c1e48e36c1,ollama_gpt-oss_120b,4,"The patch changes several functions in dcn32_hubbub.c to static scope because they are only used within that file, eliminating unused‑function warnings and improving encapsulation.",0,0,4,0,,,,,,,,,52.984,,,,,,
c223929418,ollama_gpt-oss_120b,3,"The commit revises the PTP OCP driver to compute sysfs attribute groups before registration and creates them in one call, avoiding removal of unregistered groups that caused a kernel crash.",4,0,0,0,,,,,,,,,53.364,,,,,,
c24538f538,ollama_gpt-oss_120b,4,"The patch deletes the declaration of intel_gt_create_kobj() from the i915 GT driver because the function is never used, cleaning up dead code.",0,0,4,0,,,,,,,,,55.277,,,,,,
c297448760,ollama_gpt-oss_120b,4,"The patch modifies the max9759 driver Kconfig to stop unconditionally selecting the gpiolib subsystem, because GPIO usage is optional, thereby eliminating unnecessary build-time dependencies and warnings in random configurations.",0,0,4,0,,,,,,,,,50.507,,,,,,
c2bc16817a,ollama_gpt-oss_120b,3,"Adds folio_batch_move_lru() and related helpers, converting LRU handling from pagevecs to folio_batches, establishing new infrastructure for future patches.",0,0,0,4,,,,,,,,,52.125,,,,,,
c2ca36e82f,ollama_gpt-oss_120b,3,The patch deletes an unneeded f2fs_lock_op call in f2fs_new_inode because allocation functions no longer need checkpoint blocking and other locks already protect the relevant data.,0,0,4,0,,,,,,,,,50.55,,,,,,
c3ad8d23bc,ollama_gpt-oss_120b,3,"Adds an is_subset helper to the perf cpumap code, returning true when the second cpumap is a subset of the first.",0,0,0,4,,,,,,,,,46.905,,,,,,
c4168db7c8,ollama_gpt-oss_120b,3,"The commit adds explicit include directives that were missing in the lynxpoint pinctrl driver and orders all header includes alphabetically, improving code clarity and ensuring required symbols are available.",0,0,4,0,,,,,,,,,55.978,,,,,,
c4d2497032,ollama_gpt-oss_120b,3,"The patch deletes tcf_connmark_walker and tcf_connmark_search from the net scheduler because they duplicate generic walk/search utilities, simplifying the code.",0,0,4,0,,,,,,,,,54.155,,,,,,
c4d66f7db6,ollama_gpt-oss_120b,3,"Updates the Nouveau TU102 driver to send the high 32 bits during sw_bundle64_init, correcting a missing field that broke proper initialization.",4,0,0,0,,,,,,,,,55.14,,,,,,
c4d987de9c,ollama_gpt-oss_120b,3,"Updates the rkvdec driver to use the new vb2_find_buffer API for retrieving a vb2_buffer by timestamp, replacing previous lookup code.",0,0,4,0,,,,,,,,,47.222,,,,,,
c575521462,ollama_gpt-oss_120b,3,"The commit adds new unit tests for the mctp driver to verify key/tag lookup behavior on routed packets, inserting specific entries and checking match/mismatch outcomes.",0,0,4,0,,,,,,,,,54.877,,,,,,
c5e58c4545,ollama_gpt-oss_120b,3,"The patch adds a manual snd_card_free() call in the cs46xx ALSA driver’s probe error path to correctly release resources before card registration, fixing a resource‑leak bug caused by devres cleanup ordering.",4,0,0,0,,,,,,,,,50.371,,,,,,
c5e804ba38,ollama_gpt-oss_120b,3,"Replaces custom error handling in the mxsfb DRM driver with the dev_err_probe() helper, adding a hint in /sys/kernel/debug/devices_deferred.",0,0,4,0,,,,,,,,,54.847,,,,,,
c5e97ed154,ollama_gpt-oss_120b,3,"The patch changes bootmem code to use the page->index field instead of page->freelist, eliminating pointer casts and using an integer that holds the same bits.",0,0,4,0,,,,,,,,,35.723,,,,,,
c5f81301d0,ollama_gpt-oss_120b,3,"The commit updates the sdw-mockup driver to use the new snd_sdw_params_to_config helper for converting hw_params to SoundWire configuration, simplifying the conversion logic.",0,0,4,0,,,,,,,,,46.953,,,,,,
c65234b283,ollama_gpt-oss_120b,4,"Fixes a memory leak in configfs_create_dir() by correcting refcount handling on error paths, adding a configfs_put() call to release resources.",4,0,0,0,,,,,,,,,50.254,,,,,,
c6c1f11b69,ollama_gpt-oss_120b,3,"The patch updates xdp_do_redirect() error codes for AF_XDP redirects, using ENOMEM for allocation failures and ENOBUFS for Rx‑buffer‑full, enabling drivers to differentiate these situations.",0,0,4,0,,,,,,,,,58.142,,,,,,
c7c16c5b19,ollama_gpt-oss_120b,3,The patch changes nvme-pci reset handling so that on reset failure the driver is no longer unbound; instead the controller is shut down and left in a dead state.,4,0,0,0,,,,,,,,,54.161,,,,,,
c7e31e36d8,ollama_gpt-oss_120b,3,"Adds missing unevaluatedProperties/additionalProperties = false to child node schemas in opp dt-bindings, tightening validation so only documented properties are accepted.",0,0,4,0,,,,,,,,,53.452,,,,,,
c86d18f4aa,ollama_gpt-oss_120b,4,"The patch adds a missing uid release (put_uid) when __io_sqe_files_scm() finds no files, preventing a memory leak in io_uring's file registration cleanup.",4,0,0,0,,,,,,,,,45.162,,,,,,
c8bd296cca,ollama_gpt-oss_120b,3,"The commit updates the ARM AES‑NEON‑based CBC crypto configuration to also enable the generic CBC and AES algorithms as fallbacks, ensuring the __cbc-aes-neonbs algorithm can register during boot even when its specific implementation is unavailable.",0,4,0,0,,,,,,,,,45.167,,,,,,
c8d18e4402,ollama_gpt-oss_120b,3,"Adds a validation in the ASoC core that checks the driver field of snd_ctl_card_info; if the driver name is set via the legacy wrapping method (truncating to 15 chars), it now prints an error, urging drivers to use proper names and avoid clashes.",0,4,0,0,,,,,,,,,53.675,,,,,,
c8e98eaf2b,ollama_gpt-oss_120b,3,"Adds a board configuration (adl_rt5682) to enable the alc5682 headset codec on Intel platforms that lack a speaker amplifier, connecting it to SSP0 per Intel BT offload design.",0,0,0,4,,,,,,,,,62.974,,,,,,
c90b6b50b4,ollama_gpt-oss_120b,3,"The patch removes the unused gfp_flags argument from null_alloc_page() in the null_blk driver, updating callers to use the fixed GFP_NOIO value, simplifying the API.",0,0,4,0,,,,,,,,,55.106,,,,,,
c951cd3b89,ollama_gpt-oss_120b,4,"Implements a minimal sysfs stub for DAMON, replacing the debugfs interface with a directory/file hierarchy to control virtual address space monitoring, laying groundwork for a new user‑space interface.",0,0,0,4,,,,,,,,,54.716,,,,,,
c95aa2bab9,ollama_gpt-oss_120b,3,"Adds a NET dependency to the INTEL_HFI_THERMAL Kconfig entry so it aligns with THERMAL_NETLINK's NET requirement, removing a Kconfig warning and 48 build errors.",4,0,0,0,,,,,,,,,55.332,,,,,,
c9da02bfb1,ollama_gpt-oss_120b,4,"The commit corrects the bitmask definitions in the RX_DMA_GET_SPORT and RX_DMA_GET_SPORT_V2 macros of the MediaTek Ethernet driver, swapping the masks that were previously reversed, ensuring proper extraction of the source port from DMA descriptors.",4,0,0,0,,,,,,,,,53.461,,,,,,
c9e6aeb588,ollama_gpt-oss_120b,3,"The patch corrects the prefetch calculation loop for DCN3.2 in the AMD DRM driver by resetting local variables each iteration, ensuring the loop exits correctly instead of consuming the entire vstartup after a failure.",4,0,0,0,,,,,,,,,54.802,,,,,,
cacdb14b1c,ollama_gpt-oss_120b,3,"The patch addresses a race condition in roccat_read() where a report buffer can be freed while copy_to_user is accessing it, leading to a use‑after‑free. It adds proper synchronization to prevent the premature kfree.",4,0,0,0,,,,,,,,,46.957,,,,,,
cae5c1ab05,ollama_gpt-oss_120b,4,"The commit removes the unused CONFIG_DRM_AMD_DC_DCN macro from the amdgpu_dm directory, cleaning up redundant configuration that was only used to bypass compilation errors, aligning DC code to be OS-agnostic.",0,0,4,0,,,,,,,,,48.372,,,,,,
cb04b5ef85,ollama_gpt-oss_120b,3,"The patch changes mac80211 code so that when the DTIM period is set, it is stored in link->conf->dtim_period and not cleared, while still using beacon data when present.",4,0,0,0,,,,,,,,,46.52,,,,,,
cb55f27ac9,ollama_gpt-oss_120b,3,"Adds the list_for_each_table_entry macro to the proc sysctl code to simplify and tidy traversal of ctl_table structures, improving readability and maintainability.",0,0,4,0,,,,,,,,,55.093,,,,,,
cbd2574854,ollama_gpt-oss_120b,3,"The patch changes io_uring's multishot accept handling to drop pending accept requests when the completion queue overflows, mirroring multishot poll behavior, thereby correcting ordering problems that could cause incorrect accept processing.",4,0,0,0,,,,,,,,,54.188,,,,,,
cc1049ccee,ollama_gpt-oss_120b,3,"The patch restores correct speed negotiation for CPU/DSA ports in the mv88e6xxx DSA driver by fetching port capabilities early, fixing the default 10 Mbps speed caused by missing mac_capabilities.",4,0,0,0,,,,,,,,,47.211,,,,,,
cc2609eda6,ollama_gpt-oss_120b,4,"The patch updates ath10k driver source to silence recent checkpatch warnings by replacing strlcpy with strscpy and fixing an unnecessary integer promotion in a printf format, without altering functionality.",0,0,4,0,,,,,,,,,44.177,,,,,,
cc2f2df48a,ollama_gpt-oss_120b,4,"The commit updates the device‑tree bindings for the ITE it66121 HDMI bridge to include audio support, adding new properties and documentation for audio handling.",0,0,0,4,,,,,,,,,54.287,,,,,,
cc767e7c69,ollama_gpt-oss_120b,3,"Adds a check in io_uring networking code to reject zerocopy sendmsg calls on sockets that do not support zerocopy, mirroring earlier handling for send requests.",3,0,0,0,,,,,,,,,56.799,,,,,,
ccb9bc1dfa,ollama_gpt-oss_120b,3,"Adds support for the ethtool –identify option in the nfp driver, enabling the NIC firmware to blink the panel LED when requested.",0,0,0,4,,,,,,,,,50.089,,,,,,
cd044ff918,ollama_gpt-oss_120b,4,"Adds a new device tree binding header for the Himax hx83112b touchscreen, enabling kernel to describe this hardware in DT files.",0,0,0,4,,,,,,,,,46.828,,,,,,
cd4e5f30f5,ollama_gpt-oss_120b,4,"The commit adds a regulator node and enables the PCIe 2 controller and its combphy in the quartz64-b device tree, extending the board's hardware description to support PCIe 2.",0,0,0,4,,,,,,,,,53.745,,,,,,
cd50f9b247,ollama_gpt-oss_120b,4,"The patch separates nvme_kill_queues into two parts: a new function nvme_mark_namespaces_dead that only marks namespaces dead, and moves the queue unquiescing logic to the callers, improving code clarity and modularity.",0,0,4,0,,,,,,,,,53.775,,,,,,
cdbb816b5b,ollama_gpt-oss_120b,3,"The patch deletes an unnecessary condition that checks for Correctable Error (CE) status when querying RAS error addresses in the amdgpu DRM driver, because only Uncorrectable Error (UE) addresses are currently queried.",0,0,3,0,,,,,,,,,53.084,,,,,,
ce0091a0e0,ollama_gpt-oss_120b,3,"The commit resolves sparse static analysis warnings in PowerPC time code by adding missing declarations, including proper headers, removing duplicate symbols, and reordering definitions.",0,0,4,0,,,,,,,,,50.919,,,,,,
ce3a0a29fb,ollama_gpt-oss_120b,3,"The patch replaces duplicated enable/disable code in the Merrifield GPIO driver with a call to the existing str_enable_disable() helper, simplifying the implementation.",0,0,4,0,,,,,,,,,60.119,,,,,,
cee7db1b02,ollama_gpt-oss_120b,3,"Updates the kerneldoc-preamble script to test for xeCJK.sty before loading, preventing LaTeX errors on systems lacking the texlive-xecjk package.",4,0,0,0,,,,,,,,,57.252,,,,,,
cf0d7e7f45,ollama_gpt-oss_120b,3,"The patch replaces struct sockaddr with struct sockaddr_storage in NFS server structures and updates memcpy calls to use the larger size, eliminating false positive Fortify warnings about field‑spanning writes.",0,0,4,0,,,,,,,,,52.601,,,,,,
cf260db405,ollama_gpt-oss_120b,3,"The patch updates Btrfs code to replace uses of INT_LIMIT(loff_t) with the more self‑describing macro OFFSET_MAX, improving readability without changing semantics.",0,0,4,0,,,,,,,,,50.225,,,,,,
cf8f4462e5,ollama_gpt-oss_120b,3,"The commit deletes the obsolete of_gpio.h header in the zevio GPIO driver and updates code to use the newer of_* alternatives, adjusting function calls and structures accordingly.",0,0,4,0,,,,,,,,,54.933,,,,,,
cff35798fa,ollama_gpt-oss_120b,3,"The patch modifies the amdkfd driver to enforce pairwise contiguous CU masking and round‑robin distribution across shader engines, assuming WGP mode, correcting incorrect CU mask handling on GPUs with work‑group processors.",4,0,0,0,,,,,,,,,50.828,,,,,,
d016fc7ab5,ollama_gpt-oss_120b,3,"Replace custom delayed‑work handling in the max14656 power‑supply driver with devm_delayed_work_autocancel(), reducing code size and using managed resources.",0,0,4,0,,,,,,,,,54.554,,,,,,
d082a0255f,ollama_gpt-oss_120b,3,"Adds a new hardware capability flag (FEAT_MTE3) for ARM64 MTE asymmetric mode, exposing it to userspace via the hwcap mechanism.",0,0,0,4,,,,,,,,,49.985,,,,,,
d0864ee4f8,ollama_gpt-oss_120b,4,"The patch extracts combo PHY register definitions from the generic i915 register pool into a dedicated header, limiting their inclusion to files and platforms that actually need them.",0,0,4,0,,,,,,,,,48.231,,,,,,
d0871b5a22,ollama_gpt-oss_120b,3,"The patch changes the Palmas MFD driver to call device_get_match_data() directly, removing manual match‑data handling and simplifying the driver code.",0,0,4,0,,,,,,,,,46.318,,,,,,
d09adf6100,ollama_gpt-oss_120b,3,"The commit replaces custom 64‑bit I/O code in the ptp_pch driver with the generic ioread64_hi_lo() / iowrite64_hi_lo() helpers, improving portability and code reuse.",0,0,4,0,,,,,,,,,54.993,,,,,,
d13bc4d84a,ollama_gpt-oss_120b,3,"The commit deletes the sx8 block driver source files, removing support for an obsolete hardware driver that has been unmaintained since 2005.",0,0,4,0,,,,,,,,,52.954,,,,,,
d13da2f4c8,ollama_gpt-oss_120b,3,"The commit updates the device-tree binding documentation for Qualcomm USB VBUS regulators, renaming the example node from “dcdc” to the more appropriate “usb-vbus-regulator”. No code changes, only documentation.",0,0,3,0,,,,,,,,,54.604,,,,,,
d147553b64,ollama_gpt-oss_120b,3,"Adds the UNTRAIN_RET mitigation to the Xen entry point on x86, ensuring the return predictor is cleared when entering Xen, a security hardening measure.",0,4,0,0,,,,,,,,,50.341,,,,,,
d184cc910e,ollama_gpt-oss_120b,4,"Removes the obsolete <linux/gpio.h> header from the i2c/ccs driver, which already includes <linux/gpio/consumer.h>, eliminating an unused include.",0,0,4,0,,,,,,,,,50.76,,,,,,
d1ad2721b1,ollama_gpt-oss_120b,3,"Patch modifies kbuild's header_check script to stop checking include/linux/cyclades.h, which now intentionally warns if included, preventing spurious warnings.",4,0,0,0,,,,,,,,,52.897,,,,,,
d1ddc536df,ollama_gpt-oss_120b,3,"The commit adds the ability to specify a different device for DMA mapping in the mt76 driver, enabling WED support that needs non‑coherent DMA while the PCI device may be set for coherent DMA. The driver will adjust the PCI HIF coherent IO setting on attach.",0,0,0,4,,,,,,,,,50.675,,,,,,
d1f68ba069,ollama_gpt-oss_120b,3,"The patch renames the function btrfs_insert_file_extent() to btrfs_insert_hole_extent() and drops unused parameters, updating all call sites accordingly. It clarifies intent and simplifies the API.",0,0,4,0,,,,,,,,,48.622,,,,,,
d23417a5bf,ollama_gpt-oss_120b,4,"The patch adds proper freeing of the debug_help_string buffer allocated in orangefs_prepare_debugfs_help_string(), ensuring it is released on module removal and when the string is updated, thus eliminating a kmemleak.",4,0,0,0,,,,,,,,,60.025,,,,,,
d2403ee73d,ollama_gpt-oss_120b,4,"The commit updates the Qualcomm ADSP remoteproc device-tree binding docs, simplifying interrupt constraints because variants differ only by an optional last interrupt.",0,0,4,0,,,,,,,,,51.872,,,,,,
d24e7855ef,ollama_gpt-oss_120b,3,"The patch increases the GT reset failure timeout from 5 s to 60 s in the i915 driver, preventing premature device wedge and allowing more diagnostics when a reset hangs.",4,0,0,0,,,,,,,,,55.509,,,,,,
d31d37912e,ollama_gpt-oss_120b,3,"The commit adds handling for PTP timestamping interrupts in the sparx5 network driver, enabling software to read timestamps from the FIFO when hardware signals completion.",0,0,0,4,,,,,,,,,50.153,,,,,,
d3345fecf9,ollama_gpt-oss_120b,4,"Adds a new requires_cpu flag to perf's uncore event handling, separating it from system_wide because uncore events must be tied to a specific CPU.",0,0,0,4,,,,,,,,,51.402,,,,,,
d3a20dcbca,ollama_gpt-oss_120b,4,"Adds kernel documentation strings for core domain fields in the Tegra PMC driver, enabling kerneldoc generation. No functional code changes.",0,0,4,0,,,,,,,,,54.94,,,,,,
d3b43eb505,ollama_gpt-oss_120b,3,Adds a null‑pointer check after platform_get_resource() in the mt6397 RTC driver to avoid dereferencing a NULL pointer.,3,0,0,0,,,,,,,,,49.977,,,,,,
d4893978f9,ollama_gpt-oss_120b,4,"The commit renames the existing filter group identifiers to include ""vlan"" for better readability, distinguishing them from upcoming QinQ group names.",0,0,4,0,,,,,,,,,44.37,,,,,,
d4940b84da,ollama_gpt-oss_120b,3,"The patch deletes the now‑unused declaration of arch_kprobe_override_function() from the x86/kprobes code after earlier changes removed all its callers, cleaning up dead code.",0,0,4,0,,,,,,,,,53.745,,,,,,
d49fc69293,ollama_gpt-oss_120b,4,"Wraps the -mno-branch-likely flag in a cc-option test for MIPS Loongson targets, so clang’s unsupported flag no longer triggers a -Werror failure, and moves the test to Kconfig to run at configuration time, reducing build overhead.",0,4,0,0,,,,,,,,,52.074,,,,,,
d4ad017d63,ollama_gpt-oss_120b,3,"The patch replaces of_irq_get_byname with fwnode_irq_get_byname in platform code, allowing named interrupts to be obtained from both OF and ACPI devices via the fwnode abstraction.",0,0,0,4,,,,,,,,,50.555,,,,,,
d4bfba1e75,ollama_gpt-oss_120b,3,"Adds a new helper function hda_codec_device_remove() to the Intel SOF ASoC HDA codec driver, continuing the split between controller and codec responsibilities.",0,0,4,0,,,,,,,,,54.228,,,,,,
d57716702d,ollama_gpt-oss_120b,3,"The commit introduces new mmhub v3_0_1 header files to the drm/amdgpu driver, updating the codebase to support the newer hardware version that differs from v3_0_0.",0,0,0,4,,,,,,,,,50.718,,,,,,
d5f497b889,ollama_gpt-oss_120b,4,"The patch replaces a sprintf call with snprintf in ptp_ocp_verify(), improving code readability and safety without altering functionality.",0,0,4,0,,,,,,,,,49.938,,,,,,
d61876a285,ollama_gpt-oss_120b,3,"The patch rewrites devm_clk_hw_register_clkdev() to use devm_add_action_or_reset() instead of manual devres allocation and addition, simplifying the code without altering functionality.",0,0,4,0,,,,,,,,,52.639,,,,,,
d64a29af12,ollama_gpt-oss_120b,3,"The patch adds a runtime validity check for the user-provided CQ counter offset used in wait_for_interrupt and register_for_timestamp, preventing invalid values from being accepted.",4,0,0,0,,,,,,,,,48.738,,,,,,
d6501ecfb6,ollama_gpt-oss_120b,4,"Updates the printk format for div_sel from %d to the correct specifier for a u32, fixing a type‑mismatch in output.",4,0,0,0,,,,,,,,,52.449,,,,,,
d6c2964db3,ollama_gpt-oss_120b,4,"Adds support for additional TC flower filter keys in the Microchip Sparx5 driver’s IS2 VCAP, including IPv4/IPv6 addresses, VLAN info, TCP/UDP ports, TCP flags, and IP TOS, plus a 128‑bit keyfield API for IPv6.",0,0,0,4,,,,,,,,,55.61,,,,,,
d6c47d21a0,ollama_gpt-oss_120b,3,"Adds support for Meson S4 SoCs in the meson-gpio IRQ driver, defining extra GPIO IRQ lines and their bank mappings.",0,0,0,4,,,,,,,,,50.094,,,,,,
d6d0c7f681,ollama_gpt-oss_120b,3,"The patch adds detection of the PerfMonV2 CPU feature for AMD processors by defining a new scattered feature bit in cpufeatures, based on CPUID leaf 0x80000022, enabling the kernel to recognize and use the new performance monitoring capabilities.",0,0,0,4,,,,,,,,,54.342,,,,,,
d6dd2fe711,ollama_gpt-oss_120b,4,"The patch frees the rwi structure after a successful reset, eliminating a 32‑byte memory leak introduced by a prior commit that left the last rwi allocated.",4,0,0,0,,,,,,,,,53.345,,,,,,
d6f8168e43,ollama_gpt-oss_120b,4,"The patch casts __fls's return to unsigned long in the Intel AVS ASoC driver, removing a %ld format warning on arc, m68k and sparc, thus enabling successful kernel builds on those architectures.",4,0,0,0,,,,,,,,,49.721,,,,,,
d775155a86,ollama_gpt-oss_120b,3,The commit renames ice_sriov.c and its header to ice_vf_mbx.c to better reflect their generic virtualization mailbox role and reserve the original name for future SR-IOV specific code.,0,0,4,0,,,,,,,,,50.053,,,,,,
d80afefb17,ollama_gpt-oss_120b,4,"The patch corrects mis‑accounting of FS_CP_DATA_IO when the data_flush mount option is enabled by splitting the existing cp_task into two structures: cp_task for IO accounting and wb_task for deadlock avoidance, fixing the incorrect checkpoint IO classification.",4,0,0,0,,,,,,,,,57.474,,,,,,
d873697ef2,ollama_gpt-oss_120b,3,"Adds a guard in ieee80211_tx_control_port() to avoid calling __ieee80211_select_queue() when the device has fewer than four TX queues, fixing a regression that caused invalid queue errors on rt2500‑pci and similar cards.",4,0,0,0,,,,,,,,,53.769,,,,,,
d8ca113724,ollama_gpt-oss_120b,3,"The commit adds driver support for the Multi‑Gigabit Ethernet (MGBE/XPCS) IP present in NVIDIA Tegra234 SoCs, extending the stmmac Tegra driver to handle this hardware.",0,0,0,4,,,,,,,,,53.586,,,,,,
d8fa2fd791,ollama_gpt-oss_120b,4,"Adds missing state strings for __IAVF_INIT_EXTENDED_CAPS and __IAVF_INIT_CONFIG_ADAPTER to iavf_state_str, fixing inaccurate debug output when state transitions are printed.",0,0,4,0,,,,,,,,,50.107,,,,,,
d8fc085509,ollama_gpt-oss_120b,3,"The commit modifies perf inject to copy the kcore_dir from the input perf.data into the output, preserving kernel symbols and core files for later analysis.",0,0,0,4,,,,,,,,,53.076,,,,,,
d931686dc2,ollama_gpt-oss_120b,3,"The patch updates the sun4i_can device‑tree binding to reference the common CAN controller binding defined earlier, adding the appropriate include line to the documentation.",0,0,4,0,,,,,,,,,53.275,,,,,,
d955cf3df3,ollama_gpt-oss_120b,4,"The commit relocates Renesas PRR device‑tree binding files from the soc directory to a new hwinfo directory, grouping chip‑ID/SoC information under hwinfo.",0,0,4,0,,,,,,,,,49.421,,,,,,
d9ad805083,ollama_gpt-oss_120b,3,"The patch removes an explicit cast to u8 in a comparison within the rtl8192e driver, because both operands are already u8 and the macro is a constant, making the cast redundant.",0,0,4,0,,,,,,,,,52.713,,,,,,
d9dcb63677,ollama_gpt-oss_120b,4,"The patch deletes an unnecessary #include of linux/msi.h from the iommu/of driver source file, as the file does not use any symbols from that header.",0,0,4,0,,,,,,,,,52.94,,,,,,
d9edc4bc67,ollama_gpt-oss_120b,3,"Adds support for configuring BCH ECC geometry for NAND devices with OOB size >1 KB, trying various ECC strengths or separate meta ECC to keep bad‑block marker in data area.",0,0,0,4,,,,,,,,,48.916,,,,,,
da4363457f,ollama_gpt-oss_120b,3,"The patch wraps Energy Model helper functions in CONFIG_ENERGY_MODEL guards, removing unused‑function warnings and avoiding unnecessary work when the Energy Model is disabled.",4,0,0,0,,,,,,,,,50.561,,,,,,
da92e03c7f,ollama_gpt-oss_120b,3,"The patch removes smatch static analysis warnings by initializing variables and adding NULL checks, eliminating uninitialized symbol usage and potential ERR_PTR dereferences in octeontx2 driver code.",3,0,0,0,,,,,,,,,44.567,,,,,,
daeb1c2b50,ollama_gpt-oss_120b,4,"The patch modifies the Exynos850 device‑tree DTS to remove wake‑up interrupt entries that were incorrectly duplicated in the main device node, keeping only the proper per‑pin definitions in the wake‑up pin controller.",4,0,0,0,,,,,,,,,52.836,,,,,,
db45c76bad,ollama_gpt-oss_120b,3,"Adds interrupt configuration and handling to the Micrel ksz9477 PHY driver, matching other Micrel PHYs.",0,0,0,4,,,,,,,,,53.851,,,,,,
dc09fe1c5e,ollama_gpt-oss_120b,3,"Adds support for the DART page table entry format used in Apple M1 Pro/Max/Ultra (t6000), handling 42‑bit physical addresses and mandatory sub‑page protection by configuring full‑page access.",0,0,0,4,,,,,,,,,53.858,,,,,,
dc3f4dee81,ollama_gpt-oss_120b,3,"The patch relaxes checkpatch.pl to accept macros that expand to case statements, preventing spurious warnings about missing parentheses.",4,0,0,0,,,,,,,,,54.272,,,,,,
dca4f5fdbc,ollama_gpt-oss_120b,4,"Replaces manual size calculation with struct_size() in pwc_decompress, removes flexible‑array sizeof warning and eliminates potential integer overflow that could cause heap overflows.",0,4,0,0,,,,,,,,,51.988,,,,,,
dcf23cca93,ollama_gpt-oss_120b,4,"The patch replaces calls to nodes_weight() with nodes_empty() in arch/x86 where only a presence test is needed, making the check stop early and run faster.",0,0,4,0,,,,,,,,,52.433,,,,,,
dd0be8278a,ollama_gpt-oss_120b,3,"Adds a dma-channel-mask property to the Tegra GPCDMA device‑tree node and updates the interrupts list to include all 32 channels, replacing the previous driver limitation to 31 channels, thereby aligning the configuration with the hardware.",4,0,0,0,,,,,,,,,53.05,,,,,,
dd2319c618,ollama_gpt-oss_120b,3,"The patch adds runtime warnings that trigger when vendor modules load and any kvm_x86_ops function pointer that should be non‑NULL is still NULL, using the corrected KVM_X86_OP annotations to catch possible NULL dereferences early.",0,4,0,0,,,,,,,,,52.858,,,,,,
dd4516aee3,ollama_gpt-oss_120b,3,"The patch moves the vm_xsave_req_perm call from generic KVM self‑test code into the amx_test, removes it from other tests, and adds a parameter to select the requested xsave bit, simplifying test setup.",0,0,4,0,,,,,,,,,51.167,,,,,,
dd51d3a33c,ollama_gpt-oss_120b,4,"The patch updates HDMI driver detection of the hdmi_enable_4kp60 config flag. Previously it inferred the flag via clk_round_rate, which after a clock rework always returned the minimum rate, breaking detection. The change uses clk_get_max_rate to read the clock’s maximum rate, restoring correct 4k@60Hz support.",4,0,0,0,,,,,,,,,47.645,,,,,,
ddaefa209c,ollama_gpt-oss_120b,3,"The patch modifies devm_hwmon_device_register_with_info() to require a non‑NULL 'chip' argument, preventing drivers from merely renaming the old registration function without adapting to the new API.",0,4,0,0,,,,,,,,,48.941,,,,,,
ddf2a6093c,ollama_gpt-oss_120b,4,"The commit replaces a left‑shift expression with the BIT macro in the lm90 hardware monitoring driver, solely to make the code more readable; functionality remains unchanged.",0,0,4,0,,,,,,,,,46.264,,,,,,
de3d098dd1,ollama_gpt-oss_120b,3,"The commit adds a PowerPC 64‑bit specific check for the ELF ABI version when loading kernel modules, overriding the generic check to ensure compatibility with potential big‑endian ELF ABI V2 builds.",0,4,0,0,,,,,,,,,52.139,,,,,,
de40c281fe,ollama_gpt-oss_120b,3,"The commit switches simpledrm from its custom simple‑KMS helper functions to the standard DRM atomic helper APIs, removes unused CRTC atomic enable/disable helpers, and always invokes drm_atomic_helper_check_plane_state(), without altering driver functionality.",0,0,4,0,,,,,,,,,57.746,,,,,,
de85193cff,ollama_gpt-oss_120b,3,"The patch replaces an unconditional cancel_delayed_work_sync() in the driver remove() with devm_delayed_work_autocancel(), removing the remove() function because the delayed work may be uninitialized when polling is not used.",4,0,0,0,,,,,,,,,54.468,,,,,,
de9d555cb8,ollama_gpt-oss_120b,3,"Adds a call to type_clear() for devlink ports during cleanup when type_set() was previously used, ensuring proper state reset in the mlx4 driver.",4,0,0,0,,,,,,,,,49.687,,,,,,
dedc215003,ollama_gpt-oss_120b,3,"Adds a JPEG decode worker interface to the MediaTek MT8195 driver, enabling three hardware JPEG decoders to run in parallel, extending driver functionality.",0,0,0,4,,,,,,,,,54.194,,,,,,
df22168207,ollama_gpt-oss_120b,3,"The patch updates the cdce925 clock driver to use the new simple I2C probe mechanism with i2c_match_id, removing the unused id argument, aligning the driver with the ongoing i2c probe transition.",0,0,4,0,,,,,,,,,55.474,,,,,,
dfafa56029,ollama_gpt-oss_120b,3,"The patch replaces a hand‑written delayed‑work cleanup with the helper devm_delayed_work_autocancel(), reducing code size and using the device‑managed API.",0,0,4,0,,,,,,,,,45.298,,,,,,
dff4ac75ee,ollama_gpt-oss_120b,3,"The patch moves the handling of the keep_towrite flag from ext4_writepage() to ext4_bio_write_page() so that pages with unwritable buffers retain the TOWRITE tag, preventing race conditions that could cause data loss during writeback.",4,0,0,0,,,,,,,,,50.446,,,,,,
e004ea1059,ollama_gpt-oss_120b,4,"Moves snapshot lookup to devlink_nl_cmd_region_read_dumpit, removes unused attrs argument, and simplifies early error exit, cleaning up devlink netlink code.",0,0,4,0,,,,,,,,,55.411,,,,,,
e0d8259355,ollama_gpt-oss_120b,4,"The commit raises the deprecation delay for SELinux's checkreqprot and runtime‑disable knobs from 5 s to 15 s, making the deprecation notice more visible to users still using these options.",0,0,4,0,,,,,,,,,53.82,,,,,,
e10ab8b394,ollama_gpt-oss_120b,4,"Adds support for up to three CAN-FD channels per device in the gs_usb driver, updating the driver to match STM32G3 chips that can provide three channels.",0,0,0,4,,,,,,,,,50.052,,,,,,
e137b81d30,ollama_gpt-oss_120b,4,"Removes the dead variable 'found_devs' from the qla2xxx SCSI driver, eliminating an unused increment.",0,0,4,0,,,,,,,,,59.71,,,,,,
e1553351d7,ollama_gpt-oss_120b,4,"The commit deletes unnecessary VPRINTK() debug prints and the ata_scsi_dump_cdb() helper because tracepoints already provide that information, cleaning up libata code.",0,0,4,0,,,,,,,,,61.628,,,,,,
e1a863cddb,ollama_gpt-oss_120b,3,"The commit updates kernel-doc comments in drivers/hv/vmbus_drv.c to correct a prototype name mismatch, eliminating a compiler warning.",0,0,4,0,,,,,,,,,53.568,,,,,,
e1c6a7ec14,ollama_gpt-oss_120b,3,"The patch removes the mandatory holding of the iscsi driver’s back_lock when calling iscsi_get_task, adding a conditional check to avoid taking the lock on the transmit path, thereby reducing contention and improving performance.",0,0,4,0,,,,,,,,,53.519,,,,,,
e1e7bc481d,ollama_gpt-oss_120b,4,"The patch changes DRM EDID logging to use device‑specific debug helpers, adds connector identifiers to messages, passes connector structs more widely, and consolidates tile debug output into a single line, improving log clarity.",0,0,4,0,,,,,,,,,47.427,,,,,,
e200904b27,ollama_gpt-oss_120b,3,"The patch refactors pci_power_up() by extracting the post‑delay actions into a new helper pci_set_full_power_state() and calls it from pci_set_power_state(), eliminating redundant work for one caller.",0,0,4,0,,,,,,,,,55.145,,,,,,
e20b77c14b,ollama_gpt-oss_120b,3,The commit updates the i915 DRM driver to drop Intel Ice Lake (ICL) specific Thunderbolt (TBT) power domain names and use the generic TBT1‑4 names defined by the hardware specification.,0,0,4,0,,,,,,,,,49.589,,,,,,
e24ccaaf7e,ollama_gpt-oss_120b,4,"Deletes leftover IDE driver documentation files after the driver was removed, cleaning up the doc tree.",0,0,4,0,,,,,,,,,53.515,,,,,,
e2b993302f,ollama_gpt-oss_120b,3,"The patch modifies amdgpu_display_framebuffer_init to skip the tiling‑flag check when virtual display is enabled, because vkms lacks FB modifiers, eliminating a warning on GFX9+ hardware.",4,0,0,0,,,,,,,,,48.867,,,,,,
e2efb6359e,ollama_gpt-oss_120b,3,"The patch adds a hypervisor check to skip the WBINVD cache‑flush instruction in ACPI sleep handling, preventing a virtualization exception (#VE) on TDX guests.",4,0,0,0,,,,,,,,,55.39,,,,,,
e3d5ea2c01,ollama_gpt-oss_120b,3,"The patch strengthens tcp_read_sock() by handling unexpected recv_actor() return values, issuing a one‑time warning and ensuring progress to prevent an infinite loop.",4,0,0,0,,,,,,,,,48.784,,,,,,
e47877c7aa,ollama_gpt-oss_120b,3,"The patch changes rhashtable's internal locking from bh‑safe to irq‑safe, allowing the hash table to be used in interrupt context, and updates lock/unlock APIs to pass flags directly.",0,0,0,4,,,,,,,,,52.553,,,,,,
e52432e164,ollama_gpt-oss_120b,4,"Adds an explicit length check before memset in vtpm_proxy_fops_read to silence GCC -Warray-bounds warning and ensure the buffer is not overrun, making the code more robust.",0,4,0,0,,,,,,,,,55.326,,,,,,
e5933cf487,ollama_gpt-oss_120b,4,"The commit updates the yas530 IIO driver to use DEFINE_RUNTIME_DEV_PM_OPS() and pm_ptr() macros, allowing the compiler to drop the dev_pm_ops structure and related functions when CONFIG_PM is disabled, eliminating the need for __maybe_unused annotations.",0,0,4,0,,,,,,,,,49.001,,,,,,
e59b3c730b,ollama_gpt-oss_120b,4,"The commit modifies RTC driver files to include <linux/kstrtox.h> where needed, because the kstrto* functions were moved from <linux/kernel.h> to this new header.",0,0,4,0,,,,,,,,,45.994,,,,,,
e5da651985,ollama_gpt-oss_120b,4,"The patch changes the SDMA engine shutdown sequence for SR‑IOV: it disables the engine during hw_fini and re‑enables it when SR‑IOV is active, ensuring the DRM entity is cleared and resume works without other VFs accessing an uninitialized engine.",4,0,0,0,,,,,,,,,53.07,,,,,,
e5f969dd93,ollama_gpt-oss_120b,3,"The commit introduces a generic timeout function interface for the MediaTek JPEG decoder, enabling handling of hardware timeouts.",0,0,0,4,,,,,,,,,47.127,,,,,,
e5fc78252c,ollama_gpt-oss_120b,4,"Adds AMD DRM driver support to enter zstate during extended vblank when FreeSync video mode provides extra blank lines, calculating time gain and updating registers, restoring defaults on exit.",0,0,0,4,,,,,,,,,54.556,,,,,,
e60414644c,ollama_gpt-oss_120b,4,"The patch deletes the ipa_fw_mem node from the trogdor device‑tree overlay of the sc7180 SoC because the carve‑out is not used on trogdor boards and its presence triggers a memory‑overlap warning at boot, eliminating the error.",4,0,0,0,,,,,,,,,46.665,,,,,,
e63b81aef2,ollama_gpt-oss_120b,3,"The patch replaces direct rb_next/rb_prev traversal in merge_state with the next_state/prev_state helper functions, simplifying the extent I/O tree handling in Btrfs.",0,0,4,0,,,,,,,,,48.717,,,,,,
e688ba3e27,ollama_gpt-oss_120b,4,"The patch changes the hqd_destroy() callback prototype in the AMD GPU driver, making its third parameter uint32_t instead of enum kfd_preempt_type, matching existing implementations and removing a CFI type mismatch failure when compiled with CONFIG_CFI_CLANG.",4,0,0,0,,,,,,,,,54.167,,,,,,
e6b0337513,ollama_gpt-oss_120b,3,"The commit modifies the meson-sm1-odroid device tree to set the TF‑IO regulator GPIO to open‑drain, correcting the pin used and eliminating the boot loop that occurs after a reboot.",4,0,0,0,,,,,,,,,52.228,,,,,,
e730558adf,ollama_gpt-oss_120b,3,"The patch centralizes and corrects handling of child events when a parent inode has a mark without FS_EVENT_ON_CHILD. It moves duplicated logic into the mark‑type iterator preparation, preventing wrong ignore‑mask clearing and ensuring proper event delivery.",4,0,0,0,,,,,,,,,54.159,,,,,,
e75d5ae8ab,ollama_gpt-oss_120b,3,"The patch extends NTB EPF support to allow multiple BAR mapping schemes, adding fields to store BAR numbers and handling configurations for config/scratchpad, doorbell, and memory windows, enabling different VID/PID to select appropriate BAR layouts.",0,0,0,4,,,,,,,,,51.444,,,,,,
e79368b15d,ollama_gpt-oss_120b,3,"Updates the STM32 pinctrl device‑tree binding: renames the property from 'reset' to the correct 'resets' and adds 'additionalProperties: false' to the schema, fixing the typo and tightening validation.",4,0,0,0,,,,,,,,,62.664,,,,,,
e7b060460f,ollama_gpt-oss_120b,3,"The patch propagates timestamp socket options through the ping6 code, allowing IPv6 ping sockets to request and receive packet timestamps, which were previously ignored.",0,0,0,4,,,,,,,,,55.242,,,,,,
e8c81d649a,ollama_gpt-oss_120b,4,"Adds a new compatible string for Microchip's Icicle reference design in the RISC‑V dt‑bindings, documenting the FPGA fabric version it applies to.",0,0,0,4,,,,,,,,,52.566,,,,,,
e92a216d16,ollama_gpt-oss_120b,3,"The patch adds error‑path handling in rio_register_mport(): on device_register() failure it calls put_device() and list_del() to release the allocated name and remove the port, preventing a resource leak.",4,0,0,0,,,,,,,,,50.59,,,,,,
e945c653c8,ollama_gpt-oss_120b,4,"The commit separates kernel‑only capability flags from the user‑visible device_cap_flags by introducing a kernel_cap_flags bitmap, adds explanatory comments, and removes unused kernel flags, clarifying the API exposed to userspace.",0,0,4,0,,,,,,,,,55.453,,,,,,
e950329880,ollama_gpt-oss_120b,3,"The patch suppresses a GCC 12 array‑bounds warning in ath9k's mac.c by adjusting warning levels, likely via a pragma or comment, without altering runtime behavior.",0,0,4,0,,,,,,,,,59.242,,,,,,
e973746882,ollama_gpt-oss_120b,3,"The patch updates KVM’s CPUID handling to clear XFD bits for each state component when the base XFD feature is not reported, ensuring compliance with Intel’s XFD specification.",4,0,0,0,,,,,,,,,50.134,,,,,,
e9b67ec2d3,ollama_gpt-oss_120b,3,"Adds explicit linux/highmem.h and linux/swap.h includes where needed in the i915 driver, enabling removal of the unnecessary linux/i2c.h include from i915_drv.h.",0,0,4,0,,,,,,,,,54.116,,,,,,
ea5872dd6b,ollama_gpt-oss_120b,3,"Adds a flag in the mlx5 driver to track whether the vport ACL namespace has been created, avoiding unnecessary free/reallocate cycles when switching eswitch modes and freeing it only on driver unload or bare metal.",0,0,4,0,,,,,,,,,50.269,,,,,,
eab25b4f93,ollama_gpt-oss_120b,4,"The commit adds support in the bq25892 driver to read the usb_type property from a linked power‑supply device and adjust the input‑current‑limit (IINLIM) accordingly, enabling external charger‑type detection.",0,0,0,4,,,,,,,,,54.52,,,,,,
eb47b59afb,ollama_gpt-oss_120b,3,"The commit replaces uses of SERIAL_XMIT_SIZE with UART_XMIT_SIZE across the serial driver, unifying the macro name to UART_XMIT_SIZE for consistency.",0,0,4,0,,,,,,,,,51.921,,,,,,
ebca1b8056,ollama_gpt-oss_120b,3,"The commit refactors the KVM selftest xapic_ipi_test to stop using vCPU ID macros, switches to vm_create_with_vcpus(), and passes struct kvm_vcpu pointers directly, simplifying the code.",0,0,4,0,,,,,,,,,48.828,,,,,,
ebddb14049,ollama_gpt-oss_120b,4,"The patch creates nf_nat_ovs.c, moves duplicated OVS and TC NAT functions into it, exports nf_ct_nat() for shared use, and keeps OVS/TC‑specific checks, adjusting protocol handling to work for both.",0,0,4,0,,,,,,,,,52.693,,,,,,
ebe62df7c5,ollama_gpt-oss_120b,3,The patch removes direct calls to the internal function da7219_aad_jack_det() in the rockchip ASoC driver and replaces them with the generic component->set_jack() API.,0,0,3,0,,,,,,,,,54.062,,,,,,
ec1d7e6ab9,ollama_gpt-oss_120b,3,"The patch removes several now‑unused AVIC function prototypes from kvm_x86_ops after they were eliminated in favor of static inline calls, resulting in no functional change.",0,0,4,0,,,,,,,,,48.933,,,,,,
ec80906b0f,ollama_gpt-oss_120b,4,"The commit updates the selftests/bpf/test_lirc_mode2.sh script to return proper non‑zero exit codes on execution failure and to correctly quote a variable for LIRCDEV checking, ensuring skipped tests exit with a skip code.",4,0,0,0,,,,,,,,,48.584,,,,,,
ec868592f5,ollama_gpt-oss_120b,4,"The patch deletes the redundant enum odm_bw from the r8188eu driver, keeping only ht_channel_width, cleaning up duplicated definitions.",0,0,4,0,,,,,,,,,61.863,,,,,,
ec906102e5,ollama_gpt-oss_120b,3,"The patch updates the perf test for the CSV output linter, replacing a Python field‑counting script with a Bash function that correctly handles the fewer CSV fields on s390, fixing the test failure.",4,0,0,0,,,,,,,,,48.58,,,,,,
ed482dc8c7,ollama_gpt-oss_120b,3,"Adds an explicit gpiolib header include to the Samsung ASoC driver, ensuring required definitions are present and preventing build failures in configurations where the header was previously only implicitly included.",0,4,0,0,,,,,,,,,50.444,,,,,,
ed81d3de8e,ollama_gpt-oss_120b,3,The commit updates the AD4130 driver sysfs documentation to correct Sphinx formatting warnings by reformatting the list of in_voltage‑voltage_filter_mode_available modes into a proper bullet list with blank lines.,0,0,4,0,,,,,,,,,52.429,,,,,,
ed823991c6,ollama_gpt-oss_120b,4,Adds support for the RPC-IF module clock on Renesas R-Car V4H (R8A779G0) SoC and fixes table alignment in the related clock definition.,0,0,0,4,,,,,,,,,46.915,,,,,,
edb854a368,ollama_gpt-oss_120b,3,"The patch reallocates the SCSI device's budget_map after slave_configure updates the queue_depth, ensuring the map size matches the actual hardware queue depth and avoids unnecessary memory allocation.",4,0,0,0,,,,,,,,,52.78,,,,,,
edc6938f7b,ollama_gpt-oss_120b,2,The change deletes a register write in init_shader_exceptions() for GV100 GPUs to make the driver match the reference model behavior.,0,0,3,0,,,,,,,,,55.196,,,,,,
ee3e3ac05c,ollama_gpt-oss_120b,3,"Adds an extensible rseq ABI: kernel now exposes supported rseq feature size and required alignment via ELF auxiliary vectors, allowing user-space to register rseq with struct sizes larger than the original 32‑byte layout.",0,0,0,4,,,,,,,,,54.515,,,,,,
ee74fdf0ca,ollama_gpt-oss_120b,3,"The commit updates the sun8i-ss crypto driver to replace pm_runtime_get_sync with pm_runtime_resume_and_get, simplifying runtime power management handling.",0,0,4,0,,,,,,,,,54.305,,,,,,
ee9aded6d3,ollama_gpt-oss_120b,4,"The patch updates the vt6655 driver macros, renaming the variable wData to reg_value to follow lower‑case naming and satisfy checkpatch.pl style rules.",0,0,4,0,,,,,,,,,49.27,,,,,,
eed9f513bf,ollama_gpt-oss_120b,3,"The patch removes duplicated code by having slave_configure_v3_hw() call the existing hisi_sas_slave_configure() function, consolidating logic.",0,0,4,0,,,,,,,,,52.978,,,,,,
ef1a0808a2,ollama_gpt-oss_120b,4,"The commit aligns the function amdgpu_ring_init's prototype in the header with its implementation by renaming parameters (ring_size → max_dw, prio → hw_prio), ensuring consistent naming across the driver.",0,0,4,0,,,,,,,,,51.266,,,,,,
ef61b6ea15,ollama_gpt-oss_120b,3,"The patch updates the Bluetooth driver suspend path to always set the event mask after disconnects succeed, even when wakeup is disabled, preventing premature wakeups during suspend.",4,0,0,0,,,,,,,,,49.796,,,,,,
efb6402c3c,ollama_gpt-oss_120b,4,"The patch adds a 1 MiB upper bound for period bytes and uses safe multiplication helpers to prevent integer overflow when allocating the temporary OSS conversion buffer, fixing a reported vmalloc() overflow.",4,0,0,0,,,,,,,,,50.538,,,,,,
f0052d7a1e,ollama_gpt-oss_120b,4,"The commit adds support for the Quectel EM05-G USB modem in the option driver, defining its USB configurations and device IDs so the kernel can recognize and use it.",0,0,0,4,,,,,,,,,56.676,,,,,,
f059b46e6f,ollama_gpt-oss_120b,3,"Adds a new power supply driver for the uPI uG3105 battery monitor, integrating it into the Linux kernel's power subsystem; driver operates on x86/ACPI without devicetree support.",0,0,0,4,,,,,,,,,54.467,,,,,,
f074732d59,ollama_gpt-oss_120b,3,"The patch updates hugetlb cgroup handling to work with folios instead of pages, modifies __remove_hugetlb_page() accordingly, and deletes an unused helper function.",0,0,4,0,,,,,,,,,53.051,,,,,,
f0b6d3cc29,ollama_gpt-oss_120b,3,"The patch raises the hard‑reset wait time from 500 ms to 2 s in the Gaudi2 driver to ensure firmware and preboot finish before registers are accessed, preventing premature access errors.",4,0,0,0,,,,,,,,,52.728,,,,,,
f0e34d2625,ollama_gpt-oss_120b,3,"The patch changes the i2c remove callback of the jsa1212 driver to return 0 instead of an error, eliminating a redundant error message already emitted by the driver’s power‑off routine.",0,0,3,0,,,,,,,,,48.546,,,,,,
f110ed8498,ollama_gpt-oss_120b,3,"The commit moves the fixed file install/remove helpers into the filetable area and changes their API to accept a context instead of an io_kiocb, improving code organization for io_uring.",0,0,4,0,,,,,,,,,62.81,,,,,,
f1d0821bf3,ollama_gpt-oss_120b,3,"The commit adds runtime configurability to the Xilinx firmware driver by introducing new IOCTL commands that enable, disable, and query feature settings while the system is running.",0,0,0,4,,,,,,,,,61.514,,,,,,
f2701e0ffd,ollama_gpt-oss_120b,3,"Adds documentation for the ti,set-io-isolation property in the wkup-m3-ipc device tree binding, describing its use for IO isolation during low‑power transitions on am43xx platforms.",0,0,4,0,,,,,,,,,54.101,,,,,,
f28d42663e,ollama_gpt-oss_120b,3,"The patch changes the i915 driver to allocate the scratch page in system memory for all platforms, making the configuration uniform, reducing device memory usage and avoiding device‑side initialization.",0,0,4,0,,,,,,,,,55.818,,,,,,
f2c5092190,ollama_gpt-oss_120b,3,"The patch disables the allocation of per‑softirq stacks on PREEMPT_RT kernels, saving memory and guaranteeing that do_softirq_own_stack() is never invoked where it is unsupported.",0,0,3,0,,,,,,,,,52.186,,,,,,
f2fed022aa,ollama_gpt-oss_120b,4,"The patch replaces a manual swap operation in the ia64 module with the generic swap() macro from include/linux/minmax.h, simplifying the code without altering functionality.",0,0,4,0,,,,,,,,,53.562,,,,,,
f30ff35f62,ollama_gpt-oss_120b,3,"The patch changes jbd2_submit_inode_data() to use the filesystem‑provided j_submit_inode_data_buffers hook instead of the hard‑coded jbd2_journal_submit_inode_data_buffers, making ext4 fastcommit use ext4_writepages() rather than generic_writepages().",0,0,4,0,,,,,,,,,50.302,,,,,,
f3116f2e52,ollama_gpt-oss_120b,3,"The commit updates device‑tree bindings for the NXP i.MX8MQ VPU, splitting the previously combined G1 and G2 decoder blocks into separate nodes that are independently powered by the vpu‑blk‑ctrl domain.",0,0,0,4,,,,,,,,,62.918,,,,,,
f31e3c204d,ollama_gpt-oss_120b,4,"The patch adds a call to free the allocated soc_dev_attr structure when of_property_read_string() fails in mxs_machine_init(), eliminating a memory leak.",4,0,0,0,,,,,,,,,52.746,,,,,,
f33b56d370,ollama_gpt-oss_120b,3,"The patch adjusts ov5640_try_frame_interval() to use each mode's max_fps value instead of a hard‑coded 60 fps, fixing incorrect frame‑rate reporting for non‑VGA modes.",4,0,0,0,,,,,,,,,47.364,,,,,,
f346f32701,ollama_gpt-oss_120b,4,"The commit updates the MAINTAINERS file to add Helge Deller as the new maintainer for the fbdev subsystem, reflecting a change in responsibility.",0,0,4,0,,,,,,,,,50.296,,,,,,
f38b3c6a78,ollama_gpt-oss_120b,4,Adjusts indentation in the vdpa/mlx5 handle_ctrl_vlan() function to match coding style.,0,0,4,0,,,,,,,,,47.922,,,,,,
f3ac888fc5,ollama_gpt-oss_120b,3,"The patch adds handling for power values expressed in micro‑Watts introduced by SCMI v3.1, converting them to the units expected by the Energy Model when needed.",0,0,0,4,,,,,,,,,46.559,,,,,,
f3c2682bad,ollama_gpt-oss_120b,3,"Adds a notifier_block in the random subsystem to inform drivers when a VM forks, with register/unregister helpers and a no-op fallback when the feature is disabled.",0,0,0,4,,,,,,,,,55.029,,,,,,
f3e90c1ca9,ollama_gpt-oss_120b,3,"The commit removes the Btrfs extent writepage address space callback, which was only used for single‑page writeback from kswapd and never for cgroup writeback, simplifying the code and avoiding inefficient writeback patterns.",0,0,4,0,,,,,,,,,54.806,,,,,,
f4c6d22c6c,ollama_gpt-oss_120b,4,"The patch deletes a stray comment that was unintentionally added for a not‑yet‑implemented 'arbitrary monitoring target' feature, eliminating confusion without altering any functional code.",0,0,4,0,,,,,,,,,53.484,,,,,,
f4d1f2142a,ollama_gpt-oss_120b,4,"The commit refactors ETM4x coreSight code to use named register field macros instead of magic numbers, aligning with sysreg.h naming conventions. No functional change, only style/consistency improvement.",0,0,4,0,,,,,,,,,53.057,,,,,,
f4e526ff7e,ollama_gpt-oss_120b,4,"Extracts PAS operations from __mdt_load() into a separate helper, allowing direct calls and simplifying the original function's prototype.",0,0,4,0,,,,,,,,,52.181,,,,,,
f51debc256,ollama_gpt-oss_120b,4,"Adds a Chinese translation of docs/zh_CN/vm/page_frags.rst, updating documentation without changing any source code.",0,0,0,0,,,,,,,,,57.92,,,,,,
f55fbb6afb,ollama_gpt-oss_120b,3,"The patch replaces the fc_tos field with the new dscp_t type in fib_config and adds validation that IPv4 routes with any ECN bits set in rtm_tos are rejected, preventing mismatched routes.",3,0,0,0,,,,,,,,,55.319,,,,,,
f5c0b4f304,ollama_gpt-oss_120b,3,"The patch drops an unused 'task' parameter from arch_prctl helper functions, as they only operate on the current task, simplifying the API.",0,0,4,0,,,,,,,,,55.116,,,,,,
f624506f98,ollama_gpt-oss_120b,4,"The patch removes the EXPORT_SYMBOL for kthread_blkcg, limiting its visibility to built‑in blk‑cgroup code only, as the symbol is not needed by loadable modules.",0,0,4,0,,,,,,,,,53.564,,,,,,
f67be8b7ee,ollama_gpt-oss_120b,4,"The patch adds three regmap_field helper functions (set_bits, clear_bits, test_bits) to simplify common bit‑manipulation operations, providing a static inline for set/clear and a regular function for test.",0,0,0,4,,,,,,,,,46.812,,,,,,
f6e109a0af,ollama_gpt-oss_120b,4,"The commit updates kernel documentation to mention the existence of count helper APIs for fwnode and device property arrays, clarifying how to obtain element counts.",0,0,4,0,,,,,,,,,48.783,,,,,,
f716113aac,ollama_gpt-oss_120b,3,"The commit adds checks for table signatures, checksums, and existence before accessing AMDGPU discovery tables, and temporarily disables the MALL table.",0,4,0,0,,,,,,,,,50.094,,,,,,
f728eb3a50,ollama_gpt-oss_120b,3,"The commit makes several display driver functions static and removes an unused function to silence sparse -Wmissing-prototypes warnings, improving code hygiene.",0,0,4,0,,,,,,,,,54.938,,,,,,
f792a3629f,ollama_gpt-oss_120b,3,"The patch frees the fw_control_ex structure when pm8001_chip_fw_flash_update_build() fails, removing a memory leak in the pm8001 SCSI driver.",4,0,0,0,,,,,,,,,51.562,,,,,,
f93e2a100e,ollama_gpt-oss_120b,4,"The patch adds a NULL‑pointer check after kzalloc() in the SGI IP22 MIPS driver, ensuring the code handles allocation failures safely.",0,4,0,0,,,,,,,,,46.914,,,,,,
f9599127dd,ollama_gpt-oss_120b,3,"The commit removes the HMM_BO_SHARE enum/value from the atomisp driver because it is never supported by the hmm_bo code, cleaning up dead code.",0,0,4,0,,,,,,,,,46.987,,,,,,
f98c5ec251,ollama_gpt-oss_120b,4,"Adds a NULL check before iterating over job->bo during error cleanup in the v3d driver, handling the case where v3d_lookup_bos fails and job->bo is NULL, thus preventing a null‑pointer dereference.",4,0,0,0,,,,,,,,,55.155,,,,,,
f9b0593dd4,ollama_gpt-oss_120b,3,"The commit rewrites the mixel,mipi-dsi-phy device‑tree binding into a JSON‑schema format, adding properties like assigned-clocks and requiring power‑domains to satisfy dtbs_check.",0,0,4,0,,,,,,,,,53.329,,,,,,
f9b62f9843,ollama_gpt-oss_120b,4,"Adds length checks for the IEEE80211_P2P_ATTR_CHANNEL_LIST attribute in the wilc1000 driver to ensure the buffer is large enough for struct wilc_attr_oper_ch, preventing out-of-bounds writes.",0,4,0,0,,,,,,,,,52.386,,,,,,
f9cdf41306,ollama_gpt-oss_120b,3,"The patch corrects the logic that chooses which DSI port to use for sending VBT packets, using the per‑port bitmask in intel_dsi->ports for dual‑link configurations.",4,0,0,0,,,,,,,,,55.5,,,,,,
fa1ef24ae2,ollama_gpt-oss_120b,3,"The commit changes the userspace thermal governor's log output, replacing a deprecation warning with an informational message that advises using netlink thermal events, without altering functionality.",0,0,4,0,,,,,,,,,51.885,,,,,,
fa374ddba2,ollama_gpt-oss_120b,4,"The patch updates the MSM DSI PHY driver to replace parent name strings with direct clk_hw pointers, simplifying management and avoiding costly name‑based lookups.",0,0,4,0,,,,,,,,,52.908,,,,,,
fa6fde350b,ollama_gpt-oss_120b,3,"The commit removes the deprecated CHECK macro from the xdp_bpf2bpf self‑test and replaces it with ASSERT* macros, cleaning up the test code.",0,0,4,0,,,,,,,,,55.281,,,,,,
faab292951,ollama_gpt-oss_120b,3,"The patch adds support for configuring the color space on the rkisp1 resizer sink pad and enforces Rec 601 encoding and full‑range quantization when a Bayer format is passed through, ensuring correct handling of raw data.",0,0,0,4,,,,,,,,,52.667,,,,,,
fab6f4904e,ollama_gpt-oss_120b,3,"The commit deletes the IWL_DEVICE_BZ_COMMON macro, which was only referenced inside the IWL_DEVICE_BZ macro, and merges its contents directly, simplifying the macro definitions without altering functionality.",0,0,4,0,,,,,,,,,63.176,,,,,,
fb036ad7db,ollama_gpt-oss_120b,4,"The patch updates rcutorture's torture.sh script to raise its default memory from 1 GiB to 2 GiB and adds handling for a new --kasan option, enabling KASAN testing that requires at least 2 GiB.",0,0,0,4,,,,,,,,,53.853,,,,,,
fb197474ed,ollama_gpt-oss_120b,3,The patch updates the DRM Solomon driver to add correct compatible strings for SSD130x I2C displays and deprecates the older strings that included bus/subsystem suffixes.,0,0,4,0,,,,,,,,,49.9,,,,,,
fb4f4f4256,ollama_gpt-oss_120b,4,"The patch modifies AMDGPU PSP termination code to free allocated memory even when unload fails, eliminating a memory leak.",4,0,0,0,,,,,,,,,49.405,,,,,,
fba6767c2d,ollama_gpt-oss_120b,4,"The patch adds speed‑bin detection for the A619 GPU in the MSM a6xx DRM driver, allowing the driver to select appropriate frequency ranges based on the specific SKU's clock bin.",0,0,0,4,,,,,,,,,51.302,,,,,,
fbfc4ca465,ollama_gpt-oss_120b,3,"The commit moves the STM32MP15_BSEC_NUM_LOWER definition into the stm32 ROMEM configuration, preparing the config for the upcoming STM32MP15 SoC.",0,0,3,0,,,,,,,,,57.118,,,,,,
fc04dafd26,ollama_gpt-oss_120b,3,"Updates mount ID‑mapping code to replace old non‑type‑safe helpers with new type‑safe helpers in mapped_fsgid() and mapped_fuid(), preparing for removal of the legacy functions.",0,0,4,0,,,,,,,,,49.845,,,,,,
fc5004e5d4,ollama_gpt-oss_120b,3,"The commit moves the read‑only array range in the v4l2‑ctrls driver from a stack‑allocated variable to a static array, reducing stack usage and slightly shrinking object code size.",0,0,4,0,,,,,,,,,54.805,,,,,,
fcdc03f78d,ollama_gpt-oss_120b,4,"The patch removes obsolete s390‑specific compatibility declarations from compat_linux.h after the generic UID16 implementation was adopted, and tidies up the header file.",0,0,4,0,,,,,,,,,54.507,,,,,,
fd0fcdf33d,ollama_gpt-oss_120b,3,"The patch removes the unused, deprecated <linux/of_gpio.h> include from Mediatek DRM drivers, cleaning up the source as the header is no longer needed.",0,0,4,0,,,,,,,,,53.114,,,,,,
fd3040b939,ollama_gpt-oss_120b,4,"The commit introduces a new Ethernet driver for the Sunplus SP7021 SoC, adding source files and registration code to support this hardware.",0,0,0,4,,,,,,,,,50.487,,,,,,
fd3d91ab1c,ollama_gpt-oss_120b,4,The patch eliminates a use‑after‑free bug in dvb‑core caused by refcount races during device release by checking the dmxdev->exit flag in dvb_demux_open and protecting the exit flag and sync with dmxdev->mutex.,4,0,0,0,,,,,,,,,47.279,,,,,,
fd8b330ce1,ollama_gpt-oss_120b,3,"The patch deletes an accidental duplicate definition of tcp_wmem_schedule in the TCP subsystem, resolving a compilation conflict.",4,0,0,0,,,,,,,,,50.634,,,,,,
fe23b6bbea,ollama_gpt-oss_120b,3,"The patch adds a check for the return value of alloc_workqueue() in nintendo_hid_probe() and introduces error handling when allocation fails, fixing a missing failure check.",4,0,0,0,,,,,,,,,50.048,,,,,,
fea62d370d,ollama_gpt-oss_120b,3,"Adds a helper to reset architecture‑specific per‑rmid private storage and invokes it when a new rmid is first allocated, ensuring stale hidden state does not persist across rmid reuse or filesystem mounts.",4,0,0,0,,,,,,,,,49.824,,,,,,
ffc58bc4af,ollama_gpt-oss_120b,4,"The commit replaces explicit struct list_head initialization with the LIST_HEAD() macro in the hv utils driver, simplifying the code without altering behavior.",0,0,4,0,,,,,,,,,52.124,,,,,,
