LLM,Winning_Rate,Avg_Advantage_Prob,Can_Replace,rho_f_vs_A,p_value_vs_A,rejected_vs_A,rho_f_vs_B,p_value_vs_B,rejected_vs_B,rho_f_vs_C,p_value_vs_C,rejected_vs_C
deepseek-r1 14b,0.0,0.82,False,0.82,0.9833105968745851,False,0.82,0.9584005165353079,False,0.82,0.9950254237288008,False
mistral 7b,0.0,0.86,False,0.86,0.9837761106916258,False,0.86,0.8954396091474046,False,0.86,0.9837761106916258,False
gemma3 12b,0.0,0.88,False,0.88,0.9710171942318011,False,0.88,0.7337408490887086,False,0.88,0.8388882970246623,False
qwen3-coder 30b,0.0,0.88,False,0.88,0.9710171942318011,False,0.88,0.7337408490887086,False,0.88,0.8388882970246623,False
gpt-oss 20b,0.0,0.9,False,0.9,0.8695102095128958,False,0.9,0.7574712843622866,False,0.9,0.948499981294374,False
codellama 13b,0.0,0.84,False,0.84,0.9334697880079156,False,0.84,0.9334697880079156,False,0.84,0.9334697880079156,False
llama3.1 8b,0.0,0.92,False,0.92,0.9088241943801477,False,0.92,0.790132767999315,False,0.92,0.9088241943801477,False
