LLM,Winning_Rate,Avg_Advantage_Prob,Can_Replace,rho_f_vs_A,p_value_vs_A,rejected_vs_A,rho_f_vs_B,p_value_vs_B,rejected_vs_B,rho_f_vs_C,p_value_vs_C,rejected_vs_C
deepseek-r1 14b,0.0,0.82,False,0.82,0.9825957605940664,False,0.82,0.9583677416682248,False,0.82,0.9942939818069991,False
mistral 7b,0.0,0.86,False,0.86,0.9830525732376554,False,0.86,0.8970483946339658,False,0.86,0.9830525732376554,False
gemma3 12b,0.0,0.88,False,0.88,0.9706091393223206,False,0.88,0.736455371567231,False,0.88,0.8413447460685429,False
qwen3-coder 30b,0.0,0.88,False,0.88,0.9706091393223206,False,0.88,0.736455371567231,False,0.88,0.8413447460685429,False
gpt-oss 20b,0.0,0.9,False,0.9,0.8715803710210717,False,0.9,0.7602499389065234,False,0.9,0.9487647825701253,False
codellama 13b,0.0,0.84,False,0.84,0.9341659919885928,False,0.84,0.9341659919885928,False,0.84,0.9341659919885928,False
llama3.1 8b,0.0,0.92,False,0.92,0.9101437525605001,False,0.92,0.7928919108787373,False,0.92,0.9101437525605001,False
gpt-oss 20b r2,0.0,0.88,False,0.88,0.9706091393223206,False,0.88,0.9213503964748575,False,0.88,0.9213503964748575,False
gpt-oss 120b r2,0.0,0.92,False,0.92,0.9101437525605001,False,0.92,0.6472715069443633,False,0.92,0.9101437525605001,False
