LLM,Winning_Rate,Avg_Advantage_Prob,Can_Replace,rho_f_vs_A,p_value_vs_A,rejected_vs_A,rho_f_vs_B,p_value_vs_B,rejected_vs_B,rho_f_vs_C,p_value_vs_C,rejected_vs_C
deepseek-r1 14b,0.0,0.66,False,0.66,0.11258103588342017,False,0.68,0.030147770598263963,False,0.64,0.15864239748468026,False
mistral 7b,0.0,0.5333333333333333,False,0.54,0.42628805750316345,False,0.54,0.42628805750316345,False,0.52,0.6524460291476798,False
gemma3 12b,0.0,0.46,False,0.46,0.5,False,0.46,0.5,False,0.46,0.5681781184639068,False
qwen3-coder 30b,0.0,0.5733333333333334,False,0.58,0.28554624729997413,False,0.56,0.19292140293304516,False,0.58,0.28554624729997413,False
gpt-oss 20b,0.0,0.5866666666666666,False,0.6,0.2781038124189321,False,0.58,0.18528904388942669,False,0.58,0.3486876844622081,False
codellama 13b,0.0,0.48666666666666664,False,0.5,0.6470176828467409,False,0.48,0.8413576025153199,False,0.48,0.7803957683479772,False
llama3.1 8b,0.0,0.4666666666666666,False,0.48,0.31405654343556205,False,0.46,0.5681781184639068,False,0.46,0.5681781184639068,False
