LLM,Winning_Rate,Avg_Advantage_Prob,Can_Replace,rho_f_vs_A,p_value_vs_A,rejected_vs_A,rho_f_vs_B,p_value_vs_B,rejected_vs_B,rho_f_vs_C,p_value_vs_C,rejected_vs_C
deepseek-r1 14b,0.0,0.66,False,0.66,0.9642797885728073,False,0.68,0.8294950743712655,False,0.64,0.9756047191343604,False
mistral 7b,0.0,0.5333333333333333,False,0.54,0.9940942496572713,False,0.54,0.9940942496572713,False,0.52,0.999221652929143,False
gemma3 12b,0.0,0.46,False,0.46,0.9926294689793116,False,0.46,0.9926294689793116,False,0.46,0.9959703335951143,False
qwen3-coder 30b,0.0,0.5733333333333334,False,0.58,0.9865373247837912,False,0.56,0.9568107718102187,False,0.58,0.9865373247837912,False
gpt-oss 20b,0.0,0.5866666666666666,False,0.6,0.9891205918734514,False,0.58,0.9615789268261202,False,0.58,0.9928923285583474,False
codellama 13b,0.0,0.48666666666666664,False,0.5,0.9988795746306856,False,0.48,0.9999064684059433,False,0.48,0.9997308728995314,False
llama3.1 8b,0.0,0.4666666666666666,False,0.48,0.9715329538503389,False,0.46,0.9959703335951143,False,0.46,0.9959703335951143,False
