LLM,Winning_Rate,Avg_Advantage_Prob,Can_Replace,rho_f_vs_A,p_value_vs_A,rejected_vs_A,rho_f_vs_B,p_value_vs_B,rejected_vs_B,rho_f_vs_C,p_value_vs_C,rejected_vs_C
deepseek-r1 14b,0.0,0.66,False,0.66,0.2787869541310595,False,0.68,0.09488900314215015,False,0.64,0.36702666042128085,False
mistral 7b,0.0,0.5333333333333333,False,0.54,0.6971577474493562,False,0.54,0.6971577474493562,False,0.52,0.8785847668012348,False
gemma3 12b,0.0,0.46,False,0.46,0.6444000675756935,False,0.46,0.6444000675756935,False,0.46,0.7378794714891258,False
qwen3-coder 30b,0.0,0.5733333333333334,False,0.58,0.5527647906762283,False,0.56,0.3749180554955216,False,0.58,0.5527647906762283,False
gpt-oss 20b,0.0,0.5866666666666666,False,0.6,0.5489340121993099,False,0.58,0.3898928687740559,False,0.58,0.6328270315068306,False
codellama 13b,0.0,0.48666666666666664,False,0.5,0.8662486482919731,False,0.48,0.9635609556785203,False,0.48,0.9376600701424709,False
llama3.1 8b,0.0,0.4666666666666666,False,0.48,0.3969448839662676,False,0.46,0.7378794714891258,False,0.46,0.7378794714891258,False
