LLM,Winning_Rate,Avg_Advantage_Prob,Can_Replace,rho_f_vs_A,p_value_vs_A,rejected_vs_A,rho_f_vs_B,p_value_vs_B,rejected_vs_B,rho_f_vs_C,p_value_vs_C,rejected_vs_C
deepseek-r1 14b,0.0,0.6266666666666666,False,0.62,0.9996766254387117,False,0.64,0.9750698981215465,False,0.62,0.9991191490392831,False
mistral 7b,0.0,0.38000000000000006,False,0.38,0.9999505580091269,False,0.38,0.998985884425774,False,0.38,0.9999505580091269,False
gemma3 12b,0.0,0.44,False,0.44,0.9999193417898457,False,0.44,0.9991066758633156,False,0.44,0.9999193417898457,False
qwen3-coder 30b,0.0,0.54,False,0.54,0.9982564975539293,False,0.54,0.9802041183816548,False,0.54,0.9982564975539293,False
gpt-oss 20b,0.0,0.8466666666666667,False,0.84,0.8758934605050381,False,0.86,0.7181485691746134,False,0.84,0.9341659919885928,False
codellama 13b,0.0,0.46,False,0.46,0.9998717248084721,False,0.46,0.9999496890389402,False,0.46,0.9999819344372501,False
llama3.1 8b,0.0,0.34,False,0.34,0.9999923199554135,False,0.34,0.999773802869851,False,0.34,0.9999923199554135,False
gpt-oss 20b r2,0.0,0.68,False,0.68,0.9985700308957679,False,0.68,0.9963548209542322,False,0.68,0.999862636618096,False
gpt-oss 120b r2,0.0,0.8000000000000002,False,0.8,0.9016471987705266,False,0.8,0.5,False,0.8,0.9455952849797271,False
