LLM,Winning_Rate,Avg_Advantage_Prob,Can_Replace,rho_f_vs_A,p_value_vs_A,rejected_vs_A,rho_f_vs_B,p_value_vs_B,rejected_vs_B,rho_f_vs_C,p_value_vs_C,rejected_vs_C
deepseek-r1 14b,1.0,0.96,True,0.96,2.6280883892224335e-09,True,0.96,3.0347378599068046e-09,True,0.96,2.236140522518174e-09,True
mistral 7b,1.0,0.82,True,0.82,0.00819462788227433,True,0.82,0.0052304815332634355,True,0.82,0.00819462788227433,True
gemma3 12b,1.0,0.9066666666666667,True,0.9,9.425503519570777e-06,True,0.92,8.687773050428767e-07,True,0.9,1.0528894477334464e-05,True
qwen3-coder 30b,1.0,0.9,True,0.9,8.388083776788114e-06,True,0.9,8.388083776788114e-06,True,0.9,9.425503519570777e-06,True
gpt-oss 20b,1.0,0.9,True,0.9,8.388083776788114e-06,True,0.9,9.425503519570777e-06,True,0.9,1.0528894477334464e-05,True
codellama 13b,1.0,0.84,True,0.84,0.0022681659514397472,True,0.84,0.0022681659514397472,True,0.84,0.0027914291693196896,True
llama3.1 8b,1.0,0.98,True,0.98,7.262094618347097e-11,True,0.98,9.563998502675296e-11,True,0.98,5.3772297907487035e-11,True
