LLM,Winning_Rate,Avg_Advantage_Prob,Can_Replace,rho_f_vs_A,p_value_vs_A,rejected_vs_A,rho_f_vs_B,p_value_vs_B,rejected_vs_B,rho_f_vs_C,p_value_vs_C,rejected_vs_C
deepseek-r1 14b,0.0,0.6266666666666666,False,0.62,0.5947003534954552,False,0.64,0.15864239748468026,False,0.62,0.5,False
mistral 7b,0.0,0.38000000000000006,False,0.38,0.955163181378593,False,0.38,0.7999604038389154,False,0.38,0.955163181378593,False
gemma3 12b,0.0,0.44,False,0.44,0.9168605703588302,False,0.44,0.7642390644044714,False,0.44,0.9168605703588302,False
qwen3-coder 30b,0.0,0.54,False,0.54,0.5782494874784052,False,0.54,0.2984374598499006,False,0.54,0.5782494874784052,False
gpt-oss 20b,1.0,0.8466666666666667,True,0.84,0.0012542678759174882,True,0.86,0.0002506876939594677,True,0.84,0.0018173519251694684,True
codellama 13b,0.0,0.46,False,0.46,0.8835610003533868,False,0.46,0.925587030815981,False,0.46,0.95703429273289,False
llama3.1 8b,0.0,0.34,False,0.34,0.989976461218454,False,0.34,0.9147302692183101,False,0.34,0.989976461218454,False
