LLM,Winning_Rate,Avg_Advantage_Prob,Can_Replace,rho_f_vs_A,p_value_vs_A,rejected_vs_A,rho_f_vs_B,p_value_vs_B,rejected_vs_B,rho_f_vs_C,p_value_vs_C,rejected_vs_C
deepseek-r1 14b,0.0,0.6266666666666666,False,0.62,0.9998314300291783,False,0.64,0.9756047191343604,False,0.62,0.9994228574043019,False
mistral 7b,0.0,0.38000000000000006,False,0.38,0.9999858176772306,False,0.38,0.9993169083035828,False,0.38,0.9999858176772306,False
gemma3 12b,0.0,0.44,False,0.44,0.9999723331791085,False,0.44,0.9994130388785052,False,0.44,0.9999723331791085,False
qwen3-coder 30b,0.0,0.54,False,0.54,0.9987064125252465,False,0.54,0.9808683696008756,False,0.54,0.9987064125252465,False
gpt-oss 20b,0.0,0.8466666666666667,False,0.84,0.8738923179213529,False,0.86,0.7155227656869749,False,0.84,0.9334697880079156,False
codellama 13b,0.0,0.46,False,0.46,0.9999486779784892,False,0.46,0.9999854718937109,False,0.46,0.9999966124932544,False
llama3.1 8b,0.0,0.34,False,0.34,0.9999990610289916,False,0.34,0.9998928663713996,False,0.34,0.9999990610289916,False
