LLM,Winning_Rate,Avg_Advantage_Prob,Can_Replace,rho_f_vs_A,p_value_vs_A,rejected_vs_A,rho_f_vs_B,p_value_vs_B,rejected_vs_B,rho_f_vs_C,p_value_vs_C,rejected_vs_C
deepseek-r1 14b,0.0,0.6266666666666666,False,0.62,0.9770345305892134,False,0.64,0.6921519209398828,False,0.62,0.9546927740685388,False
mistral 7b,0.0,0.38000000000000006,False,0.38,0.998701824478988,False,0.38,0.9805491742882212,False,0.38,0.998701824478988,False
gemma3 12b,0.0,0.44,False,0.44,0.997293979607138,False,0.44,0.9789043925919031,False,0.44,0.997293979607138,False
qwen3-coder 30b,0.0,0.54,False,0.54,0.9510166202744853,False,0.54,0.7857994393595481,False,0.54,0.9510166202744853,False
gpt-oss 20b,0.0,0.8466666666666667,False,0.84,0.1578250287165433,False,0.86,0.06061275937983858,False,0.84,0.224335406573071,False
codellama 13b,0.0,0.46,False,0.46,0.9954701546625409,False,0.46,0.9980958239528591,False,0.46,0.9993171177596815,False
llama3.1 8b,0.0,0.34,False,0.34,0.9998564554386635,False,0.34,0.9951904186403807,False,0.34,0.9998564554386635,False
