LLM,Winning_Rate,Avg_Advantage_Prob,Can_Replace,rho_f_vs_A,p_value_vs_A,rejected_vs_A,rho_f_vs_B,p_value_vs_B,rejected_vs_B,rho_f_vs_C,p_value_vs_C,rejected_vs_C
deepseek-r1 14b,0.0,0.66,False,0.66,0.6199662746150085,False,0.68,0.3164126975537246,False,0.64,0.6921519209398828,False
mistral 7b,0.0,0.5333333333333333,False,0.54,0.8847744225038568,False,0.54,0.8847744225038568,False,0.52,0.9664574767443368,False
gemma3 12b,0.0,0.46,False,0.46,0.8939040939059237,False,0.46,0.8939040939059237,False,0.46,0.9256795293657147,False
qwen3-coder 30b,0.0,0.5733333333333334,False,0.58,0.801759586200759,False,0.56,0.6681644356641917,False,0.58,0.801759586200759,False
gpt-oss 20b,0.0,0.5866666666666666,False,0.6,0.8107797870270976,False,0.58,0.6733138615569393,False,0.58,0.8563324502391916,False
codellama 13b,0.0,0.48666666666666664,False,0.5,0.9611962185770321,False,0.48,0.9925887144687627,False,0.48,0.985245288949455,False
llama3.1 8b,0.0,0.4666666666666666,False,0.48,0.7659228669165233,False,0.46,0.9256795293657147,False,0.46,0.9256795293657147,False
