LLM,Winning_Rate,Avg_Advantage_Prob,Can_Replace,rho_f_vs_A,p_value_vs_A,rejected_vs_A,rho_f_vs_B,p_value_vs_B,rejected_vs_B,rho_f_vs_C,p_value_vs_C,rejected_vs_C
deepseek-r1 14b,1.0,0.96,True,0.96,0.0002506876939594672,True,0.96,0.0002627051326297795,True,0.96,0.00013350182584170398,True
mistral 7b,0.0,0.82,False,0.82,0.5662137774615208,False,0.82,0.33017033032917076,False,0.82,0.5662137774615208,False
gemma3 12b,0.0,0.9066666666666667,False,0.9,0.04718675476734724,False,0.92,0.009276488489354657,False,0.9,0.07618754322968437,False
qwen3-coder 30b,0.0,0.9,False,0.9,0.029405732142790873,False,0.9,0.02940573214279089,False,0.9,0.04718675476734724,False
gpt-oss 20b,0.0,0.9,False,0.9,0.029405732142790873,False,0.9,0.04718675476734727,False,0.9,0.07618754322968437,False
codellama 13b,0.0,0.84,False,0.84,0.43098570062715635,False,0.84,0.43098570062715635,False,0.84,0.5753194788150583,False
llama3.1 8b,1.0,0.98,True,0.98,1.632340976469065e-06,True,0.98,5.941907542111769e-06,True,0.98,1.974738145146611e-08,True
