LLM,Winning_Rate,Avg_Advantage_Prob,Can_Replace,rho_f_vs_A,p_value_vs_A,rejected_vs_A,rho_f_vs_B,p_value_vs_B,rejected_vs_B,rho_f_vs_C,p_value_vs_C,rejected_vs_C
gpt-oss 20b,0.0,0.48666666666666664,False,0.52,0.9961705385074334,False,0.48,0.998456915653991,False,0.46,0.9999486779784892,False
qwen3-coder 30b,0.0,0.43999999999999995,False,0.48,0.9820021965430608,False,0.44,0.9853738372558457,False,0.4,0.9999205720936529,False
deepseek-r1 14b,0.0,0.4066666666666667,False,0.42,0.9998608148755437,False,0.44,0.9912197080481615,False,0.36,0.9999980729363174,False
gemma3 12b,0.0,0.32,False,0.32,0.9972882079838776,False,0.34,0.9977752033570969,False,0.3,0.9995259571153038,False
llama3.1 8b,0.0,0.28,False,0.32,0.9985300921364153,False,0.28,0.9997038994381776,False,0.24,0.9999825967307434,False
mistral 7b,0.0,0.26666666666666666,False,0.26,0.9999691582857789,False,0.3,0.9995259571153038,False,0.24,0.9999940833894365,False
codellama 13b,0.0,0.22,False,0.26,0.9999997820368439,False,0.24,0.9999999976086746,False,0.16,0.999999999997847,False
