LLM,Winning_Rate,Avg_Advantage_Prob,Can_Replace,rho_f_vs_A,p_value_vs_A,rejected_vs_A,rho_f_vs_B,p_value_vs_B,rejected_vs_B,rho_f_vs_C,p_value_vs_C,rejected_vs_C
deepseek-r1 14b,0.0,0.96,False,0.96,0.7155227656869749,False,0.96,0.5,False,0.96,0.9203069740126918,False
mistral 7b,0.0,0.82,False,0.82,0.9950254237288008,False,0.82,0.9584005165353079,False,0.82,0.9950254237288008,False
gemma3 12b,0.0,0.9066666666666667,False,0.9,0.8695102095128958,False,0.92,0.6452502996818006,False,0.9,0.948499981294374,False
qwen3-coder 30b,0.0,0.9,False,0.9,0.7574712843622866,False,0.9,0.7574712843622866,False,0.9,0.8695102095128958,False
gpt-oss 20b,0.0,0.9,False,0.9,0.7574712843622866,False,0.9,0.8695102095128958,False,0.9,0.948499981294374,False
codellama 13b,0.0,0.84,False,0.84,0.9909798380539802,False,0.84,0.9909798380539802,False,0.84,0.9981826480748306,False
llama3.1 8b,0.0,0.98,False,0.98,0.5,False,0.98,0.28447723431302513,False,0.98,0.8388882970246622,False
