LLM,Winning_Rate,Avg_Advantage_Prob,Can_Replace,rho_f_vs_A,p_value_vs_A,rejected_vs_A,rho_f_vs_B,p_value_vs_B,rejected_vs_B,rho_f_vs_C,p_value_vs_C,rejected_vs_C
deepseek-r1 14b,1.0,0.82,True,0.82,0.00787056256840987,True,0.82,0.005364667135461016,True,0.82,0.011514479924044795,True
mistral 7b,1.0,0.86,True,0.86,0.00089815688669833,True,0.86,0.0005006636919721178,True,0.86,0.00089815688669833,True
gemma3 12b,1.0,0.88,True,0.88,0.0001545449815450652,True,0.88,8.109750925406038e-05,True,0.88,0.00010674024457271261,True
qwen3-coder 30b,1.0,0.88,True,0.88,0.0001545449815450652,True,0.88,8.109750925406038e-05,True,0.88,0.00010674024457271261,True
gpt-oss 20b,1.0,0.9,True,0.9,1.7815464217922266e-05,True,0.9,1.643991216450646e-05,True,0.9,1.6650679309380043e-05,True
codellama 13b,1.0,0.84,True,0.84,0.0018173519251694684,True,0.84,0.0018173519251694684,True,0.84,0.0018173519251694684,True
llama3.1 8b,1.0,0.92,True,0.92,9.321830022310527e-07,True,0.92,1.4242270198724987e-06,True,0.92,9.321830022310527e-07,True
