LLM,Winning_Rate,Avg_Advantage_Prob,Can_Replace,rho_f_vs_A,p_value_vs_A,rejected_vs_A,rho_f_vs_B,p_value_vs_B,rejected_vs_B,rho_f_vs_C,p_value_vs_C,rejected_vs_C
deepseek-r1 14b,0.0,0.66,False,0.66,0.9640696808870742,False,0.68,0.8320380934241322,False,0.64,0.9750698981215465,False
mistral 7b,0.0,0.5333333333333333,False,0.54,0.9933358356095913,False,0.54,0.9933358356095913,False,0.52,0.9988682650939824,False
gemma3 12b,0.0,0.46,False,0.46,0.9918454140611225,False,0.46,0.9918454140611225,False,0.46,0.9952779171560837,False
qwen3-coder 30b,0.0,0.5733333333333334,False,0.58,0.9857701315418447,False,0.56,0.9568260895081687,False,0.58,0.9857701315418447,False
gpt-oss 20b,0.0,0.5866666666666666,False,0.6,0.9883288989935546,False,0.58,0.9614500641282292,False,0.58,0.9921116218055359,False
codellama 13b,0.0,0.48666666666666664,False,0.5,0.998458406954546,False,0.48,0.9997965239912775,False,0.48,0.9995292952070333,False
llama3.1 8b,0.0,0.4666666666666666,False,0.48,0.9711102144382013,False,0.46,0.9952779171560837,False,0.46,0.9952779171560837,False
gpt-oss 20b r2,0.0,0.7066666666666667,False,0.72,0.9631808649398487,False,0.7,0.8896643190400766,False,0.7,0.9873263406612659,False
gpt-oss 120b r2,0.0,0.7600000000000001,False,0.76,0.8144533152386513,False,0.76,0.5825863354073804,False,0.76,0.8743254455948887,False
