LLM,Winning_Rate,Avg_Advantage_Prob,Can_Replace,rho_f_vs_A,p_value_vs_A,rejected_vs_A,rho_f_vs_B,p_value_vs_B,rejected_vs_B,rho_f_vs_C,p_value_vs_C,rejected_vs_C
deepseek-r1 14b,1.0,0.82,True,0.82,0.006565383255856675,True,0.82,0.0052304815332634355,True,0.82,0.00819462788227433,True
mistral 7b,1.0,0.86,True,0.86,0.0004963197310591506,True,0.86,0.0003367865096620012,True,0.86,0.0004963197310591506,True
gemma3 12b,1.0,0.88,True,0.88,8.359978733383787e-05,True,0.88,5.122355170364783e-05,True,0.88,6.059933974574855e-05,True
qwen3-coder 30b,1.0,0.88,True,0.88,8.359978733383787e-05,True,0.88,5.122355170364783e-05,True,0.88,6.059933974574855e-05,True
gpt-oss 20b,1.0,0.9,True,0.9,9.425503519570777e-06,True,0.9,8.388083776788114e-06,True,0.9,1.0528894477334464e-05,True
codellama 13b,1.0,0.84,True,0.84,0.0014768498598826515,True,0.84,0.0014768498598826515,True,0.84,0.0014768498598826515,True
llama3.1 8b,1.0,0.92,True,0.92,9.60408771599297e-07,True,0.92,9.171545809457033e-07,True,0.92,9.60408771599297e-07,True
