LLM,Winning_Rate,Avg_Advantage_Prob,Can_Replace,rho_f_vs_A,p_value_vs_A,rejected_vs_A,rho_f_vs_B,p_value_vs_B,rejected_vs_B,rho_f_vs_C,p_value_vs_C,rejected_vs_C
gpt-oss 20b,0.0,0.48666666666666664,False,0.52,0.756082646908287,False,0.48,0.8463197893038462,False,0.46,0.9758010120308929,False
qwen3-coder 30b,0.0,0.43999999999999995,False,0.48,0.4980338563860729,False,0.44,0.4704116416428611,False,0.4,0.9688084189363512,False
deepseek-r1 14b,0.0,0.4066666666666667,False,0.42,0.9582335629455305,False,0.44,0.58037037960637,False,0.36,0.9969628968028934,False
gemma3 12b,0.0,0.32,False,0.32,0.4658625204000469,False,0.34,0.5893365117114009,False,0.3,0.736165043007347,False
llama3.1 8b,0.0,0.28,False,0.32,0.601354429171885,False,0.28,0.743575940311384,False,0.24,0.9260644774777337,False
mistral 7b,0.0,0.26666666666666666,False,0.26,0.922216099221287,False,0.3,0.736165043007347,False,0.24,0.9667518392179465,False
codellama 13b,0.0,0.22,False,0.26,0.9982740860997728,False,0.24,0.9999200767535926,False,0.16,0.9999969509885385,False
