LLM,Winning_Rate,Avg_Advantage_Prob,Can_Replace,rho_f_vs_A,p_value_vs_A,rejected_vs_A,rho_f_vs_B,p_value_vs_B,rejected_vs_B,rho_f_vs_C,p_value_vs_C,rejected_vs_C
gpt-oss 120b r2,0.0,0.6466666666666666,False,0.66,0.9110341373658727,False,0.66,0.704993056418327,False,0.62,0.9953388119762813,False
gpt-oss 20b,0.0,0.48666666666666664,False,0.52,0.9954882805909598,False,0.48,0.9979704018172225,False,0.46,0.9998717248084721,False
gpt-oss 20b r2,0.0,0.48,False,0.52,0.9994924995264435,False,0.5,0.9969650138189884,False,0.42,0.9999993806451507,False
qwen3-coder 30b,0.0,0.43999999999999995,False,0.48,0.9813135058296742,False,0.44,0.9846232193703628,False,0.4,0.9998207387356234,False
deepseek-r1 14b,0.0,0.4066666666666667,False,0.42,0.9997221664085999,False,0.44,0.9904252142496169,False,0.36,0.9999876627713528,False
gemma3 12b,0.0,0.32,False,0.32,0.9966790572617867,False,0.34,0.9972095079315804,False,0.3,0.9992519178551272,False
llama3.1 8b,0.0,0.28,False,0.32,0.9980537914386107,False,0.28,0.9994913793248357,False,0.24,0.9999426399394767,False
mistral 7b,0.0,0.26666666666666666,False,0.26,0.9999125567037289,False,0.3,0.9992519178551272,False,0.24,0.9999734393592029,False
codellama 13b,0.0,0.22,False,0.26,0.9999969467821205,False,0.24,0.9999997578780991,False,0.16,0.9999999894538278,False
