LLM,Winning_Rate,Avg_Advantage_Prob,Can_Replace,rho_f_vs_A,p_value_vs_A,rejected_vs_A,rho_f_vs_B,p_value_vs_B,rejected_vs_B,rho_f_vs_C,p_value_vs_C,rejected_vs_C
gpt-oss 20b,0.0,0.48666666666666664,False,0.52,0.9147087111498426,False,0.48,0.9559127805218832,False,0.46,0.9954701546625409,False
qwen3-coder 30b,0.0,0.43999999999999995,False,0.48,0.8169563069895458,False,0.44,0.8489079516565181,False,0.4,0.9952211600056956,False
deepseek-r1 14b,0.0,0.4066666666666667,False,0.42,0.992431500557195,False,0.44,0.8875166919945501,False,0.36,0.9997284192626837,False
gemma3 12b,0.0,0.32,False,0.32,0.9577843984429937,False,0.34,0.9613898204094005,False,0.3,0.9876909300765391,False
llama3.1 8b,0.0,0.28,False,0.32,0.9719446057505258,False,0.28,0.9915952937436784,False,0.24,0.999070641664024,False
mistral 7b,0.0,0.26666666666666666,False,0.26,0.9984810871888045,False,0.3,0.9876909300765391,False,0.24,0.9995940614988079,False
codellama 13b,0.0,0.22,False,0.26,0.9999675916455214,False,0.24,0.9999992678543059,False,0.16,0.9999999988498177,False
