LLM,Winning_Rate,Avg_Advantage_Prob,Can_Replace,rho_f_vs_A,p_value_vs_A,rejected_vs_A,rho_f_vs_B,p_value_vs_B,rejected_vs_B,rho_f_vs_C,p_value_vs_C,rejected_vs_C
deepseek-r1 14b,0.0,0.82,False,0.82,0.4381925345331022,False,0.82,0.33017033032917076,False,0.82,0.5662137774615208,False
mistral 7b,0.0,0.86,False,0.86,0.2922899869081857,False,0.86,0.13543416727947816,False,0.86,0.2922899869081857,False
gemma3 12b,0.0,0.88,False,0.88,0.16822630341665284,False,0.88,0.0450798198421713,False,0.88,0.07001530931581777,False
qwen3-coder 30b,0.0,0.88,False,0.88,0.16822630341665284,False,0.88,0.0450798198421713,False,0.88,0.07001530931581777,False
gpt-oss 20b,0.0,0.9,False,0.9,0.04718675476734724,False,0.9,0.029405732142790873,False,0.9,0.07618754322968437,False
codellama 13b,0.0,0.84,False,0.84,0.224335406573071,False,0.84,0.224335406573071,False,0.84,0.224335406573071,False
llama3.1 8b,1.0,0.92,True,0.92,0.02394985425466325,True,0.92,0.014907621116082827,True,0.92,0.02394985425466325,True
