LLM,Winning_Rate,Avg_Advantage_Prob,Can_Replace,rho_f_vs_A,p_value_vs_A,rejected_vs_A,rho_f_vs_B,p_value_vs_B,rejected_vs_B,rho_f_vs_C,p_value_vs_C,rejected_vs_C
deepseek-r1 14b,1.0,0.96,True,0.96,8.642037193165048e-11,True,0.96,7.313558095322407e-10,True,0.96,1.1032718636437526e-12,True
mistral 7b,1.0,0.82,True,0.82,0.011514479924044795,True,0.82,0.005364667135461015,True,0.82,0.011514479924044795,True
gemma3 12b,1.0,0.9066666666666667,True,0.9,1.7815464217922266e-05,True,0.92,1.6561923727819052e-06,True,0.9,1.6650679309380043e-05,True
qwen3-coder 30b,1.0,0.9,True,0.9,1.643991216450646e-05,True,0.9,1.643991216450646e-05,True,0.9,1.7815464217922266e-05,True
gpt-oss 20b,1.0,0.9,True,0.9,1.643991216450646e-05,True,0.9,1.7815464217922266e-05,True,0.9,1.6650679309380043e-05,True
codellama 13b,1.0,0.84,True,0.84,0.003679919059833819,True,0.84,0.003679919059833819,True,0.84,0.00508883100404278,True
llama3.1 8b,1.0,0.98,True,0.98,1.943549192941096e-14,True,0.98,1.6173036808866865e-12,True,0.98,4.733493310396251e-19,True
