LLM,Winning_Rate,Avg_Advantage_Prob,Can_Replace,rho_f_vs_A,p_value_vs_A,rejected_vs_A,rho_f_vs_B,p_value_vs_B,rejected_vs_B,rho_f_vs_C,p_value_vs_C,rejected_vs_C
gpt-oss 20b,0.0,0.48666666666666664,False,0.52,0.5,False,0.48,0.6421303078854719,False,0.46,0.8835610003533868,False
qwen3-coder 30b,0.0,0.43999999999999995,False,0.48,0.3707506978777987,False,0.44,0.4366040048411403,False,0.4,0.9005252542120118,False
deepseek-r1 14b,0.0,0.4066666666666667,False,0.42,0.8656823541947593,False,0.44,0.5,False,0.36,0.9837573341762214,False
gemma3 12b,0.0,0.32,False,0.32,0.7285186694485387,False,0.34,0.7334840691721798,False,0.3,0.8657936612051363,False
llama3.1 8b,0.0,0.28,False,0.32,0.7811929543568299,False,0.28,0.8963098661555052,False,0.24,0.9758241505341555,False
mistral 7b,0.0,0.26666666666666666,False,0.26,0.9651532335240192,False,0.3,0.8657936612051363,False,0.24,0.985972581071856,False
codellama 13b,0.0,0.22,False,0.26,0.9973047405655447,False,0.24,0.9998381762856107,False,0.16,0.9999993241980843,False
