LLM,Winning_Rate,Avg_Advantage_Prob,Can_Replace,rho_f_vs_A,p_value_vs_A,rejected_vs_A,rho_f_vs_B,p_value_vs_B,rejected_vs_B,rho_f_vs_C,p_value_vs_C,rejected_vs_C
deepseek-r1 14b,0.0,0.6266666666666666,False,0.62,0.7994051359588383,False,0.64,0.36702666042128085,False,0.62,0.7419106919727245,False
mistral 7b,0.0,0.38000000000000006,False,0.38,0.9891947703443359,False,0.38,0.8556824823761655,False,0.38,0.9891947703443359,False
gemma3 12b,0.0,0.44,False,0.44,0.9840329381473397,False,0.44,0.9050788995802941,False,0.44,0.9840329381473397,False
qwen3-coder 30b,0.0,0.54,False,0.54,0.8340549632486398,False,0.54,0.5254523632224931,False,0.54,0.8340549632486398,False
gpt-oss 20b,1.0,0.8466666666666667,True,0.84,0.0011830059807601985,True,0.86,0.00022438700178233556,True,0.84,0.0014768498598826515,True
codellama 13b,0.0,0.46,False,0.46,0.9758010120308929,False,0.46,0.9875480566514713,False,0.46,0.9940100407110499,False
llama3.1 8b,0.0,0.34,False,0.34,0.997960527320623,False,0.34,0.9392417317122456,False,0.34,0.997960527320623,False
gpt-oss 20b r2,0.0,0.68,False,0.68,0.47809738499720567,False,0.68,0.41522988287990903,False,0.68,0.6050184629723608,False
gpt-oss 120b r2,1.0,0.8000000000000002,True,0.8,0.009469369505884027,True,0.8,0.002499684566161646,True,0.8,0.012075499461506928,True
