LLM,Avg_Krippendorff_Alpha,Std_Krippendorff,Avg_Cohens_Kappa,Std_Cohens,Overall_Score
gpt-oss_20b,0.6232803986299076,0.20669460859901728,0.5329485472050629,0.21181857267093035,0.5781144729174852
qwen3-coder_30b,0.6295628020286607,0.237765149935703,0.4988238464631725,0.25926069413449676,0.5641933242459166
deepseek-r1_14b,0.6259805947809729,0.18598037609444995,0.5013098156524277,0.1980610004904078,0.5636452052167003
gemma3_12b,0.600704394869721,0.2636194399171793,0.4809913740462961,0.29347071907977357,0.5408478844580086
llama3.1_8b,0.5587217406558955,0.2763152482192206,0.3996029417696623,0.3256788464666003,0.4791623412127789
mistral_7b,0.5378896767264334,0.2072087422350252,0.31468224173112375,0.2015231031547597,0.42628595922877854
codellama_13b,0.45941342982954725,0.2229529691937588,0.19192513881313486,0.20875974695845925,0.32566928432134107
