hash,annotator,understand,purpose,bfc,bpc,prc,nfc,specification,asc,obvious,safety,timing,memory,info,safety_exp,time,see_commit_clicked,lore_clicked,lore_founded,is_merge_commit,is_part_patchset,lore_found
002752af7b,ollama_gpt-oss_120b,3,"The patch modifies device‑property fwnode APIs to accept error‑pointer values, removing the need for callers to test IS_ERR before fwnode_handle_put(), thus simplifying error handling and avoiding reference‑count leaks.",0,3,1,1,,,,,,,,,64.654,,,,,,
00aaca3d07,ollama_gpt-oss_120b,4,"Updates the QCOM QMP PHY device tree binding documentation to correct the child node description, changing it from per‑lane to per‑PHY.",0,2,2,0,,,,,,,,,54.141,,,,,,
00fa7f031d,ollama_gpt-oss_120b,3,"The commit introduces basic code structures in the AMD display driver to support Firmware Assisted Memory Switching, laying groundwork for future activation of this capability.",0,0,1,4,,,,,,,,,61.558,,,,,,
016017a195,ollama_gpt-oss_120b,4,"The patch adds an #ifdef around two X86‑specific lines in drm/ttm so they are excluded when building for ARCH=um, enabling successful compilation under user‑mode Linux where PCI is emulated.",4,0,1,0,,,,,,,,,63.515,,,,,,
01c3f0387c,ollama_gpt-oss_120b,3,"The patch adds the const qualifier to pointers of struct qcom_icc_bcm in the SC8280XP interconnect driver, indicating they are never modified, while keeping the struct contents mutable.",0,4,0,0,,,,,,,,,60.874,,,,,,
0209b5830b,ollama_gpt-oss_120b,3,"The patch corrects the handling of 64‑bit arguments in SBI PMU calls when compiled for RV32, ensuring the proper registers are used so that RV32 kernels set correct values.",4,0,0,0,,,,,,,,,57.933,,,,,,
0255571a16,ollama_gpt-oss_120b,3,"The commit replaces direct accesses to the perf CPU map with calls to the perf_cpu_map API, improving reference‑count handling and code consistency.",0,2,3,0,,,,,,,,,60.074,,,,,,
0263256791,ollama_gpt-oss_120b,3,"The patch refactors DMA allocation/free paths to insert a tracepoint that records the actual allocating function, enabling tracing of DMA allocations and detection of misuse such as freeing before unmapping.",0,2,2,4,,,,,,,,,62.474,,,,,,
0285042fed,ollama_gpt-oss_120b,3,"The patch restructures the cs42l42 driver probe and remove functions into three stages to accommodate SoundWire devices, adding an init_done flag to guard against register accesses when initialization failed.",0,2,3,1,,,,,,,,,62.667,,,,,,
029d6586dc,ollama_gpt-oss_120b,4,"Adds a device‑tree node for the Qualcomm SC7280 Data Capture and Compare (DCC) hardware, specifying its register address, enabling kernel support for the DCC block.",0,0,0,4,,,,,,,,,57.84,,,,,,
0301bcd599,ollama_gpt-oss_120b,3,"The patch updates iwlwifi driver code to correctly remove const qualifiers by casting through uintptr_t or de‑constifying variables, and removes unnecessary void* casts for dma_map_single, ensuring compilation on stricter compilers.",2,1,4,0,,,,,,,,,63.994,,,,,,
034921cdea,ollama_gpt-oss_120b,3,"The patch refactors the s390 vfio_ap driver to obtain queue devices via the AP bus's ap_get_qdev() function, using a hashtable keyed by APQN instead of iterating over the device list, yielding a faster lookup.",0,0,4,0,,,,,,,,,56.925,,,,,,
038efb6348,ollama_gpt-oss_120b,4,"Corrects NFSv4.2 CLONE handling for zero‑length clones. With a delegation the client skipped attribute updates, causing the destination inode size to be set to zero. The patch computes the correct size from the server's GETATTR after CLONE.",4,0,0,0,,,,,,,,,62.474,,,,,,
039d5d4db4,ollama_gpt-oss_120b,4,"The commit adds support for retrieving the Signal‑to‑Noise Ratio from the wcn36xx driver by introducing a macro (from the prima driver) and implementing the get_snr() helper, enabling future use in mac80211 survey operations.",0,0,1,4,,,,,,,,,60.911,,,,,,
03a6b195e8,ollama_gpt-oss_120b,3,"The patch updates RAID5 stripe_head code to fully initialize embedded bio structures via bio_init, replacing prior partial init, manual field settings, and bio_reset.",0,2,3,0,,,,,,,,,66.022,,,,,,
03eb65224e,ollama_gpt-oss_120b,3,"The patch removes an unnecessary backslash at the end of a line in the spr_cstates[] array definition of the intel_idle driver, cleaning up the source without altering functionality.",0,0,4,0,,,,,,,,,59.597,,,,,,
03f16cd020,ollama_gpt-oss_120b,4,"Adds CONFIG_OBJTOOL, makes stack validation optional, replaces CONFIG_STACK_VALIDATION usages, and redefines config semantics for objtool.",0,0,4,1,,,,,,,,,54.791,,,,,,
03fdb11da9,ollama_gpt-oss_120b,4,"The patch changes the driver’s variable declarations from generic u32 to the explicit little‑endian __le32 type, correcting assignments and casts that triggered sparse warnings about endianness mismatches.",3,1,0,0,,,,,,,,,56.288,,,,,,
0414441259,ollama_gpt-oss_120b,4,"The commit corrects a misspelled word in the SCSI subsystem documentation, updating the text to the proper spelling without altering any source code.",0,0,0,0,,,,,,,,,56.46,,,,,,
044034efbe,ollama_gpt-oss_120b,4,"The patch updates the i.MX GPPLL fractional‑N clock driver to program the MFD register with 1 instead of 0, complying with the spec that disallows a zero value.",4,0,0,0,,,,,,,,,54.447,,,,,,
046545a661,ollama_gpt-oss_120b,3,"The patch adjusts kill_accessing_process() to return -EHWPOISON when a page is already poisoned, ensuring the kernel does not emit a spurious “Memory error not recovered” message and avoids sending duplicate SIGBUS signals after a race between CMCI and machine‑check handling.",4,1,0,0,,,,,,,,,61.668,,,,,,
04c439b367,ollama_gpt-oss_120b,3,"The commit updates the device-tree binding documentation for the nvmem snvs-lpgpr driver, clarifying that i.MX8M compatible strings include a fallback to the older fsl,imx7d-snvs-lpgpr string.",0,0,2,0,,,,,,,,,57.264,,,,,,
04e0456f77,ollama_gpt-oss_120b,4,"The patch deletes an unnecessary dev_err call after devm_ioremap_resource, since that function already reports errors, preventing duplicate messages.",0,0,4,0,,,,,,,,,63.73,,,,,,
04e551d66d,ollama_gpt-oss_120b,3,"The commit adds handling for multicast router (mrouter) ports in the sparx5 network driver, ensuring they are included in all active multicast groups and that flooding is overridden, enabling proper multicast forwarding to those ports.",0,0,1,4,,,,,,,,,61.301,,,,,,
0519f73adb,ollama_gpt-oss_120b,4,"The patch renames the driver’s internal struct from xilinx_pcie_port to xilinx_pcie to follow the <driver>_pcie naming convention, updating all references accordingly, without altering functionality.",0,0,4,0,,,,,,,,,63.871,,,,,,
0537692bbe,ollama_gpt-oss_120b,3,"The patch removes a verbose debug printk from the Qualcomm QMP combo PHY init function, cleaning up unnecessary logging.",0,0,4,0,,,,,,,,,59.51,,,,,,
0542aac494,ollama_gpt-oss_120b,4,"Updates the device‑tree binding files for GPIO‑controlled IR LEDs, converting the old description to the new DT schema format to align with kernel documentation standards.",0,0,4,0,,,,,,,,,58.286,,,,,,
059ee82b64,ollama_gpt-oss_120b,3,"The patch changes unx_lookup_cred() to allocate memory using the same mempool strategy as rpc_malloc(), aligning its allocation behavior with the rest of SUNRPC.",4,1,1,0,,,,,,,,,66.108,,,,,,
05b90d2404,ollama_gpt-oss_120b,3,The commit updates the arm/qcom dt-bindings documentation to include the CRD and Lenovo Thinkpad X13s as valid compatible strings for the sc8280xp platform.,0,0,2,0,,,,,,,,,58.118,,,,,,
05f333b746,ollama_gpt-oss_120b,3,"Adds a device‑tree node for the ethqos Ethernet controller on the SM8150 SoC, allowing the kernel to recognize and initialize the hardware.",0,0,0,4,,,,,,,,,65.313,,,,,,
069fc464f1,ollama_gpt-oss_120b,3,"The patch replaces the literal 9 with the PAGE_SECTORS_SHIFT macro in block code and removes an unnecessary cast, making the code clearer and relying on the compiler's implicit conversion.",0,0,4,0,,,,,,,,,72.721,,,,,,
0704a8586f,ollama_gpt-oss_120b,4,"Switches the DASD driver’s sysfs implementation to use kobj_type’s default_groups instead of the deprecated default_attrs, aligning with the newer kobject API and preparing for removal of the old field.",0,0,4,0,,,,,,,,,101.325,,,,,,
079c4c0c6c,ollama_gpt-oss_120b,3,"The patch updates the i915 DVO driver to replace a custom read‑modify‑write sequence with the generic intel_de_rmw() helper and switches to intel_de_posting_read() for posting reads, improving register access handling.",0,1,4,0,,,,,,,,,58.845,,,,,,
081e8432ad,ollama_gpt-oss_120b,3,"The commit removes the hisilicon,hi6220-reset device-tree binding because the related controllers are already documented elsewhere, cleaning up redundant binding files.",0,0,3,0,,,,,,,,,62.001,,,,,,
085292c3d7,ollama_gpt-oss_120b,4,"Reverts a prior commit that added pipe1 hardware support because it caused graphics hangs on Navi 21 with GNOME Wayland, restoring the previous state.",4,0,0,0,,,,,,,,,61.806,,,,,,
088c840599,ollama_gpt-oss_120b,3,"The patch introduces a small wrapper struct for the hisi PCI driver to store the __iomem pointer instead of a generic void *, eliminating a sparse static‑analysis warning about address‑space mismatched pointer conversion.",0,1,4,0,,,,,,,,,64.275,,,,,,
08a987a8a0,ollama_gpt-oss_120b,4,"Extends the DRM/amdkfd PROCESS_INFO ioctl to report the number of SVM ranges and their private data size, enabling CRIU to discover these ranges for future checkpoint/restore support.",0,0,1,4,,,,,,,,,57.463,,,,,,
09570c5010,ollama_gpt-oss_120b,3,"The patch introduces an explicit 'submission_initialized' flag in the i915 GuC driver, replacing the previous reliance on the LRC descriptor pool to determine if submission has been set up.",0,4,2,0,,,,,,,,,63.322,,,,,,
0966d38583,ollama_gpt-oss_120b,3,"The commit corrects the calculation of relocation range limits for RISC‑V PC‑relative jumps using auipc+jalr, adjusting signed‑immediate handling so offsets near ±2^31 are accepted correctly.",4,0,0,0,,,,,,,,,59.431,,,,,,
09e7af76db,ollama_gpt-oss_120b,3,"The patch adds a check for the return value of clk_enable() in the davinci_mmc driver and returns an error if the call fails, improving error handling.",3,0,0,0,,,,,,,,,61.629,,,,,,
0a068f4a71,ollama_gpt-oss_120b,4,"Adds missing asterisks to comment block delimiters in tracing/hist code, correcting comment syntax and eliminating clang warnings about malformed comment lines.",0,0,4,0,,,,,,,,,67.098,,,,,,
0a3a4b9d2b,ollama_gpt-oss_120b,3,"The patch enlarges the static name array used by the Exynos MCT driver so it can hold more timer identifiers, allowing correct printing of mct_tick values on CPUs with ≥12 local timers.",4,0,0,0,,,,,,,,,60.026,,,,,,
0a5bfb824a,ollama_gpt-oss_120b,3,"The patch adjusts KVM's handling of the decrementer timer during PowerPC HV migration so that the expiry value is computed relative to the guest timebase, eliminating a hang that occurred after migration.",4,0,0,0,,,,,,,,,62.936,,,,,,
0adc2ab0e8,ollama_gpt-oss_120b,3,"The patch changes F2FS to keep io_flags in the bio structure so that I/O from different fio holders retains identical flags, allowing merges and avoiding unnecessary I/O splitting.",4,0,1,0,,,,,,,,,58.521,,,,,,
0b046e12ae,ollama_gpt-oss_120b,3,"Simplifies compound_range_next() by dropping a redundant order check and using PageHead() instead of PageCompound(), based on the fact that compound pages always have order ≥1 and aren't tail pages.",0,0,4,0,,,,,,,,,61.471,,,,,,
0b465150b3,ollama_gpt-oss_120b,3,"The patch removes the HAL_DEF_IS_SUPPORT_ANT_DIV case from GetHalDefVar8188EUsb() in the r8188eu driver and places that logic in a new helper function, aiming to eliminate the legacy HAL layer.",0,0,4,0,,,,,,,,,55.294,,,,,,
0b55f6bc46,ollama_gpt-oss_120b,3,"The patch corrects the handling of DSC bits_per_pixel in the MSM DPU1 driver. It acknowledges that the register stores a 6.4 fixed‑point value, matching drm_dsc_config, and removes the previous incorrect integer‑only math that tried to extract fractional bits.",4,1,2,0,,,,,,,,,57.981,,,,,,
0b8ff0ba27,ollama_gpt-oss_120b,3,"The commit updates the perf test suite by swapping the record test workload with the thloop program, eliminating the need for a compiler during testing.",0,0,4,0,,,,,,,,,55.581,,,,,,
0b94f2651f,ollama_gpt-oss_120b,3,"Adds a check in hci_cmd_sync_queue to return an error when HCI_UNREGISTER is set, preventing command queuing after device unregistration and avoiding a use‑after‑free.",4,2,0,0,,,,,,,,,74.855,,,,,,
0bd5ab511e,ollama_gpt-oss_120b,4,"Adds a compiler hint (likely()) to ICE_XDP_REDIR in ice_run_xdp_zc and its caller, guiding the optimizer to treat XDP_REDIRECT as the common case, improving branch prediction and generated code.",0,0,4,0,,,,,,,,,61.069,,,,,,
0c51e12e21,ollama_gpt-oss_120b,4,"The patch invalidates unresolved unicast neighbour entries for broadcast addresses when the broadcast route is added, forcing creation of a proper broadcast neighbour and stopping packet drops.",4,2,0,0,,,,,,,,,59.502,,,,,,
0c7833b9e8,ollama_gpt-oss_120b,4,"The patch deletes an unnecessary `asm/termios.h` header inclusion from `n_hdlc.c` because `linux/tty.h` already includes the required `linux/termios.h`, simplifying the include hierarchy.",0,0,4,0,,,,,,,,,67.59,,,,,,
0c9ee5ba75,ollama_gpt-oss_120b,4,"The patch changes brcmstb_reset() to static, removing the -Wmissing-prototypes compiler warning in the sdhci‑brcmstb driver.",0,0,4,0,,,,,,,,,63.227,,,,,,
0c9f178778,ollama_gpt-oss_120b,4,"The commit deletes the guest PASID UAPI interfaces and related definitions from the IOMMU subsystem because they are unused and will be replaced by the new iommufd design, eliminating dead code.",0,1,4,0,,,,,,,,,71.01,,,,,,
0ca18d09c7,ollama_gpt-oss_120b,4,Adds a return‑value check for mmc_add_host() in the moxart MMC driver and frees the allocated host on failure to avoid memory leak and kernel crash.,4,0,0,0,,,,,,,,,55.098,,,,,,
0d8928a94b,ollama_gpt-oss_120b,4,"The patch replaces the 64‑bit modulo operator with the kernel helper div_u64_rem, removing the undefined __umoddi3 symbol that caused i386 compilation failures of the amdgpu driver.",4,1,0,0,,,,,,,,,61.706,,,,,,
0dc33c6583,ollama_gpt-oss_120b,3,"The patch stops copying MACsec encryption keys when setting up a flow, eliminating the need to zero them later, thus reducing key handling.",0,4,1,0,,,,,,,,,56.612,,,,,,
0e3f72931f,ollama_gpt-oss_120b,3,"The patch modifies vhost/vsock's transmit handling to allocate packet buffers with kvmalloc/kvfree instead of kmalloc, fixing allocation failures seen when large files are transferred over vsock.",4,0,0,0,,,,,,,,,63.918,,,,,,
0e597e2aff,ollama_gpt-oss_120b,4,"The patch modifies the dp83822 Ethernet driver to stop enabling the receive‑error interrupt. Because the driver never reads/clears the RCSR register, error bits cause the register to fill and generate a flood of interrupts; disabling the interrupt eliminates the problem.",4,0,0,0,,,,,,,,,64.033,,,,,,
0ebdc51787,ollama_gpt-oss_120b,4,"Adds a new compatible string for the Aries Embedded M100PFSEVP SOM/EVK in the RISC‑V dt‑bindings, documenting support for this hardware platform.",0,0,1,4,,,,,,,,,66.074,,,,,,
0ef882074e,ollama_gpt-oss_120b,4,"Adds runtime DSP path creation and freeing to the Intel AVS ASoC driver, tying it to PCM hw_params and hw_free callbacks, using topology templates to allocate resources dynamically.",0,0,0,4,,,,,,,,,58.684,,,,,,
0f12a22f37,ollama_gpt-oss_120b,3,"The patch adds a mandatory TLB flush after updating page table entries for VG20 GPUs with XGMI bridges, fixing stalls caused by stale cached PTEs in the translation cache.",4,1,0,0,,,,,,,,,62.731,,,,,,
0f60740652,ollama_gpt-oss_120b,4,"Adds support for Allwinner H616 USB PHY by defining a new configuration struct with its specific quirks and registering a new compatible name, enabling the driver to recognize and handle this PHY variant.",0,0,0,4,,,,,,,,,59.47,,,,,,
0f9fa5f58c,ollama_gpt-oss_120b,4,"Adds support for IVO M133NW4J-R3 eDP panel by creating a new panel entry in drm/panel-edp, using existing timing preset due to missing documentation.",0,0,0,4,,,,,,,,,64.182,,,,,,
0fa32dad1e,ollama_gpt-oss_120b,4,"Renames the KVM self‑test binary from evmcs_test to hyperv_evmcs to match Hyper‑V naming conventions, removing the redundant _test suffix.",0,0,4,0,,,,,,,,,60.016,,,,,,
10377bb293,ollama_gpt-oss_120b,3,"The patch adds the static qualifier to the Arizona MFD driver’s I2C and SPI of_match tables, correcting their linkage after the tables were split.",4,1,0,0,,,,,,,,,65.105,,,,,,
1038fd78a1,ollama_gpt-oss_120b,3,"Adds infrastructure for KPP template instances: defines kpp_instance struct, registration function, helper conversions, and documentation, enabling future template-based key‑pair primitives like RFC 7919 groups.",0,0,0,4,,,,,,,,,65.64,,,,,,
10a2199caf,ollama_gpt-oss_120b,3,"The patch reorders the IRQ handler registration for the imx‑rngc driver to occur after the interrupt mask is cleared, preventing a premature completion that caused a kernel crash during boot.",4,0,0,0,,,,,,,,,66.129,,,,,,
10a872375d,ollama_gpt-oss_120b,3,"The commit removes unnecessary supply and clock description entries from the Qualcomm QMP PHY device‑tree binding files, cleaning up documentation that duplicates information inferable from resource names.",0,0,4,0,,,,,,,,,55.338,,,,,,
1140f96cd4,ollama_gpt-oss_120b,3,"Updates dt‑bindings for AD7923/AD7924 ADCs, adding notes that AD7927 works with the AD7928 driver and documenting that AD7923 and AD7924 share the same driver handling.",0,0,3,0,,,,,,,,,55.725,,,,,,
116c3f4a78,ollama_gpt-oss_120b,3,"The commit raises the maximum LED brightness for the Dream Cheeky HID device to 63 by updating a driver constant, based on empirical testing.",4,0,0,0,,,,,,,,,63.622,,,,,,
11c2bf4a20,ollama_gpt-oss_120b,4,"The patch adds handling for invalid size reads in mvebu_pcie_hw_rd_conf(): it returns all‑ones and PCIBIOS_BAD_REGISTER_NUMBER, mirroring the write path, thus correcting erroneous behavior.",4,2,0,0,,,,,,,,,63.987,,,,,,
1280d4b76f,ollama_gpt-oss_120b,3,"The patch removes the custom bit_reverse() implementation in the packing library and replaces its uses with the kernel-provided bitrev8() macro plus a bit‑shift, eliminating duplicated code.",0,0,4,0,,,,,,,,,64.475,,,,,,
1299a129a9,ollama_gpt-oss_120b,3,"The patch moves the call to local_flush_tlb_all() to run right after pt‑walker setup and before any page allocations, and relocates output_pgtable_bits_defines() into tlb_init(). This ensures stale TLB entries are cleared early, fixing SMP boot failure after kexec/kdump.",4,2,1,0,,,,,,,,,68.791,,,,,,
12a824dc67,ollama_gpt-oss_120b,4,"The patch adds a cache for the result of extent‑sharedness checks while walking the inode subvolume B‑tree during fiemap, avoiding repeated tree and delayed‑ref lookups for consecutive extents, yielding 2‑3× speedup.",0,0,4,0,,,,,,,,,72.788,,,,,,
12aeaaba08,ollama_gpt-oss_120b,4,Updates perf c2c documentation to describe the newly added 'N/A' metric for store operations in the report table.,0,1,4,0,,,,,,,,,66.863,,,,,,
1300eec9e5,ollama_gpt-oss_120b,4,"The patch relocates the definitions of mach_get_rtc_pll, mach_set_rtc_pll and mach_hwclk into the same source tree used by time.c for the m68k nommu configuration, eliminating undefined reference errors during linking when CONFIG_RTC_DRV_GENERIC is enabled.",4,0,1,0,,,,,,,,,68.787,,,,,,
130fc180a4,ollama_gpt-oss_120b,3,"The patch adds code to release enclosure device objects when the mpi3mr driver is unloaded and before rescanning devices on controller reset, ensuring proper cleanup of allocated resources.",4,0,0,0,,,,,,,,,56.369,,,,,,
131a79b474,ollama_gpt-oss_120b,4,"The patch fixes race conditions and double‑free bugs in hugetlb vma lock handling, ensures a lock is allocated for each VM_MAYSHARE vma during split, updates unmap logic to free the lock instead of clearing VM_MAYSHARE, and adjusts sharing checks.",4,2,1,0,,,,,,,,,79.527,,,,,,
133e2d3e81,ollama_gpt-oss_120b,3,"Patch enables a process created with vfork+exec to switch to a different time namespace after exec, handling the vvar page issue without adding a new clone flag.",0,0,1,4,,,,,,,,,71.179,,,,,,
1397af5bfd,ollama_gpt-oss_120b,3,"The patch removes the per‑CPU conntrack dying list, replaces it with a per‑net list, and adjusts when the IPS_CONFIRMED flag is set to avoid double unlinking during destruction.",1,3,4,0,,,,,,,,,59.73,,,,,,
13a4223df8,ollama_gpt-oss_120b,4,"Removes a duplicated 'is' word from a comment in the ab8500_fg power supply driver, fixing a typo.",0,0,4,0,,,,,,,,,57.366,,,,,,
14b9397240,ollama_gpt-oss_120b,3,"The patch adds a helper i2c_parse_fw_timings() to the DesignWare I2C driver, enabling it to read I2C timing parameters supplied by firmware, similar to existing PCI driver support.",0,1,0,4,,,,,,,,,64.022,,,,,,
15e15d64bd,ollama_gpt-oss_120b,3,"The patch adds the X86_FEATURE_XENPV flag to the list of CPU features that are specially handled when disabled, updating disabled-features.h accordingly.",0,1,3,0,,,,,,,,,54.489,,,,,,
15e67227c4,ollama_gpt-oss_120b,3,"The patch reverts changes that broke the return‑thunk mechanism on x86, adds a CPU feature flag X86_FEATURE_RETHUNK, and simplifies padding to INT3 only.",4,2,1,1,,,,,,,,,58.322,,,,,,
1634602627,ollama_gpt-oss_120b,3,"The commit updates the dt-binding documentation for the Realtek rt5682s codec, adding entries for the AVDD and MICVDD power supplies.",0,0,3,0,,,,,,,,,66.514,,,,,,
1644dfe727,ollama_gpt-oss_120b,4,"The patch eliminates unnecessary resetting of arch‑specific control arrays in set_mba_sc() and moves mbps_val[] reset to reset_all_ctrls(), simplifying the resctrl code.",0,0,4,0,,,,,,,,,61.205,,,,,,
1645e7b966,ollama_gpt-oss_120b,3,"The patch renames the struct vkms_composer to vkms_frame_info for clearer semantics and also corrects an iosys_map_is_null check in compose_plane, addressing a potential bug.",2,0,3,0,,,,,,,,,66.475,,,,,,
16a54d4ee7,ollama_gpt-oss_120b,4,"The patch changes fbcon sysfs attribute show functions to use sysfs_emit instead of snprintf/scnprintf, aligning with the recommended API for emitting strings to sysfs.",0,2,3,0,,,,,,,,,61.94,,,,,,
16b1941eac,ollama_gpt-oss_120b,4,"The patch removes assignments to udc->dev.driver in the USB gadget core, keeping the driver pointer NULL and eliminating the race that caused a use‑after‑free in dev_uevent reported by syzbot.",4,0,0,0,,,,,,,,,59.766,,,,,,
16ed828b87,ollama_gpt-oss_120b,4,"Adds a missing iounmap() call in zorro7xx_remove_one() to release the I/O memory region allocated during probe, fixing a resource leak.",4,0,0,0,,,,,,,,,81.865,,,,,,
1724cc38e7,ollama_gpt-oss_120b,4,"Renames the jz4740-i2s driver’s set_fmt_new function back to set_fmt after the ASoC core switched to the new direct clock API, restoring the standard callback name.",0,0,3,0,,,,,,,,,52.947,,,,,,
17580de3e2,ollama_gpt-oss_120b,4,"The patch reorganizes the OnDisassoc handler in the r8188eu driver, extracting the logic for the non‑access‑point case from a large conditional block and placing it earlier, simplifying the function flow.",0,0,4,0,,,,,,,,,53.248,,,,,,
176c0b55d9,ollama_gpt-oss_120b,3,"The patch adds a new helper intel_async_flip_check_uapi() that runs early in the atomic validation path to verify whether a plane can perform async flips, and adds early checks for CRTC activity, modeset flag, and plane enable state, moving the async‑flip capability test earlier in i915.",4,2,1,0,,,,,,,,,76.428,,,,,,
17edb8e1e3,ollama_gpt-oss_120b,3,"The patch removes kernel-doc annotations from static functions in drm/edid and replaces them with plain comments, preserving the explanatory text while simplifying documentation.",0,0,4,0,,,,,,,,,63.016,,,,,,
1844c79c4d,ollama_gpt-oss_120b,4,"The patch updates the spear-keyboard driver to replace the deprecated SIMPLE_DEV_PM_OPS() macro with DEFINE_SIMPLE_DEV_PM_OPS() and pm_sleep_ptr(), removing __maybe_unused annotations to silence unused‑function warnings while preserving dead‑code removal.",0,0,4,0,,,,,,,,,55.407,,,,,,
18451db82e,ollama_gpt-oss_120b,3,"Adds logic in RDMA core to compute UDP source port from GRH flow label or, if absent, from local/remote QP numbers, and sets the port before packet transmission.",0,2,3,0,,,,,,,,,58.826,,,,,,
18489174e4,ollama_gpt-oss_120b,4,"Adds support for the on‑board RT711 SDCA audio codec on Intel Meteor Lake (MTL) reference platform, integrating it into the ASoC Intel SOF driver.",0,0,0,4,,,,,,,,,53.126,,,,,,
192bb40f03,ollama_gpt-oss_120b,4,"The patch changes the MCR wait‑for‑register firmware helper to acquire and release uncore->lock internally, fixing a race where the caller previously omitted the lock and caused lockdep assertions, and avoids holding the lock for the whole wait.",4,1,2,0,,,,,,,,,48.253,,,,,,
1968f2be5c,ollama_gpt-oss_120b,4,"Adds a new ACPI device ID for the AMD PMC controller, enabling the kernel to recognize and bind the newer controller version.",0,0,1,4,,,,,,,,,56.995,,,,,,
1a048cde49,ollama_gpt-oss_120b,4,"The patch changes the r8188eu driver to call ieee80211_get_DA from the core wireless stack instead of its own get_da helper, aligning the driver with the generic API.",0,0,4,0,,,,,,,,,53.581,,,,,,
1a8339c6bd,ollama_gpt-oss_120b,4,"Adds a new compatible string for the Elan eth3915n touchscreen controller in the input touchscreen dt‑bindings, enabling the kernel to match this chip as compatible with ekth3500.",0,0,0,4,,,,,,,,,69.14,,,,,,
1ab586f517,ollama_gpt-oss_120b,4,"The patch updates the sfc driver to replace scnprintf calls with sysfs_emit (or sysfs_emit_at) in sysfs show functions, following the sysfs documentation.",0,2,3,0,,,,,,,,,64.581,,,,,,
1ac7fd8159,ollama_gpt-oss_120b,3,"Adds support for Intel LBR format V7 in perf, introduces shared capability flags in x86_pmu, a new init function, and simplifies capability checks.",0,0,2,3,,,,,,,,,65.346,,,,,,
1b0a54b3e8,ollama_gpt-oss_120b,3,"Merges struct led_priv and struct LED_871x in the r8188eu driver, moving LED_871x fields into led_priv and updating code to use the unified struct.",0,0,4,0,,,,,,,,,62.514,,,,,,
1b0c84a32e,ollama_gpt-oss_120b,3,"The patch adjusts the NFP driver’s read of the 32‑bit extended capability so it no longer assumes qword alignment, using a safe access method to avoid unaligned‑access exceptions on certain architectures.",4,1,1,0,,,,,,,,,55.648,,,,,,
1b6345d416,ollama_gpt-oss_120b,3,"The patch adds validation in nf_tables set handling: when a set specifies field_count, the NFT_SET_CONCAT flag must be set; if the flag is present without field_count, the code returns EINVAL, ensuring consistency.",0,3,2,0,,,,,,,,,61.735,,,,,,
1b929c02af,ollama_gpt-oss_120b,4,"Creates the Linux 6.2 release‑candidate tag, merging previous changes and updating the version identifier; no substantive code changes are introduced.",0,0,0,0,,,,,,,,,55.49,,,,,,
1bd9dfec9f,ollama_gpt-oss_120b,3,"The patch reverts a prior change that blocked APIC writes for non‑ICR registers, allowing x2APIC MSR writes needed for x2AVIC, thus correcting a regression.",4,0,0,0,,,,,,,,,61.288,,,,,,
1c075b192f,ollama_gpt-oss_120b,4,"The patch corrects the TLV length validation in tipc_nl_compat_name_table_dump_header, adding proper casting so that a negative length from TLV_GET_DATA_LEN() is handled, eliminating the KMSAN uninitialized‑value bug reported by syzbot.",4,0,0,0,,,,,,,,,60.872,,,,,,
1c0bd03532,ollama_gpt-oss_120b,4,"Adds a compatible string for the Altera SoCFPGA Stratix 10 Development Kit in the arm64 device tree, enabling the kernel to recognize the board.",0,0,0,4,,,,,,,,,59.201,,,,,,
1c33f8508b,ollama_gpt-oss_120b,4,Adds two regulator supply properties to the HDMI node of the rk3399-roc-pc device tree to match hardware and silence kernel warnings.,1,2,2,0,,,,,,,,,61.524,,,,,,
1c796caff0,ollama_gpt-oss_120b,4,Renames the KUnit test configuration entry for the IIO format test to match the required CONFIG_<name>_KUNIT_TEST naming pattern.,0,0,4,0,,,,,,,,,61.892,,,,,,
1cec8bbc17,ollama_gpt-oss_120b,3,"The patch updates the KVM arm64 self‑test to disable single‑step using the proper KVM_GUESTDBG_ENABLE flag instead of the test‑only SINGLE_STEP_DISABLE enum, which previously had the same numeric value but was semantically incorrect.",4,0,0,0,,,,,,,,,59.921,,,,,,
1dcf37365e,ollama_gpt-oss_120b,3,"The commit updates the Qualcomm GSBI device‑tree binding documentation, converting it to the new DT schema format.",0,0,4,0,,,,,,,,,62.142,,,,,,
1e029397d1,ollama_gpt-oss_120b,3,"The patch splits sd_read_protection() into two functions, moves integrity probing to the end of discovery, removes a redundant revalidate call, and makes log output less verbose.",0,1,4,0,,,,,,,,,61.473,,,,,,
1ed914e341,ollama_gpt-oss_120b,4,"Adds audio support for the Renesas RZ/G2UL SMARC evaluation board by updating the device tree: inserts SSI1 pinctrl entries into the soc-pinctrl dtsi and adds SSI1 and CPU sound_dai nodes to the board dtsi, enabling the audio subsystem.",0,0,0,4,,,,,,,,,64.29,,,,,,
1ee6c5abeb,ollama_gpt-oss_120b,4,"The patch removes the driver‑enforced edge‑rising interrupt trigger for ath10k SNOC, allowing the Device Tree to specify the correct type (e.g., level‑high) and fixing IRQ mapping failures on Qualcomm WCN3990 platforms.",4,2,0,0,,,,,,,,,53.796,,,,,,
1f2cfdd349,ollama_gpt-oss_120b,4,"Reverts an erroneous __user attribute on the buffer argument of proc_dointvec_minmax_sysadmin() after its relocation, restoring the correct type to silence sparse warnings.",0,1,3,0,,,,,,,,,77.375,,,,,,
1f4d8ae231,ollama_gpt-oss_120b,3,"Adds a GPIO IRQ handler and implements irq_chip helper functions (irq_set_type, irq_mask, irq_unmask, irq_ack) for the Microchip pci1xxxx driver, enabling proper interrupt configuration and handling.",0,1,1,4,,,,,,,,,61.904,,,,,,
1f74399fd1,ollama_gpt-oss_120b,4,"Deletes the unused 'work' member from struct mlx5e_async_ctx in the mlx5e driver, simplifying the data structure.",0,0,4,0,,,,,,,,,66.277,,,,,,
1fc4fa2ac9,ollama_gpt-oss_120b,3,"The patch modifies rxrpc congestion control to stop persisting a zero cwnd across calls, resetting to the initial cwnd after idle periods and preserving ssthresh, thus preventing transmission stalls.",4,2,1,0,,,,,,,,,55.758,,,,,,
1fe5ebc4e1,ollama_gpt-oss_120b,4,"The patch relocates several root helper functions from accessors.h back to ctree.h, restoring their proper placement alongside btrfs_root definitions to simplify synchronization of accessor files with btrfs-progs.",0,0,4,0,,,,,,,,,63.881,,,,,,
2019bf7cd2,ollama_gpt-oss_120b,3,Adds support for the SMUIO hardware block introduced in AMD GPU firmware 13.0.9 by implementing a software function in the amdgpu discovery code to recognize and handle this new block.,0,0,1,4,,,,,,,,,57.537,,,,,,
203bcac9bf,ollama_gpt-oss_120b,3,The patch raises the maximum DRAM bandwidth percentage for the DCN315 display engine from its previous value to 60% so that DML validation succeeds when multiple HDR monitors are attached.,4,0,0,0,,,,,,,,,75.581,,,,,,
208cc9fe6f,ollama_gpt-oss_120b,4,"The patch changes the mpt3sas driver to compute the 4 GB DMA boundary using the pool’s DMA address rather than the virtual address, correcting an incorrect limit check that could cause DMA beyond the hardware limit.",4,0,0,0,,,,,,,,,70.284,,,,,,
20ea94bc53,ollama_gpt-oss_120b,4,Adds a GPIO property to the wcd938x device tree bindings to allow selection between CTIA and OMTP headset configurations.,0,0,0,4,,,,,,,,,60.943,,,,,,
21234e3a84,ollama_gpt-oss_120b,4,"The patch adds a call to mlx5e_fs_vlan_free(fs) before kvfree(fs) in mlx5e_fs_init(), eliminating a use‑after‑free condition in the mlx5e driver.",4,0,0,0,,,,,,,,,61.461,,,,,,
212ad7cb7d,ollama_gpt-oss_120b,3,"The patch adjusts the ath11k driver for QCA6390/WCN6855 so that when a station disconnects, only the WMI_PEER_DELETE_CMDID is skipped, ensuring peer->sta is cleared and preventing a use‑after‑free introduced by a prior change.",4,0,1,0,,,,,,,,,67.422,,,,,,
21457f4a91,ollama_gpt-oss_120b,4,The commit deletes the function rxrpc_get_reply_time() because it is no longer referenced; the code now uses the call issue time instead of the reply time.,0,0,4,0,,,,,,,,,65.638,,,,,,
216d1a8013,ollama_gpt-oss_120b,4,"The commit changes the maintainer e‑mail address in the dt‑bindings documentation to Luca Ceresoli's preferred Bootlin address, modifying only a text line.",0,0,4,0,,,,,,,,,62.853,,,,,,
21cdd6a0e8,ollama_gpt-oss_120b,4,"The patch modifies the musb mpfs driver probe() so that error paths return proper negative errno values instead of zero, fixing incorrect success returns.",4,0,0,0,,,,,,,,,62.168,,,,,,
21ce2c121f,ollama_gpt-oss_120b,4,"Moves netdev_notifier registration from each device probe to module initialization, avoiding duplicate registrations when multiple ADIN1110/2111 devices are present, thus eliminating probe warnings/failures.",4,1,2,0,,,,,,,,,61.319,,,,,,
2274c3b281,ollama_gpt-oss_120b,3,"The patch drops the JFS filesystem’s ->writepage callback, which was inefficient and only used as a fallback, and instead assigns the generic ->migrate_folio helper, eliminating the old implementation.",0,1,4,0,,,,,,,,,64.367,,,,,,
227f25972c,ollama_gpt-oss_120b,3,"Adds support for a new queue allocation command in iwlwifi, refactors the allocation API to use a station mask and new flags, and requires explicit queue removal before station removal.",0,0,2,4,,,,,,,,,64.727,,,,,,
228f324dc7,ollama_gpt-oss_120b,3,"Adds a helper function virt_get_pte_hva() for aarch64 KVM selftests to retrieve the host virtual address of a page table entry for a given guest virtual address, enabling future tests to manipulate access flags.",0,0,1,4,,,,,,,,,53.968,,,,,,
22dd7a58b2,ollama_gpt-oss_120b,4,"The commit removes obsolete perfbuf functions from libbpf and simplifies the related option structures, updating the API to a cleaner state.",0,0,4,0,,,,,,,,,52.82,,,,,,
2307a0e1ca,ollama_gpt-oss_120b,3,"The patch adds a USB audio quirk for the Fiero SC-01 device when running firmware v1.0.0, reusing the quirks from firmware v1.1.0 to handle hard‑coded sample rates, thus enabling proper operation.",2,0,0,4,,,,,,,,,64.519,,,,,,
2327337b88,ollama_gpt-oss_120b,3,"Stops running task work at the start of io_uring_enter, deferring it until after submissions to allow better batching; adjusts handling for SQPOLL, IOPOLL, and cqring wait.",0,0,4,0,,,,,,,,,57.473,,,,,,
23347c90e2,ollama_gpt-oss_120b,3,"The commit reorganizes omap3 clock nodes in the device tree, grouping CM_ICLKEN_WKUP clocks under the TI clksel binding and adds clock-output-names to eliminate unique_unit_address and node_name_chars_strict warnings.",0,0,4,0,,,,,,,,,63.965,,,,,,
233eb8d689,ollama_gpt-oss_120b,4,"The patch corrects a spelling mistake in a comment within the OCFS2 filesystem source, without modifying any executable code.",0,0,4,0,,,,,,,,,56.261,,,,,,
2397f780e1,ollama_gpt-oss_120b,3,"The patch rewrites try_to_free_swap to accept a folio instead of a page, removing extra compound_head calls and shrinking kernel text by ~74 bytes.",0,0,4,0,,,,,,,,,54.46,,,,,,
23cc6d8c37,ollama_gpt-oss_120b,4,"Changes cfg80211_auth_request.key_idx from unsigned to signed to allow -1 sentinel when key is NULL, removing static‑checker warnings.",0,2,3,0,,,,,,,,,67.469,,,,,,
23dca7a900,ollama_gpt-oss_120b,3,"The patch adds a 'reset' argument to the mtk_wed_tx_ring_setup function, updating its signature and related calls to enable future Wireless Ethernet Dispatcher reset handling.",0,1,1,0,,,,,,,,,56.736,,,,,,
23e085b2de,ollama_gpt-oss_120b,3,"Adds capability checks to NVMe management ioctls (reset, rescan, etc.) so only admin users can invoke them, aligning them with existing passthrough restrictions.",0,4,1,0,,,,,,,,,56.311,,,,,,
2485c12c98,ollama_gpt-oss_120b,3,"The patch modifies the AMD KFD DRM driver to store and restore the same SDMA queue ID during CRIU checkpoint/restore, ensuring queues are recreated with their original identifiers.",4,0,0,0,,,,,,,,,57.721,,,,,,
24873b8859,ollama_gpt-oss_120b,3,"The patch removes the HW_VAR_AC_PARAM_VI handling from SetHwReg8188EU() in the r8188eu driver and replaces it with a direct rtw_write32() call, simplifying the register write logic.",0,0,4,0,,,,,,,,,61.456,,,,,,
249369e931,ollama_gpt-oss_120b,3,The patch replaces snprintf calls in drivers/bus/mhi/host/init.c with sysfs_emit/sysfs_emit_at to satisfy a Coccinelle warning about using snprintf in sysfs code.,0,2,3,0,,,,,,,,,65.584,,,,,,
24a3db53ec,ollama_gpt-oss_120b,3,"Updates OMAP3 device‑tree to group CONTROL_DEVCONF0 clocks via TI clksel binding and adds clock-output-names, removing unique_unit_address and node_name_chars_strict warnings under strict make flags.",0,0,4,0,,,,,,,,,64.239,,,,,,
25097de7b2,ollama_gpt-oss_120b,4,"Adds a pinctrl/GPIO driver for Intel Meteor Lake, implementing support for the next‑generation GPIO hardware while keeping compatibility with existing Intel core pinctrl driver.",0,0,0,4,,,,,,,,,56.403,,,,,,
255d7a9581,ollama_gpt-oss_120b,4,"The commit extracts the QCS404 remote processor Peripheral Authentication Service device‑tree bindings into a dedicated file, separating them from other remoteproc bindings to simplify the tree and aid maintenance.",0,0,4,0,,,,,,,,,48.46,,,,,,
2564aa7544,ollama_gpt-oss_120b,4,"Adds a clock name entry for the bi‑tcxo clock to the Qualcomm SDM845 camera‑CC device‑tree binding, updating the schema so the driver can recognize the clock passed via DT.",0,0,2,4,,,,,,,,,66.448,,,,,,
258030acc9,ollama_gpt-oss_120b,4,"Changes the dsa_switch struct field num_ports from size_t (8 bytes) to unsigned int (4 bytes) to eliminate padding and shrink the overall struct size, improving memory usage.",0,0,4,0,,,,,,,,,110.835,,,,,,
25eb948601,ollama_gpt-oss_120b,4,"The patch removes unnecessary chip‑type comment lines from the ftdi_sio USB‑serial driver, cleaning up the source without altering functionality.",0,0,4,0,,,,,,,,,54.006,,,,,,
25fd735a4c,ollama_gpt-oss_120b,3,"The commit updates rxe_av.c to replace calls to the generic pr_xxx() debug helpers with the rxe_dbg_xxx() macros, aligning logging with the RXE driver's naming convention.",0,0,4,0,,,,,,,,,61.857,,,,,,
26093ce14b,ollama_gpt-oss_120b,3,"The patch removes the amdgpu_ras_need_send_ras_feature helper and directly checks if the block is GFX before sending the RAS feature, limiting the operation to the graphics IP block.",0,1,2,0,,,,,,,,,61.553,,,,,,
260b5c694b,ollama_gpt-oss_120b,4,The commit edits the MAINTAINERS file to remove Jukka Rissanen from the list of 6lowpan maintainers because he no longer works on the subsystem.,0,0,0,0,,,,,,,,,56.657,,,,,,
26df39a9e5,ollama_gpt-oss_120b,3,"The patch initializes the previously uninitialized variable 'next' in find_first_clear_extent_bit, removing a compile‑time error caused by the compiler detecting use of an uninitialized variable.",4,0,0,0,,,,,,,,,63.745,,,,,,
26ffcbbef7,ollama_gpt-oss_120b,3,"Adds bookkeeping in the i915 buddy allocator to record total and per‑resource visible memory, updates debug output and reserves accounting, with code tweaks to avoid unnecessary scans.",0,1,4,1,,,,,,,,,75.639,,,,,,
2703c16c75,ollama_gpt-oss_120b,3,"Adds a common mechanism for CXL.mem endpoint drivers to enumerate ancestor CXL switch ports and validate CXL.mem links, handling race conditions via parent port locks and reference tracking.",0,2,0,4,,,,,,,,,76.681,,,,,,
272ac15003,ollama_gpt-oss_120b,4,"The commit deletes the now‑unused function fscrypt_set_test_dummy_encryption() after its callers were switched to fscrypt_parse_test_dummy_encryption() and fscrypt_add_test_dummy_key(), cleaning up dead code in the fscrypt subsystem.",0,1,4,0,,,,,,,,,61.669,,,,,,
27aeb91559,ollama_gpt-oss_120b,3,"The patch updates the hisi_acc VFIO driver to use new device‑life‑cycle helper functions, moves migration‑specific initialization from the probe routine to a dedicated init callback, and deletes the now‑unused vfio_pci_core_{un}init_device() functions.",0,1,3,0,,,,,,,,,65.771,,,,,,
28793b194e,ollama_gpt-oss_120b,3,"Refactors btrfs's submit_stripe_bio by removing orig_bio and clone parameters, deriving them internally, and moving cloning decision inside the function.",0,1,3,0,,,,,,,,,72.189,,,,,,
287f1ee38a,ollama_gpt-oss_120b,4,"The patch modifies the Renesas r8a77470 pinctrl driver to replace explicit reserved register field definitions with shorthand negative-width fields and merges adjacent reserved fields, reducing driver size by about 114 bytes.",0,0,4,0,,,,,,,,,65.451,,,,,,
29a051bd46,ollama_gpt-oss_120b,3,"The patch reorders the if/else chain that selects frequency tables based on GRAPHICS_VER, placing the highest version check (>=11) first to follow the driver’s “last version first” convention and simplify future platform extensions.",0,1,4,0,,,,,,,,,67.18,,,,,,
29f557d553,ollama_gpt-oss_120b,3,"Updates the duplicated struct vmcb_control_area in KVM nSVM selftests to include newly introduced fields, allowing the selftests to exercise the new virtualization features.",0,0,1,1,,,,,,,,,59.183,,,,,,
2a791f4412,ollama_gpt-oss_120b,3,"The patch removes the buddy-page prefetch in free_pcppages_bulk(), arguing that the extra calculations and prefetch cost outweigh any possible stall reduction when the zone lock is held, thus simplifying the bulk free path.",0,0,4,0,,,,,,,,,61.076,,,,,,
2ac05f8f2e,ollama_gpt-oss_120b,3,"Adds a powerpc PMU self‑test that enables branch‑stack sampling and verifies it does not crash, exercising the earlier crash‑fix path.",0,0,2,0,,,,,,,,,56.322,,,,,,
2b7d07f7ac,ollama_gpt-oss_120b,4,Adds error handling to ftpm_mod_init(): checks driver_register() return value and unregisters ftpm_tee_plat_driver on failure before returning the error.,4,0,0,0,,,,,,,,,60.152,,,,,,
2b947cf9e3,ollama_gpt-oss_120b,3,"The patch updates the max310x serial driver to populate the rs485_supported field, documenting which serial_rs485 features the hardware can handle.",0,0,4,0,,,,,,,,,56.05,,,,,,
2ba75d3119,ollama_gpt-oss_120b,3,"The patch restructures the HOP helper functions in the MMU V1 driver to use the newly defined shift/mask arrays, simplifying the code and aligning it with the updated data representation.",0,0,4,0,,,,,,,,,60.973,,,,,,
2baad24963,ollama_gpt-oss_120b,4,"The patch lowers the log level of devm_thermal_of_zone_register() failures from error to debug in the Qualcomm thermal driver, because -ENODEV is expected when a DT node is missing, preventing unnecessary error messages.",0,0,4,0,,,,,,,,,60.027,,,,,,
2c1eafc40e,ollama_gpt-oss_120b,3,"The patch updates the USB control‑message timeout used when reading EDID in the udl DRM driver to the standard 5‑second USB timeout constant, making it consistent with other drivers.",0,2,4,0,,,,,,,,,57.969,,,,,,
2c763f37d0,ollama_gpt-oss_120b,3,"The patch updates the amdgpu DRM driver to avoid programming gfxhub_v3_0_3 system aperture registers when running in SR‑IOV virtual functions, because those registers are no longer in the RLCG access range and will be set by the host.",4,0,0,0,,,,,,,,,68.254,,,,,,
2d3bc87543,ollama_gpt-oss_120b,4,"The patch deletes the vgpu->released member and its sanity‑check in the i915 GVT driver, delegating vGPU lifecycle handling to the VFIO core and cleaning up dead code.",0,0,4,0,,,,,,,,,57.076,,,,,,
2d4daa549c,ollama_gpt-oss_120b,3,"The patch deletes the arch_has_empty_bitmaps flag from the x86 resctrl code, using min_cbm_bits to decide if zero CBM is supported, thereby simplifying the architecture data structure.",0,1,3,0,,,,,,,,,63.915,,,,,,
2dd9032beb,ollama_gpt-oss_120b,3,"Adds a helper function for querying RAS poison mode, renames the existing function, and notes that SRIOV guests don’t need to query it, simplifying the amdgpu driver code.",0,0,3,0,,,,,,,,,58.598,,,,,,
2e0aee8f0a,ollama_gpt-oss_120b,4,"The patch changes the type of ata_port::fastdrain_cnt from unsigned long to unsigned int because it is only ever assigned from 32‑bit unsigned int values, simplifying the struct definition.",0,0,4,0,,,,,,,,,56.854,,,,,,
2e7e80f7e7,ollama_gpt-oss_120b,3,"The commit changes the is_partially_uptodate helper to accept a folio argument and updates its signature to use byte counts, aligning it with the per‑folio uptodate flag and improving type clarity.",0,1,4,0,,,,,,,,,61.917,,,,,,
2fadc6ea4a,ollama_gpt-oss_120b,4,"The commit reorders the entries of CONFIG_SURFACE_PLATFORMS in RISC‑V defconfig files to match the order produced by savedefconfig, without altering functionality.",0,0,4,0,,,,,,,,,68.26,,,,,,
2fc092d4c7,ollama_gpt-oss_120b,3,"The patch corrects the selection of the microengine (ME) field in the map_queue packet for GFX11 AMDGPU drivers, ensuring the appropriate ME is used for graphics, compute, or scheduling queues.",4,0,0,0,,,,,,,,,58.417,,,,,,
302e9edd54,ollama_gpt-oss_120b,3,"The patch changes the tracing subsystem so that traceon/traceoff triggers respect the specific tracing instance they are attached to, rather than affecting the global tracing state, correcting confusing behavior for users.",4,0,0,0,,,,,,,,,57.159,,,,,,
3044a4f271,ollama_gpt-oss_120b,3,"Introduces helper function mcp251xfd_is_fd_mode() and updates driver code to call it instead of inline checks, improving readability and maintainability of CAN-FD mode detection.",0,1,4,0,,,,,,,,,66.696,,,,,,
3084097c36,ollama_gpt-oss_120b,4,"The patch deletes the mount/umount sequence for /sys and /sys/fs/bpf in the BPF self‑tests' open/close_netns helpers, simplifying the test code and removing unnecessary, error‑prone steps.",0,2,3,0,,,,,,,,,64.585,,,,,,
30b1a0797e,ollama_gpt-oss_120b,3,"The patch updates the ssd130x DRM driver to replace direct accesses to drm_plane.state with the drm_atomic_get_new_plane_state() helper, aligning with the atomic API and avoiding direct struct manipulation.",0,3,4,0,,,,,,,,,66.939,,,,,,
30b6ab45f8,ollama_gpt-oss_120b,3,"The patch changes the vcpu field sysregs_loaded_on_cpu from a simple boolean to a more expressive state flag in the KVM arm64 code, reflecting whether system registers are loaded on the physical CPU, improving internal state tracking.",0,0,3,0,,,,,,,,,61.327,,,,,,
30d024b505,ollama_gpt-oss_120b,4,Adds a forward declaration of struct folio in cacheflush.h to eliminate compilation warnings for code that includes the header.,0,0,4,0,,,,,,,,,61.644,,,,,,
3128ea0169,ollama_gpt-oss_120b,3,"The patch updates the mt7921 driver to stop dropping received frames that use VHT MCS indices 10‑11, which the hardware can handle, allowing those frames to be processed correctly.",4,0,0,0,,,,,,,,,59.972,,,,,,
31354121bf,ollama_gpt-oss_120b,3,"The commit updates the arm64 socfpga device tree, adding the altr,sysmgr-syscon binding and a clk-phase-sd-hs property to the SDMMC node so the driver can configure the CIU clock phase via the system manager.",0,0,0,4,,,,,,,,,57.745,,,,,,
316f710172,ollama_gpt-oss_120b,4,"The patch adds a free() call for the structure holding parsed command‑line arguments in the rtla/osnoise tool, ensuring the allocated memory is released before the program exits.",4,0,0,0,,,,,,,,,57.217,,,,,,
319568d75f,ollama_gpt-oss_120b,3,"The commit adjusts SubVP handling for Dynamic Refresh Rate (DRR) cases: avoids VSYNC lock, uses firmware for manual trigger on DCN32/321, and adds a command bit to flag DRR usage.",2,1,3,2,,,,,,,,,60.17,,,,,,
3197706abd,ollama_gpt-oss_120b,4,"The patch renames the reference‑counting helpers in the rxe RDMA driver: rxe_add_ref() → rxe_get() and rxe_drop_ref() → rxe_put(), updating all call sites. It is a cosmetic change to use conventional naming and improve readability.",0,1,4,0,,,,,,,,,71.006,,,,,,
322842ea3c,ollama_gpt-oss_120b,3,"Adds a swap_free() call in try_to_unmap() to undo a prior swap_duplicate() when arch_unmap_one() fails, completing cleanup of anonymous page unmapping and fixing memory corruption in the COW/rmap path.",4,0,0,0,,,,,,,,,62.458,,,,,,
3233b978af,ollama_gpt-oss_120b,3,"Adds a cs_dsp library and ALSA control interface for the CS35L41 DSP, exposing DSP controls via ALSA and fixing the Kconfig dependency.",0,0,1,4,,,,,,,,,53.109,,,,,,
32346491dd,ollama_gpt-oss_120b,1,"Version bump to Linux 5.19-rc6, likely a tag aggregating many changes, but specific modifications are not visible.",0,0,0,0,,,,,,,,,58.72,,,,,,
3255530ab1,ollama_gpt-oss_120b,3,"The patch updates KVM x86 MMU code to set iter->old_spte to the value returned by a failed cmpxchg, removing a separate SPTE read and consolidating logic.",0,1,4,0,,,,,,,,,59.156,,,,,,
3256412fc5,ollama_gpt-oss_120b,3,"The patch adds logic to the hisi I2C driver to retrieve the bus clock frequency using either a dedicated clock node or the legacy clk_rate property, falling back as needed.",0,1,0,4,,,,,,,,,54.08,,,,,,
327c348988,ollama_gpt-oss_120b,3,"The patch adds a printk in the UV platform code to display the gap hole end size, which reflects the number of physical address bits used by the system.",0,0,3,0,,,,,,,,,57.717,,,,,,
32f1b53fe8,ollama_gpt-oss_120b,4,"Adds initialization of vqs_list_lock in vdev_info_init() so virtio_test no longer hangs in __vring_new_virtqueue(), fixing the missing lock setup.",4,2,0,0,,,,,,,,,56.607,,,,,,
33024536ba,ollama_gpt-oss_120b,3,"Implements a new hot‑page identification method for memory‑tiering NUMA balancing by recording scan time, measuring hint‑page‑fault latency, reusing struct page bits, adding a hot‑threshold and debugfs control, and includes a bug‑fix for disabling tiering.",2,0,1,4,,,,,,,,,66.419,,,,,,
330f5a3005,ollama_gpt-oss_120b,4,"The commit adds a Chinese translation of the devicetree changesets documentation (docs/zh_CN/devicetree/changesets.rst), updating the documentation tree with localized content.",0,0,0,0,,,,,,,,,62.529,,,,,,
3364c6ce23,ollama_gpt-oss_120b,3,"The patch changes the cast in the arm64 LSE atomic implementation to a size‑matched pointer type, removing a -Warray-bounds warning while leaving the generated binary unchanged.",0,1,4,0,,,,,,,,,65.031,,,,,,
340a02535e,ollama_gpt-oss_120b,4,"The commit relocates the extract‑cert script from the generic scripts directory into the certs directory, updates the Makefile to reference the new location, and configures it to be built only when needed.",0,0,4,0,,,,,,,,,64.297,,,,,,
3470079687,ollama_gpt-oss_120b,4,"The patch modifies the stmmac Ethernet driver to allow changing the MTU while the interface is up by releasing and reopening the driver and invoking set_filter, eliminating the EBUSY error that occurred during DSA‑initiated MTU changes.",4,1,0,0,,,,,,,,,57.899,,,,,,
34886e796c,ollama_gpt-oss_120b,4,"Moves the static pmu_ops structure into the init‑only ops table and marks it __initdata, reducing memory footprint and preventing runtime modifications after initialization.",0,3,3,0,,,,,,,,,61.223,,,,,,
34b1a65ec1,ollama_gpt-oss_120b,3,"The commit removes an outdated reference to max77693.txt from the MAINTAINERS file after the driver documentation was migrated to a YAML file, correcting a merge‑induced mistake.",0,0,4,0,,,,,,,,,56.539,,,,,,
34b88934e6,ollama_gpt-oss_120b,4,"Updates the Qualcomm SM8350 pinctrl device‑tree binding to stop marking the 'function' property as required for pins that are not GPIOs, fixing an incorrect validation rule.",3,0,0,0,,,,,,,,,69.188,,,,,,
35cc9d622e,ollama_gpt-oss_120b,3,"Adds a BPF self‑test that reproduces a warning triggered by a decl_tag in a function prototype return type, exercising btf_type_id_size.",0,1,1,3,,,,,,,,,62.855,,,,,,
35eee9a363,ollama_gpt-oss_120b,3,"The patch updates the RTC self‑test to check for the presence of an RTC device and skip the test when none is found, avoiding unnecessary failures.",0,1,3,0,,,,,,,,,79.28,,,,,,
362e54e48b,ollama_gpt-oss_120b,4,"The patch updates fbtft_init_display() to correctly handle s16‑type init‑sequence values when printing debug information, replacing the previous print with fbtft_par_dbg_hex(). This ensures proper hex representation of signed 16‑bit data.",0,0,4,0,,,,,,,,,65.626,,,,,,
365e1ececb,ollama_gpt-oss_120b,4,"Adds a guard in hv_netvsc to delay VF registration until the host sends the VF association message, eliminating a race that broke the VF path during VM boot.",4,0,0,0,,,,,,,,,65.158,,,,,,
367c9b0f1b,ollama_gpt-oss_120b,4,"Adds mm reference handling in SVM deferred list work to keep the mm struct alive while the work processes ranges, preventing premature release and leaks.",4,2,1,0,,,,,,,,,58.033,,,,,,
36c6f1fb2e,ollama_gpt-oss_120b,3,"Adds optional prepare_streaming and unprepare_streaming queue ops to vb2, allowing resource claim/validation at VIDIOC_STREAMON and release at STREAMOFF or file close.",0,2,0,3,,,,,,,,,58.257,,,,,,
37be3f9d69,ollama_gpt-oss_120b,3,"The patch ensures that any existing firmware session is explicitly torn down before a remote N2N login is retried when the authentication application starts, preventing repeated login attempts.",4,0,1,0,,,,,,,,,53.719,,,,,,
3809db6430,ollama_gpt-oss_120b,3,"The patch adds reference‑count handling to the raw‑MIDI output buffer during snd_rawmidi_drain_output and checks the count on close, preventing concurrent buffer resize while draining.",0,4,2,0,,,,,,,,,52.985,,,,,,
3883001838,ollama_gpt-oss_120b,4,"The commit moves several exported extent_io_tree helper functions into extent-io-tree.c, consolidating helpers that don't rely on tree_search() and shrinking the core file.",0,0,4,0,,,,,,,,,72.538,,,,,,
38d4a385a3,ollama_gpt-oss_120b,4,"The commit introduces a new __vcpu_run() helper in the KVM self‑tests, allowing tests to invoke KVM_RUN without directly handling ioctl asserts.",0,0,1,4,,,,,,,,,60.7,,,,,,
39cdf080ce,ollama_gpt-oss_120b,3,"Adds mt7915_mcu_rdd_background_enable and mt7915_mcu_background_chain_ctrl routines to configure a dedicated DFS receive chain, enabling zero‑wait DFS (CAC) on rdd2.",0,1,0,4,,,,,,,,,60.429,,,,,,
3a52471206,ollama_gpt-oss_120b,3,Adds a device‑tree entry for RK3399 VOPs defining the gamma LUT memory region (base+0x2000) to enable gamma control.,0,0,0,4,,,,,,,,,61.845,,,,,,
3a55f72924,ollama_gpt-oss_120b,3,"The patch disables the KVM_HC_CLOCK_PAIRING hypercall when a vCPU has tsc_always_catchup set, because the hypercall causes an infinite loop in pvclock_read_retry; it changes the return code to KVM_EFAULT and removes a warning.",4,0,0,0,,,,,,,,,57.511,,,,,,
3ac5f2f257,ollama_gpt-oss_120b,4,Adds a kernel-doc comment describing the @server parameter of smb311_update_preauth_hash() to silence a warning from the kernel-doc script.,0,0,4,0,,,,,,,,,64.341,,,,,,
3b1611f252,ollama_gpt-oss_120b,4,"The commit adds new Qualcomm QDU1000 and QRU1000 SoC identifiers to the arm/qcom,ids device‑tree binding header, enabling these platforms to be referenced in DT files.",0,0,1,4,,,,,,,,,59.898,,,,,,
3b49ae380c,ollama_gpt-oss_120b,4,"The patch updates the ipaq-micro driver to check platform_get_irq() return value correctly, replacing a null check with a <0 test because the function returns a negative error code on failure.",4,0,0,0,,,,,,,,,65.286,,,,,,
3b9cb4ba4b,ollama_gpt-oss_120b,4,"The patch updates rcutorture to use kthread_run_on_cpu() instead of separate kthread_create_on_node, kthread_bind and wake_up_process calls, reducing boilerplate and simplifying thread creation on a specific CPU.",0,0,4,0,,,,,,,,,64.315,,,,,,
3bea83b68d,ollama_gpt-oss_120b,3,"The patch restructures the lpfc driver’s handling of RSCN/SCR/RDF/EDC/FARPR for SLI‑3 and SLI‑4, replacing direct SLI‑3 iocb field accesses with new generic get/set helpers and separating SLI‑3/SLI‑4 specific code paths.",0,1,4,0,,,,,,,,,71.276,,,,,,
3cf0507625,ollama_gpt-oss_120b,3,"The patch separates VBT data into global and per‑panel sections, moves panel‑specific parsing to the output probing phase, stores it in connector->panel.vbt, and removes a micro‑optimization check in intel_drrs_frontbuffer_update().",0,1,4,0,,,,,,,,,59.516,,,,,,
3cffb26fbb,ollama_gpt-oss_120b,4,"The patch deletes an unnecessary assignment to the variable 'bytes' in the echoaudio MIDI driver because the value is overwritten later and never read, eliminating a clang dead‑store warning.",0,0,4,0,,,,,,,,,63.53,,,,,,
3d8d3504d2,ollama_gpt-oss_120b,3,"The commit introduces a platform‑specific data structure for Intel Agilex DWC2 USB controller, indicating that its hardware does not support clock‑gating, so the driver can disable that feature on this platform.",0,2,0,4,,,,,,,,,61.301,,,,,,
3dd9c8b5f0,ollama_gpt-oss_120b,4,The patch removes the _bh annotation from all spinlocks in the rxrpc subsystem because RCU callbacks no longer acquire spinlocks and packet handling now runs in an I/O thread rather than soft‑irq context.,0,1,4,0,,,,,,,,,62.309,,,,,,
3de8dd69fa,ollama_gpt-oss_120b,4,"Updates the TI DAC5571 IIO driver to use i2c's .probe_new() callback, which lacks the i2c_device_id argument, and adds explicit device‑id handling inside the probe function.",0,0,4,0,,,,,,,,,55.729,,,,,,
3e1865ba38,ollama_gpt-oss_120b,4,"The commit removes unused conditionals and configuration options from the Qualcomm QMP UFS PHY driver, simplifying the code and eliminating dead paths that are not required by any supported UFS PHY devices.",0,0,4,0,,,,,,,,,58.068,,,,,,
3e5a8e8494,ollama_gpt-oss_120b,4,Adds a reset of the GCC_SDCC_BCR register during SDHC‑MSM controller initialization to clear previous power states and avoid software reset timeout failures.,4,2,0,0,,,,,,,,,64.355,,,,,,
3f64510e3d,ollama_gpt-oss_120b,4,"Updates the RISC‑V Canaan device‑tree for the K210 SoC by splitting the combined timer node into two separate nodes with correct interrupt arrays, eliminating dtbs_check warnings about non‑standard interrupt configuration.",3,1,0,0,,,,,,,,,57.844,,,,,,
3fe012f482,ollama_gpt-oss_120b,4,"Adds a new compatible string for Qualcomm MSM8974 CCI in the I2C dt-bindings, documenting support for two I2C masters.",0,0,4,1,,,,,,,,,57.415,,,,,,
3fe3fd5f30,ollama_gpt-oss_120b,4,"The patch updates the arm64 resume path to load vabits_actual, matching the new __cpu_setup() behavior, so the correct VA bit width is used on 52‑bit enabled builds, fixing boot failures.",4,0,0,0,,,,,,,,,66.363,,,,,,
3ffa9f713c,ollama_gpt-oss_120b,3,"The patch adds error handling to ssi_init(): if platform_driver_register() fails, it now unregisters ssi_pdriver to clean up.",4,0,0,0,,,,,,,,,59.621,,,,,,
403d50341c,ollama_gpt-oss_120b,3,"The patch updates the block layer's bio_copy_data_iter to correctly handle destination bio_vec offsets, restoring functionality needed when bcache copies into bios with non‑zero offsets.",4,0,0,0,,,,,,,,,55.04,,,,,,
40758e493f,ollama_gpt-oss_120b,3,"Adds optional reset‑GPIO handling to the onboard USB hub driver, releasing the reset line after power‑up and asserting it again before power‑down, exposing a new configurable reset control.",0,1,1,4,,,,,,,,,62.418,,,,,,
4088ca3edc,ollama_gpt-oss_120b,3,"The patch removes unused OF header includes (of_irq.h, of_platform.h) from the 8250_dw serial driver and adds the missing mod_devicetable.h, updating the driver’s include list.",0,0,4,0,,,,,,,,,64.459,,,,,,
40e4eb324c,ollama_gpt-oss_120b,3,"The patch changes a left‑shift of a signed 32‑bit constant in __mdiobus_register to use an unsigned type, eliminating undefined behavior flagged by UBSAN.",4,2,1,0,,,,,,,,,61.105,,,,,,
4194442daf,ollama_gpt-oss_120b,3,"The patch adds const qualifiers to pointers of struct detailed_timing used in DRM EDID parsing callbacks, making the data read‑only within those functions.",0,3,4,0,,,,,,,,,61.978,,,,,,
424140d31b,ollama_gpt-oss_120b,3,"The patch updates the xHCI driver to stop enabling U1/U2 link power management for USB3 devices behind tier‑2+ hubs when Intel’s tier policy disallows LPM, adding an early policy check to avoid unnecessary MEL commands.",0,4,2,0,,,,,,,,,65.488,,,,,,
42475735ad,ollama_gpt-oss_120b,4,"The patch deletes a redundant return variable in rtw_wx_get_essid of the r8188eu driver, which was initialized to zero but never assigned, simplifying the code.",0,0,4,0,,,,,,,,,61.283,,,,,,
426d15ad11,ollama_gpt-oss_120b,3,"Adds a check in ext4 to skip launching the ext4lazyinit thread on read‑only mounts, since block allocation isn’t needed, avoiding unnecessary work.",0,1,3,0,,,,,,,,,73.252,,,,,,
42da167bbd,ollama_gpt-oss_120b,3,"The commit updates STM32 device‑tree source files, renaming pinctrl nodes to the standard 'pinctrl' name to silence warnings introduced by a recent pinctrl.yaml addition.",0,0,4,0,,,,,,,,,64.152,,,,,,
435beb4110,ollama_gpt-oss_120b,3,The commit removes Naveen Krishna Chatradhi from the maintainers list of the dt-bindings/hwmon/ntc-thermistor entry because his email bounces.,0,0,1,0,,,,,,,,,55.541,,,,,,
43caf1a682,ollama_gpt-oss_120b,3,"The commit updates the kernel-doc script to replace its custom usage/error handling with the standard Pod::Usage module, integrating documentation printing and simplifying argument parsing error handling.",0,1,3,0,,,,,,,,,59.962,,,,,,
43cf36974d,ollama_gpt-oss_120b,3,"Adds ability for the TPS68470 clock driver to accept multiple consumers via platform data, allowing several sensors on x86 platforms to share the same clock.",0,0,1,4,,,,,,,,,62.683,,,,,,
43da2f0762,ollama_gpt-oss_120b,3,"Adds a CAN/ldisc driver named can327 that lets ELM327 OBD‑II adapters function as inexpensive CAN interfaces, with accompanying documentation.",0,0,1,4,,,,,,,,,54.812,,,,,,
442ec1e5bb,ollama_gpt-oss_120b,4,"Adds a missing space in the ext4 blockmap table heading to realign cells, eliminating the malformed table warning and allowing the documentation to load correctly.",4,0,0,0,,,,,,,,,54.51,,,,,,
44b5554d98,ollama_gpt-oss_120b,4,"The commit updates the thermal driver for MMIO to use the newer device‑tree (OF) registration API, converting its operations to the generic thermal_zone_device_ops structure and registering the zone with the new helper, simplifying initialization.",0,0,4,0,,,,,,,,,61.912,,,,,,
44e36d7552,ollama_gpt-oss_120b,4,"Updates Mediatek mutex driver to use the newly added DDP_COMPONENT_DITHER0 enum index for MT8365, aligning all mutex mod arrays with the revised enum for consistency; no functional behavior changes.",0,0,4,0,,,,,,,,,57.158,,,,,,
450deb93df,ollama_gpt-oss_120b,3,"The patch changes blk-crypto's sysfs registration/unregistration functions to receive a gendisk pointer, using the already available gendisk when these functions are called, in preparation for upcoming block layer sysfs handling changes.",0,0,4,0,,,,,,,,,68.587,,,,,,
46307fd6e2,ollama_gpt-oss_120b,3,"The patch removes an incorrect spinlock (css_set_lock) around kernfs_walk_and_get, which may sleep, and adds a special helper for the default cgroup hierarchy to safely reference the root cgroup without holding the lock.",4,0,2,0,,,,,,,,,62.657,,,,,,
463be3cb35,ollama_gpt-oss_120b,3,"The commit updates the Rockchip arm64 device tree for NanoPi4, adding the enable-strobe-pulldown property to the eMMC PHY to re‑enable the internal pull‑down on the strobe line, fixing HS400 mode I/O errors.",4,1,0,0,,,,,,,,,64.997,,,,,,
4665770407,ollama_gpt-oss_120b,3,"Adds DSD audio bit format support (DSD_U8, DSD_U16_LE, DSD_U32_LE) to the Freescale SAI ASoC driver, extending its format handling.",0,0,1,4,,,,,,,,,53.027,,,,,,
466c1e6d05,ollama_gpt-oss_120b,3,"The patch adds missing cleanup calls in the probe and resource‑setup error paths of the sun8i_a83t MIPI CSI‑2 driver, mirroring the remove function, to correctly free allocated resources when initialization fails.",4,0,0,0,,,,,,,,,63.018,,,,,,
470308d9d2,ollama_gpt-oss_120b,3,"The patch renames macros in the gpio‑f7188x driver by adding a common prefix, cleaning up the GPIO namespace; no functional changes, only naming/style adjustments.",0,0,4,0,,,,,,,,,63.928,,,,,,
48bff1053c,ollama_gpt-oss_120b,4,"The patch changes the random driver so that reads from /dev/urandom attempt a best‑effort entropy generation; if it succeeds the RNG is marked initialized, making the device safe without requiring a guaranteed entropy call.",0,4,1,0,,,,,,,,,57.591,,,,,,
4919d3eb2e,ollama_gpt-oss_120b,4,"Reorders RTC‑CMOS driver init so cmos_wake_setup() runs after cmos_do_probe() sets driver data, eliminating a NULL‑pointer dereference in rtc_handler() on boot.",4,0,2,0,,,,,,,,,62.803,,,,,,
4967a7803c,ollama_gpt-oss_120b,4,"The commit corrects a typo in the IOAT DMA engine module description, changing ""idel"" to ""idle"", without altering any functional code.",0,0,4,0,,,,,,,,,54.112,,,,,,
49fd9b6df5,ollama_gpt-oss_120b,3,"The patch updates many kernel comments in mm/vmscan, replacing references to pages with folios after the folio conversion, without altering code behavior.",0,0,4,0,,,,,,,,,66.163,,,,,,
4b2b4370a8,ollama_gpt-oss_120b,4,"The commit updates the AD5380 IIO DAC driver to use the i2c core’s .probe_new() callback, which lacks the i2c_device_id argument, and adds explicit device‑id lookup inside the probe function.",0,1,3,0,,,,,,,,,55.596,,,,,,
4b9f8ce4d5,ollama_gpt-oss_120b,3,Renames iscsi_conn_queue_work() to iscsi_conn_queue_xmit() in the iSCSI driver to better describe its role of queuing only transmit operations.,0,0,3,0,,,,,,,,,53.868,,,,,,
4ccc6db090,ollama_gpt-oss_120b,4,"The patch replaces atomic_long_cmpxchg with atomic_long_try_cmpxchg in __io_account_mem, removing an extra compare and simplifying code, with no functional behavior change.",0,0,4,0,,,,,,,,,71.074,,,,,,
4d26ba671e,ollama_gpt-oss_120b,3,"The patch removes now‑redundant validation checks in the IOMMU .release_device path and stops freeing fwspec structures that the core now handles, simplifying the release flow.",0,0,4,0,,,,,,,,,56.027,,,,,,
4d2a3c169b,ollama_gpt-oss_120b,4,"Corrects a misspelled word 'postion' to 'position' in the IB/qib driver, affecting only comments or identifiers without changing behavior.",0,0,4,0,,,,,,,,,115.562,,,,,,
4d352eb91a,ollama_gpt-oss_120b,3,"Adds the #reset-cells property to the Mediatek MT8192/MT8195 device‑tree bindings, setting its value to 1 and linking to existing infra_ao reset definitions.",0,0,4,0,,,,,,,,,55.059,,,,,,
4d40ceef47,ollama_gpt-oss_120b,4,"Adds support for Intel 5 Series/3400 PCI device ID 0x3b57, handling it like 0x3b56, enabling HDMI/DP audio via i915 and fixing issue 2751 where audio was non‑functional.",4,0,0,2,,,,,,,,,67.012,,,,,,
4d8f52ac5f,ollama_gpt-oss_120b,3,"The patch updates the clocksource-switch self‑test to correctly propagate child process errors by interpreting system()'s waitpid‑style return with appropriate macros, instead of returning it directly which always yielded zero.",4,0,0,0,,,,,,,,,72.814,,,,,,
4dc84c06a3,ollama_gpt-oss_120b,3,"The patch expands the ethtool ring‑parameter interface to include get/set operations for the driver’s tx_push setting, allowing userspace to control the fast‑path descriptor push via ethtool -G/g.",0,0,1,4,,,,,,,,,60.401,,,,,,
4dd9989164,ollama_gpt-oss_120b,3,"The patch removes an unnecessary 'return' statement from a void function in the ALSA hda/via driver, cleaning up the code.",0,0,4,0,,,,,,,,,55.767,,,,,,
4df002d908,ollama_gpt-oss_120b,3,"The patch changes rcuscale's Kconfig so it can be built without RCU Tasks (e.g., on CONFIG_PREEMPT_NONE kernels), removing an unnecessary dependency, reducing kernel size and simplifying tracing.",0,0,3,0,,,,,,,,,68.355,,,,,,
4e05a4b329,ollama_gpt-oss_120b,3,"Adds checks of rxe_get() return values in RDMA/rxe tasklets to detect when a queue‑pair reference count has dropped to zero, preventing use of an invalid qp after the reference is released.",0,4,2,0,,,,,,,,,57.461,,,,,,
4e0c19fcb8,ollama_gpt-oss_120b,3,"Adds a teardown helper that frees tagger-owned storage when a DSA switch driver is unbound, ensuring proper cleanup and avoiding use-after-free.",4,3,0,0,,,,,,,,,61.314,,,,,,
4e5bc0a9a1,ollama_gpt-oss_120b,3,"The patch extends io_uring's completion queue handling by adding storage for two 64‑bit return values needed by the CQE32 format, reusing the existing hash‑list node structure to hold this extra data.",0,0,1,4,,,,,,,,,67.435,,,,,,
4ec25b49f4,ollama_gpt-oss_120b,3,"The commit modifies the XDP redirect self‑test to create a temporary network namespace instead of using a fixed name, avoiding name collisions when the namespace already exists.",0,0,4,0,,,,,,,,,65.892,,,,,,
4efb98e963,ollama_gpt-oss_120b,3,"The commit moves the module_list size computation inside the modules loop in the ASoC qdsp6 audioreach driver, removing a separate calculation and simplifying the code.",0,0,4,0,,,,,,,,,68.533,,,,,,
4f03dcc6b9,ollama_gpt-oss_120b,3,"Adds a check that existing DSA master devices cannot be attached as upper interfaces of other device types, except when the switch uses no DSA tags, ensuring LAG interfaces of DSA masters stay DSA masters and preventing later addition of unsupported upper ports.",0,4,0,0,,,,,,,,,61.059,,,,,,
4f3701fc59,ollama_gpt-oss_120b,3,"Adds qca8k_bulk_read/write helpers that use the management Ethernet path for bulk packet I/O, updates FDB handling to use them and reduces the register count for FDB reads from four to three.",0,0,2,4,,,,,,,,,65.481,,,,,,
4f57332d6a,ollama_gpt-oss_120b,3,"The commit adds logic to query and probe active Subfunctions (SFs) during the mlx5 driver probe, fixing a situation where SF devices on different functions were not recreated after the parent driver reloads.",4,1,1,0,,,,,,,,,67.64,,,,,,
4f9f531e15,ollama_gpt-oss_120b,3,"The patch replaces separate calls to dma_set_mask() and dma_set_coherent_mask() with the combined dma_set_mask_and_coherent(), removes dead code, and folds qed_set_coherency_mask() into its caller, simplifying the qed driver’s DMA mask handling.",0,1,4,0,,,,,,,,,117.969,,,,,,
4fb35936a3,ollama_gpt-oss_120b,3,"The patch adds a kernel configuration option that enables building of the AMD RPL Platform ACP audio drivers, allowing the drivers to be compiled when the option is selected.",0,0,0,4,,,,,,,,,53.239,,,,,,
507f788d05,ollama_gpt-oss_120b,3,"The commit updates the arm64 lib strcmp implementation by importing the latest upstream Arm Optimized Routines version, which adds Memory Tagging Extension (MTE) support.",0,0,3,0,,,,,,,,,59.918,,,,,,
5099478e43,ollama_gpt-oss_120b,3,"The commit modifies the lpfc driver to derive VMID registration from fabric‑provided FLOGI_ACC parameters instead of static module parameters, ensuring compatibility across different switch brands.",0,3,2,0,,,,,,,,,61.352,,,,,,
50a7d025ca,ollama_gpt-oss_120b,3,"The commit adds a RAS poison creation handler to the amdgpu DRM driver and separates the UMC handler, preparing for a future poison consumption handler.",0,1,1,4,,,,,,,,,63.381,,,,,,
50cfde3349,ollama_gpt-oss_120b,4,"The commit updates the maintainer entry in the dt-bindings clock YAML file for rockchip,rk3395-cru.yaml, replacing an outdated maintainer with the current Rockchip clock maintainer as requested.",0,0,3,0,,,,,,,,,57.901,,,,,,
50f094a558,ollama_gpt-oss_120b,4,"The patch stops ext4 from incrementing the i_version counter on EA inodes, because those inodes repurpose i_version for reference‑count storage; it adds a check in ext4_mark_iloc_dirty() to skip inode_inc_iversion() when EXT4_EA_INODE_FL is set, fixing the xfstest ext4/026 failure.",4,0,0,0,,,,,,,,,74.335,,,,,,
512865d83f,ollama_gpt-oss_120b,3,"The commit changes the default PSCI version reported to KVM guests on arm64 from the previous value to 1.1, updating a constant/default configuration without altering functionality.",0,0,3,0,,,,,,,,,59.637,,,,,,
5192e395c5,ollama_gpt-oss_120b,4,"The patch replaces all strlcpy calls with strscpy in the misc subsystem where the return value was ignored, using a coccinelle script. Both functions behave the same for this usage, so the change is purely API substitution.",0,0,4,0,,,,,,,,,61.783,,,,,,
51cd31ae20,ollama_gpt-oss_120b,4,"The commit updates Qualcomm MSM8960 pin controller device‑tree binding files to the new DT schema, renaming child nodes with '-state' and '-pins' suffixes to match other Qualcomm schemas and ensure consistent parsing.",0,0,4,0,,,,,,,,,58.317,,,,,,
51e76a232f,ollama_gpt-oss_120b,4,"Adds cleanup to free mount options on ntfs_fill_super() error path, eliminating a memory leak reported by syzbot.",4,0,0,0,,,,,,,,,55.683,,,,,,
526e6ca5d1,ollama_gpt-oss_120b,3,"The patch eliminates a duplicate call that sends the EnableGfxImu message, ensuring the message is only sent once from set_gfx_power_up_by_imu.",0,2,4,0,,,,,,,,,59.537,,,,,,
528ef2d996,ollama_gpt-oss_120b,3,"Adds a macro in mm/damon/modules-common to generate identical module parameters for DAMON_RECLAIM and DAMON_LRU_SORT, reducing duplication and easing future reuse.",0,0,4,0,,,,,,,,,68.201,,,,,,
534bd70374,ollama_gpt-oss_120b,3,"The patch adjusts the CC_HAS_ASM_GOTO_TIED_OUTPUT Kconfig test to work when /bin/sh is dash by removing a newline that caused syntax errors, ensuring the test detects the compiler feature correctly.",4,0,0,0,,,,,,,,,67.444,,,,,,
537f8ffbdf,ollama_gpt-oss_120b,4,"The commit deletes the mt8195-specific MOD0 and SOF0 macro definitions and makes the mt8195 platform use the existing mt8183 definitions, eliminating duplicate code.",0,0,4,0,,,,,,,,,63.887,,,,,,
546a5d6122,ollama_gpt-oss_120b,4,"The patch caps ceph MDS request retries at 256 to avoid overflow of the 8‑bit retry counter, stopping further retries when the limit is exceeded.",4,0,0,0,,,,,,,,,58.053,,,,,,
54739cc6b4,ollama_gpt-oss_120b,3,"Renames the preparation and issue handler functions for poll‑remove and file‑update requests to follow the io_<cmd>_prep / io_<cmd> naming pattern, making the io_uring codebase consistent.",0,0,4,0,,,,,,,,,54.845,,,,,,
550842cc60,ollama_gpt-oss_120b,4,"Adds a guard in ocfs2_dlm_shutdown to skip cleanup when the DLM resource was never initialized, preventing a kernel crash after mount failures.",4,0,0,0,,,,,,,,,60.861,,,,,,
552b7cb0ee,ollama_gpt-oss_120b,4,"The commit relocates the calcs directory, which contains FPU code, into the DML directory to follow project guidelines, and fixes compilation issues when DCN is disabled.",0,2,4,0,,,,,,,,,58.046,,,,,,
560f7736b9,ollama_gpt-oss_120b,2,Fixes handling of very fragmented attributes in NTFS3's attr_punch_hole by adding a call to ni_find_attr attr_b to locate the attribute correctly.,4,0,0,0,,,,,,,,,61.346,,,,,,
5614dc3a47,ollama_gpt-oss_120b,4,"The patch fixes a memory leak that occurs when resolve_indirect_refs() aborts on error; it replaces ulist_free() with free_leaf_list() to also free inode lists attached via the aux field, and moves/simplifies free_leaf_list().",4,0,2,0,,,,,,,,,60.799,,,,,,
562f5bc48a,ollama_gpt-oss_120b,4,"The patch edits spte.h in the KVM x86 MMU code to delete a duplicated phrase “be split be split”, leaving a single “be split”. It only changes a comment, not code logic.",0,0,4,0,,,,,,,,,66.769,,,,,,
569c746b8a,ollama_gpt-oss_120b,3,Adds a create_pidcomm helper in perf timechart to consolidate duplicated allocation of per-pid communication structures.,0,0,4,0,,,,,,,,,67.868,,,,,,
570a4bf744,ollama_gpt-oss_120b,3,"The patch updates rxe_resp.c's read_reply() to correctly compute the memory region (mr) value when forming a READ reply, fixing a rare case where mr became zero and caused the rping benchmark to fail on long runs.",4,0,0,0,,,,,,,,,64.315,,,,,,
571650b3a3,ollama_gpt-oss_120b,3,"The patch modifies the bq25890 driver to use regulator_init_data only for the VBUS regulator, removing it from the VSYS regulator config before registration, preventing duplicate consumer supply registration that caused probe failure.",4,1,1,0,,,,,,,,,59.735,,,,,,
577be05c89,ollama_gpt-oss_120b,3,"The patch corrects migrate_pages() handling of THP migration failures when the kernel returns -ENOSYS. It moves the failed THP from the ""from"" list to ""ret_pages"" to avoid double counting, and aligns the error handling for hugetlbfs pages, improving code clarity.",4,2,2,0,,,,,,,,,66.292,,,,,,
57ded5fc98,ollama_gpt-oss_120b,3,"The patch adds acquisition of the RPM runtime power management wakelock around the PXP hardware cleanup performed during driver unbind, mirroring a similar change for suspend, to eliminate the “RPM wakelock ref not held during HW access” warning.",4,2,0,0,,,,,,,,,75.317,,,,,,
5877b7ddbc,ollama_gpt-oss_120b,3,"The patch updates the PSP_BL_CMD enumeration in the amdgpu driver to exactly match the definitions in the trusted OS, correcting a mismatch that could cause incorrect command handling.",4,1,2,0,,,,,,,,,60.143,,,,,,
58e0be1ef6,ollama_gpt-oss_120b,3,"The patch updates the bonding driver to copy IPv4/IPv6 source addresses using __struct_group() (struct_group) instead of raw memcpy, eliminating compiler warnings about reading beyond field size.",0,0,4,0,,,,,,,,,64.829,,,,,,
590a8e564c,ollama_gpt-oss_120b,4,"Adds a flag to mark a cancelled transmit as aborted and stops retrying, preventing hardware buffer overwrite that caused garbled CEC data.",4,0,0,0,,,,,,,,,64.64,,,,,,
593c5ba288,ollama_gpt-oss_120b,4,"The commit updates the MAINTAINERS file for the broadcom USB driver, replacing Al Cooper with Justin Chen as the internal maintainer and adding him as an upstream maintainer.",0,0,0,0,,,,,,,,,62.123,,,,,,
59915143e8,ollama_gpt-oss_120b,4,"The patch extracts the timeout opcode implementations and related handling code from the main io_uring core into a dedicated source file, updating includes and build system accordingly.",0,0,4,0,,,,,,,,,57.003,,,,,,
59a811faa7,ollama_gpt-oss_120b,4,"The patch renames struct udl_drm_connector to udl_connector, removing the redundant _drm_ prefix, and adds a macro for upcasting from drm_connector. No functional changes are introduced.",0,0,4,0,,,,,,,,,57.925,,,,,,
5a0893088a,ollama_gpt-oss_120b,4,The patch deletes the unused prototype __arch_set_user_pkey_access() from the x86/pkeys code because the function is neither defined nor referenced.,0,0,4,0,,,,,,,,,58.962,,,,,,
5a420ed964,ollama_gpt-oss_120b,4,"The patch removes the reg_from_user() and reg_to_user() helpers in KVM arm64 code and replaces their calls with the standard get_user()/put_user() primitives, simplifying the implementation.",0,1,3,0,,,,,,,,,61.261,,,,,,
5a48b7433a,ollama_gpt-oss_120b,4,"The commit updates the net/dsa documentation, correcting several typographical, grammatical, and punctuation errors without altering code behavior.",0,0,0,0,,,,,,,,,58.741,,,,,,
5a5866c28b,ollama_gpt-oss_120b,4,"The patch edits Documentation/process/changes.rst, replacing a hard‑coded version number (4.x) with the placeholder 'latest' so the document stays accurate for future kernel releases.",0,0,1,0,,,,,,,,,60.819,,,,,,
5a709a46e4,ollama_gpt-oss_120b,3,"The patch removes the mutex lock/unlock around the bvalid IRQ handler in the Rockchip INNO USB2 PHY driver, asserting that clearing the IRQ is atomic and the lock is unnecessary.",0,2,4,0,,,,,,,,,60.815,,,,,,
5b2c5540b8,ollama_gpt-oss_120b,3,"Aligns tcp_bpf_recvmsg_parser() error handling with the TCP stack, returning correct error codes (e.g., sock_error, abort on shutdown) instead of EAGAIN, fixing mismatched behavior that caused bogus errors and latency for applications using BPF sockmap.",4,0,1,0,,,,,,,,,105.962,,,,,,
5b3dc949f5,ollama_gpt-oss_120b,3,Adds a missing ida_free() (previously ida_simple_remove()) in the alcor_pci probe error path and replaces deprecated ida_simple_get()/remove() with ida_alloc()/ida_free().,4,1,2,0,,,,,,,,,61.143,,,,,,
5b45b1c8b8,ollama_gpt-oss_120b,3,"The commit reverts a previous change that populated the DCN315 clock table using dcfclk values, because that caused a no‑read/underflow situation when dcfclk states are disabled.",4,0,0,0,,,,,,,,,63.458,,,,,,
5bd8d53f6f,ollama_gpt-oss_120b,3,"The commit adds a debugfs file amdgpu_reset_level to the amdgpu driver, allowing users to select and block specific reset types, with the default disabling mode2 reset.",0,1,0,4,,,,,,,,,66.247,,,,,,
5bfa685e62,ollama_gpt-oss_120b,4,"The patch modifies the KVM arm64 VGIC code so that when reading interrupt pending registers, it fetches the pending state from the physical distributor (or timer) for hardware‑mapped interrupts, correcting the mismatch where the virtual distributor reported wrong state.",4,0,1,0,,,,,,,,,77.029,,,,,,
5c190e5394,ollama_gpt-oss_120b,3,"The patch replaces manual bitwise manipulation of PLANE_WM_BLOCKS_MASK with REG_FIELD_PREP and REG_FIELD_GET macros, and updates skl_wm_level_from_reg_val to use REG_FIELD_GET, improving consistency and size safety.",0,2,4,0,,,,,,,,,62.128,,,,,,
5c8dca9740,ollama_gpt-oss_120b,4,"Removes an unused forward declaration from pwm.h that was only required before a prior commit dropped the per‑chip dbg_show callback, cleaning up dead code.",0,0,4,0,,,,,,,,,57.367,,,,,,
5cb76899fb,ollama_gpt-oss_120b,4,The patch simplifies ipa_table_init_add() by replacing opcode and separate region IDs with two flags (filter and ipv6). It uses ipa_table_mem() to select the correct memory region and removes the assumption that a hashed table entry always exists.,0,2,3,0,,,,,,,,,55.745,,,,,,
5cf2c75b5b,ollama_gpt-oss_120b,4,"The patch extracts all devlink‑related code from dsa.c and dsa2.c into a new devlink.c and adds a dedicated devlink.h, minimizing use of the generic dsa_priv.h and cleaning up the DSA driver files.",0,0,4,0,,,,,,,,,56.939,,,,,,
5d543f13e2,ollama_gpt-oss_120b,3,"The patch corrects NR_FILE_MAPPED accounting for file/shmem huge pages by moving the __mod_lruvec_page_state() call to ensure it is not skipped, eliminating a race that caused inflated 'Mapped' values in /proc/meminfo.",4,0,1,0,,,,,,,,,71.055,,,,,,
5d7943d99d,ollama_gpt-oss_120b,3,The patch updates the io_uring poll‑cancel path to carry the current locking state (issue_flags) so that the cancellation functions can acquire the uring lock when needed.,0,2,3,0,,,,,,,,,71.229,,,,,,
5dc6ce767d,ollama_gpt-oss_120b,4,"Adds a compatible string entry for the Renesas RZ/V2L (R9A07G054) SoC in the Mali‑Bifrost GPU dt‑bindings documentation, updating the binding file to recognize this hardware.",0,0,4,0,,,,,,,,,67.659,,,,,,
5f24d5a579,ollama_gpt-oss_120b,3,"Adds support for high userspace addresses in hugetlb mmap by using arch_get_mmap_base/end in hugetlb_get_unmapped_area, moving those macros to a common header. Fixes regression where hugetlb could return addresses above 48‑bit on ARM64 after prior commit.",4,2,1,0,,,,,,,,,59.545,,,,,,
5f334d88c2,ollama_gpt-oss_120b,3,"The patch updates perf stat printing code so that most print functions receive a pointer to the existing struct outstate, adding the parameter to evlist__print_counters() and forwarding it to its child functions.",0,1,3,0,,,,,,,,,59.759,,,,,,
5f8981d699,ollama_gpt-oss_120b,3,"Adds missing le32_to_cpu() conversions and switches to %d for atomic_read() values in the habanalabs driver, correcting the printed output of out‑of‑sync and packet‑failure events.",4,1,0,0,,,,,,,,,54.931,,,,,,
5fd6c4f0a6,ollama_gpt-oss_120b,3,"Adds ACPI ID support to enumerate Cypress CCGX PD controller over designware I2C on AMD platforms, enabling kernel to recognize the client.",0,0,0,4,,,,,,,,,62.541,,,,,,
602a4eda68,ollama_gpt-oss_120b,4,"The commit replaces an outdated aer‑inject repository URL with the correct link referenced in the PCI AER documentation, updating the source code/comments accordingly.",0,0,4,0,,,,,,,,,65.599,,,,,,
6076dc349b,ollama_gpt-oss_120b,3,"Extracts a duplicated loop for patching entry fixups in PowerPC code into a new helper function do_patch_entry_fixups(), reducing repetition.",0,0,4,0,,,,,,,,,59.53,,,,,,
607c04a044,ollama_gpt-oss_120b,3,"The commit updates the MMP DMA engine driver to stop using the deprecated '#dma-channels' DT property, switches to the standard 'dma-channels' property, and adds compatibility handling for older device trees.",0,1,4,0,,,,,,,,,68.265,,,,,,
609cc5e1a8,ollama_gpt-oss_120b,4,"Migrates MediaTek clock driver code to the new clk_hw API by replacing struct clk with struct clk_hw, updating related data structures and call sites via a coccinelle script, while keeping temporary bridges for compatibility.",0,0,4,0,,,,,,,,,58.15,,,,,,
60b3c27fb9,ollama_gpt-oss_120b,4,"The patch renames the struct pcie_port to dw_pcie_rp throughout the DesignWare PCIe core driver to align with the dw_ prefix used elsewhere, improving naming consistency.",0,0,4,0,,,,,,,,,68.544,,,,,,
60f6fe665e,ollama_gpt-oss_120b,3,The commit changes the DCN315 display driver to read its clock table from dcfclk instead of fclk and adds checks that an empty pmfw table does not produce invalid DAL clocks.,3,2,0,0,,,,,,,,,63.325,,,,,,
610b17b05c,ollama_gpt-oss_120b,3,"The commit updates kernel-doc comments in security/lsm_audit.c to describe the missing 'ab' parameter in dump_common_audit_data, eliminating documentation warnings.",0,0,4,0,,,,,,,,,67.927,,,,,,
6124cec530,ollama_gpt-oss_120b,4,"The commit corrects a typo in the SC8180x pinctrl driver’s wakeirq_map where GPIO36 and GPIO37 shared the same wake IRQ number, assigning the proper wake IRQ to GPIO37 so it can generate interrupts.",4,0,0,0,,,,,,,,,66.628,,,,,,
616c4a83b6,ollama_gpt-oss_120b,4,"The commit updates an outdated comment in the IPA network driver to reflect that command info entries are no longer allocated after a prior change, correcting documentation without altering code behavior.",0,0,4,0,,,,,,,,,53.611,,,,,,
617a0d9fe6,ollama_gpt-oss_120b,3,"The patch updates the at91 sama5d27_wlsom1 device tree to stop forcing the LDO2 regulator on by default, because no driver uses it.",0,2,2,0,,,,,,,,,65.701,,,,,,
618f5df1f6,ollama_gpt-oss_120b,4,"The patch lowers the severity of a warning about unclaimed register accesses in the i915 uncore driver to debug level, keeping the message visible for developers while avoiding noisy warnings for harmless cases.",0,0,4,0,,,,,,,,,61.524,,,,,,
619064afa9,ollama_gpt-oss_120b,3,"Reorganizes vgic attribute handling in KVM arm64 by moving early vgic_{get,set}_common_attr() calls into the default switch case and deduplicating related code, improving readability.",0,0,4,0,,,,,,,,,61.227,,,,,,
61a9fa154d,ollama_gpt-oss_120b,4,"The patch changes the return handling in tve200_modeset_init() to assign a definite error code instead of an ambiguous zero, eliminating a smatch static‑analysis warning.",0,1,4,0,,,,,,,,,64.337,,,,,,
6215a7c8f5,ollama_gpt-oss_120b,3,Adds support for the ADL‑S graphics device by inserting its PCI identifier into the i915 driver’s PCI ID table.,0,0,0,4,,,,,,,,,66.847,,,,,,
63198aaa91,ollama_gpt-oss_120b,4,"The patch removes the __func__ macro from dev_dbg calls in the Intel soundwire driver, letting dyndbg supply module and function info. It changes only the debug statements, leaving functional behavior unchanged.",0,0,4,0,,,,,,,,,53.983,,,,,,
632d069852,ollama_gpt-oss_120b,3,"The commit updates the AMD GPU display driver’s self‑refresh watermarks for the DCN3.14 hardware, applying new values supplied by the hardware team for all memory types.",0,2,2,0,,,,,,,,,61.501,,,,,,
6344e66970,ollama_gpt-oss_120b,4,"The patch changes vfs_setxattr() to take a const pointer for the value argument, reflecting that the data is not modified, and removes the need for a const‑cast in ovl_do_setxattr().",0,2,4,0,,,,,,,,,62.066,,,,,,
635dcd1684,ollama_gpt-oss_120b,4,"Switches thunderbolt test suite to use kunit_test_suite() macro, avoiding module_init conflict, and updates Kconfig to enable the test when KUNIT_ALL_TESTS is set, allowing kunit_tool to run the tests.",0,0,4,0,,,,,,,,,72.478,,,,,,
63c34cb4c6,ollama_gpt-oss_120b,3,"Adds a new internal helper that checks a file range has no ordered extents and integrates it into fallocate, hole punching, zero‑range and reflink paths, ensuring the range is clean after locking.",0,4,2,0,,,,,,,,,61.012,,,,,,
6407cf5332,ollama_gpt-oss_120b,3,"The patch replaces kthread_stop() usage in i915 selftests with kthread_work and explicit signaling, because kthread_stop now asserts pending signals causing premature thread termination and test failures.",3,2,2,0,,,,,,,,,68.13,,,,,,
6440a6c23f,ollama_gpt-oss_120b,4,"Extends the xdpsock BPF sample to let users set destination and source MAC addresses for transmit‑only mode via new -G/--tx-dmac and -H/--tx-smac options, preserving default MAC behavior.",0,0,0,4,,,,,,,,,122.593,,,,,,
647df0d41b,ollama_gpt-oss_120b,4,"Adjusts the printk format in the amd-xgbe driver from %hx to %x to match integer promotion rules, eliminating a clang -Wformat warning.",0,2,3,0,,,,,,,,,63.713,,,,,,
64ac0befe7,ollama_gpt-oss_120b,3,"The patch modifies the MIPS jump_label branch range check to cast the upper bound to a signed long before comparison, ensuring a signed compare and avoiding warnings caused by negative offsets.",4,0,1,0,,,,,,,,,67.588,,,,,,
6598b91b5a,ollama_gpt-oss_120b,4,"The patch rewrites SPI driver statistics to use per‑CPU u64_stats_t, eliminating many spin_lock_irqsave() calls and cutting interrupt handling latency.",0,0,4,0,,,,,,,,,57.563,,,,,,
65b462fc7e,ollama_gpt-oss_120b,3,Enables the GENERIC0_INT interrupt for graphics/compute pipes so the RLC can be signaled to access indirect registers that the CP cannot reach directly.,0,1,0,3,,,,,,,,,58.395,,,,,,
65d012e415,ollama_gpt-oss_120b,3,"The patch removes the reg field from the r8a73a4_cpg structure, as it is only needed during init, and passes the register base pointer as a local variable to r8a73a4_cpg_register_clock().",0,0,4,0,,,,,,,,,55.05,,,,,,
65ea840afd,ollama_gpt-oss_120b,4,"Updates s10_ops_write_init() to use IS_ERR() instead of NULL when checking the return of stratix10_svc_allocate_memory(), because that function returns ERR_PTR() on error.",4,0,0,0,,,,,,,,,59.819,,,,,,
672d6ca758,ollama_gpt-oss_120b,4,"Adds a workaround that re‑reads the DPCD SUPPORTED_LINK_RATES at each eDP link training to restore the Parade PS8461E MUX’s link‑rate state after power‑down, preventing fallback to low‑quality mode.",4,2,0,0,,,,,,,,,66.456,,,,,,
67ec2c75f3,ollama_gpt-oss_120b,4,"The patch replaces manual swapping of two variables in net2280.c with the generic swap() helper, removing the now‑unused temporary variables, to silence Coccinelle warnings.",0,0,4,0,,,,,,,,,64.607,,,,,,
67fda6c2df,ollama_gpt-oss_120b,4,"The patch eliminates the HW_VAR_H2C_FW_P2P_PS_OFFLOAD case from SetHwReg8188EU() and calls the underlying function directly, simplifying the driver and removing unused HAL layer code.",0,0,4,0,,,,,,,,,63.741,,,,,,
690b2549b1,ollama_gpt-oss_120b,3,"Adds a cap to the user‑provided data->block[0] in ismt_access() to stay within dma_buffer limits, preventing out‑of‑bounds writes.",4,0,0,0,,,,,,,,,58.532,,,,,,
6961b5e028,ollama_gpt-oss_120b,4,"The patch initializes the 'shared' flag in the NVMe namespace head before allocating a multipath disk, ensuring nvme_is_unique_nsid() correctly detects unique namespaces and prevents block device name collisions when multipath and shared namespaces are used.",4,1,0,0,,,,,,,,,56.863,,,,,,
696c390115,ollama_gpt-oss_120b,3,"Adds a BPF self‑test exercising __user pointer tags, verifying that programs accessing user memory are rejected with Permission denied.",0,0,1,4,,,,,,,,,65.959,,,,,,
6a0abf8ff9,ollama_gpt-oss_120b,3,"Updates kernel documentation to state that SAVEKMSG_MAGIC[12] constants are not magic numbers, explaining their role in dumping dmesg to Chip RAM on Amiga with debug=ram.",0,0,4,0,,,,,,,,,54.049,,,,,,
6a47a16dce,ollama_gpt-oss_120b,4,"The patch changes tfp410_fini() from returning an int (always zero) to returning void, updating its prototype and callers. It also notes future similar changes for i2c and platform driver remove callbacks.",0,1,4,0,,,,,,,,,63.017,,,,,,
6a6f457ed5,ollama_gpt-oss_120b,3,Adds a null‑pointer check for sta_rates in mt7615_sta_rate_tbl_update to avoid dereferencing when minstrel_ht_update_rates fails to allocate the rates array.,3,1,0,0,,,,,,,,,60.334,,,,,,
6b2748ada2,ollama_gpt-oss_120b,3,"Adds a YAML device‑tree binding file describing the LoongArch CPU interrupt controller’s 14 IRQs, enabling platforms to represent the wiring in DT.",0,0,1,4,,,,,,,,,64.005,,,,,,
6c1f41afc1,ollama_gpt-oss_120b,4,"The patch changes batman-adv's interface traversal to stop assuming iflink indices are globally unique, adding checks for netns and handling special cases like vxcan_get_iflink returning 0.",4,2,0,0,,,,,,,,,56.85,,,,,,
6c98ac4212,ollama_gpt-oss_120b,3,"The commit corrects the pinctrl driver for Nuvoton wpcm450 so that the SCS3SEL and KBCCSEL multiplex selection bits, which use inverted logic, are interpreted correctly, fixing the GPIO/special‑function selection behavior.",4,0,0,0,,,,,,,,,58.208,,,,,,
6cc2714e85,ollama_gpt-oss_120b,4,"The patch corrects the constant used in a compile‑time size check for the TX side of kTLS in the mlx5e driver, replacing the wrong value with TLS_DRIVER_STATE_SIZE_TX.",4,0,0,0,,,,,,,,,57.819,,,,,,
6ccaaf59c3,ollama_gpt-oss_120b,3,"The patch changes do_sys_name_to_handle() to take a const‑qualified path argument, improving const‑correctness in the kernel.",0,2,4,0,,,,,,,,,72.25,,,,,,
6d9b32fb3e,ollama_gpt-oss_120b,3,"The patch replaces dev_err calls in the Qualcomm QMP UFS PHY probe with dev_err_probe, which auto‑handles -EPROBE_DEFER, logs the error name, and records the defer reason for debugfs.",0,1,3,0,,,,,,,,,54.296,,,,,,
6dd3be6923,ollama_gpt-oss_120b,4,"Removes a redundant word from a comment in the bcache driver, cleaning up documentation.",0,0,3,0,,,,,,,,,57.174,,,,,,
6ddf5f165f,ollama_gpt-oss_120b,3,"Implements a GETVXATTR operation in the Ceph client, enabling direct queries to the MDS for directory and file virtual extended attributes, supporting JSON and legacy formats.",0,0,0,4,,,,,,,,,76.936,,,,,,
6e1e59c1ca,ollama_gpt-oss_120b,4,"The patch deletes the irq_prepare_beacon_tasklet member from recv_priv in the r8188eu driver because it is never referenced, cleaning up dead code.",0,0,4,0,,,,,,,,,65.845,,,,,,
6e1ff1459e,ollama_gpt-oss_120b,3,"Adds ability for the Intel SOF ES8336 ASoC driver to use a separate GPIO line for headphone control, allowing independent speaker and headphone switching.",0,0,0,4,,,,,,,,,58.879,,,,,,
6e87c8f074,ollama_gpt-oss_120b,4,"Adds a Qualcomm display clock controller driver for SM6125 platforms, enabling display drivers to probe and manage their clocks.",0,0,0,4,,,,,,,,,66.234,,,,,,
6eaf08770e,ollama_gpt-oss_120b,3,"The patch adds a runtime warning in ACPICA’s executer when a sleep longer than 10 ms occurs, to highlight potential boot‑time delays.",0,2,2,0,,,,,,,,,63.886,,,,,,
6ee3c393ee,ollama_gpt-oss_120b,3,"Demotes the ""Cannot find parent device"" message from error to warning for macvtap on batadv when moved to another netns, updating the text to clarify that the sanity check was skipped.",0,0,2,0,,,,,,,,,63.218,,,,,,
6f3c9dbb65,ollama_gpt-oss_120b,3,"Adds a NULL‑pointer guard in amdgpu_smu_stb_debug_fs_init so the function safely returns when the SMU block is not enabled, preventing a crash.",4,0,0,0,,,,,,,,,58.94,,,,,,
6fb271f1bc,ollama_gpt-oss_120b,4,"Adds a check in __nvme_fc_abort_outstanding_ios() to restart the NVMe-FC admin queue when required, fixing a condition where the controller could not handle admin requests and caused I/O hangs.",4,0,0,0,,,,,,,,,58.059,,,,,,
6fd1d51cfa,ollama_gpt-oss_120b,4,"The patch introduces a new socket option SO_RCVMARK so that the packet mark (SO_MARK) is delivered in ancillary data via recvmsg(), and renames sock_recv_ts_and_drops() to sock_recv_cmsgs() for clearer semantics.",0,0,1,4,,,,,,,,,59.392,,,,,,
700f7e2909,ollama_gpt-oss_120b,4,"The patch deletes the redundant word 'new' from comments in the rtl8192e driver, cleaning up duplicated wording without changing any code logic.",0,0,4,0,,,,,,,,,62.442,,,,,,
7058e68c2f,ollama_gpt-oss_120b,4,"The commit deletes the OMAP debug‑leds driver source and its Kconfig entry, removing code that has been unselectable for years, thereby cleaning the ARM/omap tree.",0,0,4,0,,,,,,,,,62.086,,,,,,
70868c6b8f,ollama_gpt-oss_120b,4,The commit corrects underline lengths in Documentation/security/SCTP.rst so that 'make htmldocs' no longer emits 'title underline too short' warnings.,0,0,1,0,,,,,,,,,66.401,,,,,,
710c8d6c02,ollama_gpt-oss_120b,4,"Adds static qualifier to internal symbols in arm64 cpu_errata.c to silence sparse warnings, ensuring they are not exported globally.",0,0,4,0,,,,,,,,,77.431,,,,,,
71702c495b,ollama_gpt-oss_120b,3,"The patch adds a condition so the driver only sets the scdc_enabled flag when the HDMI interface supports HDMI 1.4 or higher, preventing attempts to disable SCDC on Pi0‑3 where the SCDC registers do not exist, thus avoiding invalid register accesses and warnings.",4,0,0,0,,,,,,,,,76.861,,,,,,
7198cf0f1c,ollama_gpt-oss_120b,3,"The commit updates the lis3lv02d I2C driver to use the newer .probe_new() callback instead of the old .probe, because the driver does not need the i2c_device_id argument.",0,1,4,0,,,,,,,,,53.439,,,,,,
719ca37972,ollama_gpt-oss_120b,3,"The patch updates the MSM display (MDSS) device‑tree binding by removing an interrupt‑flags cell that was incorrectly documented, because the MDSS interrupt provider supplies only a single cell.",4,0,0,0,,,,,,,,,66.361,,,,,,
71feb6f901,ollama_gpt-oss_120b,4,"The patch restores proper initialization of engine workaround lists for Gen2‑3 i915 platforms, which were left uninitialized after a prior helper‑signature change, preventing crashes or misbehavior on those older GPUs.",4,0,0,0,,,,,,,,,48.371,,,,,,
727e60604f,ollama_gpt-oss_120b,4,"The patch deletes an obsolete comment in btrfs_search_slot() that described old extent buffer locking behavior, which is no longer relevant after the transition to rw semaphores.",0,0,4,0,,,,,,,,,108.023,,,,,,
72907bff3b,ollama_gpt-oss_120b,3,"Adds two DPCD bit fields from the eDP 1.5 spec to enable PSR2 support in the DRM driver, fixes a typo, and documents the new fields.",0,1,1,4,,,,,,,,,63.427,,,,,,
72b3588e27,ollama_gpt-oss_120b,3,"The commit removes duplicate calls to ras_late_init in the HDP RAS block of the amdgpu DRM driver, cleaning up unnecessary initialization.",0,0,4,0,,,,,,,,,57.444,,,,,,
72de208f2b,ollama_gpt-oss_120b,4,"The patch removes an unnecessary cast from the result of of_device_get_match_data() in the j721e PCI driver, because the function already returns void*; the change is purely a code cleanup.",0,0,4,0,,,,,,,,,63.903,,,,,,
72e560cb8c,ollama_gpt-oss_120b,3,"The patch makes tcp_cdg_release() idempotent, allowing multiple calls without freeing already‑released memory, thus avoiding a double‑free when MPTCP invokes tcp_disconnect() on an already disconnected flow.",4,0,0,0,,,,,,,,,65.898,,,,,,
7392d87a9f,ollama_gpt-oss_120b,3,"The patch modifies the v4l2 control reference structure to allocate memory for its internal arrays, preparing the core to let drivers resize those arrays later.",0,0,4,0,,,,,,,,,79.912,,,,,,
73ab99aad5,ollama_gpt-oss_120b,3,"Updates the STM32 device tree for DHCOM to use MCO2 as the RMII ETHRX clock instead of ETHCK_K, freeing PLL4_P to run at 100 MHz, improving SD/MMC speed and reducing EMI.",0,0,3,0,,,,,,,,,63.96,,,,,,
73ad6a9dd5,ollama_gpt-oss_120b,4,"Adds runtime WARN_ON_ONCE checks in the qcom-qmp-pcie PHY driver probe to ensure required configuration masks (pwrdn_ctrl and phy_status) are provided, catching missing settings during driver initialization.",0,4,1,0,,,,,,,,,59.5,,,,,,
73b4476562,ollama_gpt-oss_120b,4,"Adds a compatible string to the AST2600 EVB A1 device tree, enabling kernel to recognize the board.",0,0,0,4,,,,,,,,,61.218,,,,,,
74333c7d87,ollama_gpt-oss_120b,4,"The patch adds an assertion in clear_em_logging() to verify that the caller holds a write lock on the extent map tree, ensuring proper locking before merging extent map entries.",0,4,0,0,,,,,,,,,72.966,,,,,,
7460ade1fc,ollama_gpt-oss_120b,3,"The patch changes rcu_tasks_trace_pregp_step() to IPI each CPU, placing the current running task on the holdout list and recording its RCU‑Tasks‑Trace read‑side state, ensuring running tasks are considered during grace‑period processing.",4,1,0,0,,,,,,,,,72.344,,,,,,
747c7cf159,ollama_gpt-oss_120b,3,"The patch updates the scale min and max macro definitions for the BMA400 accelerometer driver so that each range’s sensitivity matches 1 LSB, correcting previously incorrect values.",4,0,0,0,,,,,,,,,58.207,,,,,,
7498a457ec,ollama_gpt-oss_120b,3,The patch adjusts the manual packet extraction logic in the sparx5 driver so that packets whose length is not a multiple of 4 are processed correctly; it stops the checksum from being read past the packet data and ensures proper endian handling.,4,0,0,0,,,,,,,,,61.104,,,,,,
753df96be5,ollama_gpt-oss_120b,4,"The patch simplifies vmalloc's find_va_links() by deleting a superfluous comparison that checks whether the target address is above or below a vmap_area, relying on the invariant that each area's start ≤ end.",0,0,4,0,,,,,,,,,54.463,,,,,,
75448ff73f,ollama_gpt-oss_120b,3,"The commit adds a central definition for the 'linux,input-type' property in the dt-bindings input.yaml file and updates all existing bindings to reference this definition, consolidating documentation.",0,0,2,0,,,,,,,,,56.388,,,,,,
75554fe00f,ollama_gpt-oss_120b,4,"The patch changes a driver function's declared return type from bool to int to reflect that it actually returns an error code, updating the prototype and related calls accordingly.",1,2,2,0,,,,,,,,,56.281,,,,,,
75c96ccea2,ollama_gpt-oss_120b,4,"The commit corrects a spelling mistake in a comment within the selftests/vm/pkeys test suite, changing the typo to the proper word without altering code logic.",0,0,4,0,,,,,,,,,62.081,,,,,,
7651d6b250,ollama_gpt-oss_120b,3,"The patch replaces calls to call_rcu() with call_rcu_hurry() in the RCU sync code to avoid the power‑saving induced slowdown, restoring the previous faster behavior.",2,0,2,0,,,,,,,,,60.517,,,,,,
76ee15ae1b,ollama_gpt-oss_120b,4,"The commit extends the Qualcomm socinfo driver by adding entries for additional SoCs (SM8350, SC8280XP, SM8450) and PMICs (SA8540P, etc.), enabling the kernel to recognize these platforms.",0,0,0,4,,,,,,,,,82.485,,,,,,
77072b0f4b,ollama_gpt-oss_120b,3,"The patch replaces the multiline macro vt6655_mac_word_reg_bits_on with an equivalent static inline function to satisfy checkpatch, improving readability and avoiding macro limitations.",0,0,4,0,,,,,,,,,61.923,,,,,,
77b2d26805,ollama_gpt-oss_120b,3,"The patch updates the 8250_omap serial driver to advance the Tx queue via the generic uart_xmit_advance() helper, replacing driver‑specific code for better consistency and robustness.",0,1,4,0,,,,,,,,,54.166,,,,,,
77c11720a4,ollama_gpt-oss_120b,3,"The patch removes calls to bio_advance() in __split_and_process_bio() and __send_duplicate_bios() because earlier loop removal made them unnecessary, cleaning up dead code in the dm subsystem.",0,1,4,0,,,,,,,,,70.291,,,,,,
797efbc523,ollama_gpt-oss_120b,3,"The patch extends perf's hypervisor thread handling by adding a guest_cpu identifier, allowing perf to map a host thread to the specific guest CPU (VCPU) it was executing, using information from the id_index.",0,0,1,4,,,,,,,,,53.049,,,,,,
7984b43542,ollama_gpt-oss_120b,3,"Enables InterTouch (RMI4) support for ThinkPad P1 G3 by adjusting the synaptics driver, allowing the touchpad to function where it was previously disabled.",0,0,1,4,,,,,,,,,69.625,,,,,,
79af2404e5,ollama_gpt-oss_120b,3,"The patch adds the hardware workaround Wa_16013835468 to the i915 driver, handling a PSR2 issue when a display mode has delayed vblank, based on Intel bug specifications.",4,0,0,0,,,,,,,,,74.531,,,,,,
79cac25e51,ollama_gpt-oss_120b,4,"The patch changes several static initialization tables and the rtl8xxxu_rfregs array in the rtl8xxxu Wi‑Fi driver to be declared const, marking them as read‑only data.",0,2,4,0,,,,,,,,,56.257,,,,,,
79dcd4e840,ollama_gpt-oss_120b,4,"The commit updates the mt8195 pinctrl device‑tree binding YAML to allow pinctrl groups to contain subnodes, enabling multiple pin configurations per group and adds an example usage.",0,0,2,4,,,,,,,,,103.484,,,,,,
7a70d9a1cf,ollama_gpt-oss_120b,3,"The patch adds a hardware‑presence check before probing the Xilinx ZynqMP SHA driver, preventing it from loading on platforms without the required hardware, and refactors driver registration with module_platform_driver while adding a firmware dependency.",3,0,2,0,,,,,,,,,66.258,,,,,,
7a7b0b4865,ollama_gpt-oss_120b,3,"Adds a version field to the edif BSG structure, implements a version check, and removes dead interfaces and fields, cleaning up the qla2xxx driver.",0,2,4,0,,,,,,,,,53.795,,,,,,
7ac7bfe746,ollama_gpt-oss_120b,4,Fixes a spelling typo in a comment within the RDMA/opa_vnic driver code.,0,0,4,0,,,,,,,,,61.847,,,,,,
7afc1f6977,ollama_gpt-oss_120b,4,"The commit introduces new device tree binding definitions for the Qualcomm SM6350 camera clock controller, enabling the kernel to describe this hardware in DT files.",0,0,0,4,,,,,,,,,48.663,,,,,,
7b0ac469e3,ollama_gpt-oss_120b,3,"The patch expands the rtl8xxxu driver’s chip‑cut detection to cover letters A‑P, replacing the previous fallback that printed ""unknown"" for versions beyond E, thus correctly recognising all known chip revisions.",4,0,1,0,,,,,,,,,66.865,,,,,,
7b45b51e77,ollama_gpt-oss_120b,3,"The patch separates the handling of HK_FLAG_WQ and HK_FLAG_DOMAIN in the workqueue housekeeping cpumask, giving each its own cpumask and forbidding mixed flag calls, to enable future runtime cpuset modifications.",0,0,4,0,,,,,,,,,61.449,,,,,,
7b7c22ccdf,ollama_gpt-oss_120b,4,"The commit updates the MAINTAINERS file to replace John Garry's email address for the arm64 perf tooling section, reflecting his new contact information.",0,0,0,0,,,,,,,,,55.321,,,,,,
7b8b82224c,ollama_gpt-oss_120b,3,"The patch removes an explicit .owner assignment in the Sunplus SPL2SW Ethernet driver because the core network stack sets it automatically, eliminating a platform_no_drv_owner.cocci warning.",0,1,4,0,,,,,,,,,59.378,,,,,,
7ba63521a1,ollama_gpt-oss_120b,4,"The patch adds power‑management callbacks to the Microchip PCI1XXXX SPI driver, storing the device configuration on suspend and restoring it on resume, thus enabling proper suspend/resume handling.",0,1,0,4,,,,,,,,,58.423,,,,,,
7bd7ad3c31,ollama_gpt-oss_120b,4,"The commit corrects the baud‑rate table in the ftdi_sio USB‑serial driver so that a 300 bps rate is no longer incorrectly mapped to 9600 bps, restoring the original behavior.",4,0,0,0,,,,,,,,,54.208,,,,,,
7c10dd0a88,ollama_gpt-oss_120b,3,Adds support for PERF_SAMPLE_DATA_SRC on AMD by converting IBS raw data into the generic perf_mem_data_src structure for tools like perf mem and c2c.,0,0,1,4,,,,,,,,,66.137,,,,,,
7c8881b779,ollama_gpt-oss_120b,4,"Adds a free() for the orom_data buffer when ice_read_flash_module() fails, eliminating a memory leak in ice_get_orom_civd_data().",4,0,0,0,,,,,,,,,59.219,,,,,,
7cb29b1c99,ollama_gpt-oss_120b,3,Adds two BPF self‑tests that verify read‑only map value pointers are rejected when passed to global functions and that the MEM_RDONLY flag is correctly enforced.,0,2,1,3,,,,,,,,,60.086,,,,,,
7cbb6681d7,ollama_gpt-oss_120b,3,"Adds a sysfs ""label"" attribute for sensors with known locations, removes the non‑standard ""location"" attribute and the corresponding struct field, updating handling for accelerometers, IMUs and light sensors.",0,0,2,3,,,,,,,,,58.021,,,,,,
7cbeeb0553,ollama_gpt-oss_120b,3,"The commit corrects the fsl,clk-source property in the lx2160a device‑tree CAN node, changing it to a uint8 representation using /bits/8 <0> to eliminate a build‑time warning about property length.",2,0,1,0,,,,,,,,,65.322,,,,,,
7d547dcf97,ollama_gpt-oss_120b,4,"The commit updates the MAINTAINERS file to add Roman Gushchin as a co‑maintainer for the memory controller subsystem, reflecting his contributions and responsibilities.",0,0,3,0,,,,,,,,,57.333,,,,,,
7dae459f5e,ollama_gpt-oss_120b,4,"The patch changes libiscsi so that the iscsi class connection object is added to sysfs only after its driver data (dd_data) is initialized, preventing a NULL dereference when userspace reads attributes. It also deletes the now‑unused iscsi_create_conn() helper.",4,0,2,0,,,,,,,,,70.65,,,,,,
7dc65e3c0e,ollama_gpt-oss_120b,4,"The patch changes the cast of of_device_get_match_data() to (uintptr_t) before converting to enum mxcmci_type, eliminating a clang -Wvoid-pointer-to-enum-cast warning in the mxcmmc driver.",0,0,4,0,,,,,,,,,53.772,,,,,,
7e193a42c3,ollama_gpt-oss_120b,3,"The patch extends can_changelink() to also check can_priv::bitrate_const, enabling netlink configuration of CAN devices with fixed bit rates without requiring a dummy do_set_bittiming callback.",4,2,2,0,,,,,,,,,55.743,,,,,,
7e271f42a5,ollama_gpt-oss_120b,4,"The patch adds a cleanup call on the error path of xhci_alloc_stream_info() to free the previously allocated stream_ctx_array, eliminating a memory leak in the XHCI host driver.",4,0,0,0,,,,,,,,,53.922,,,,,,
7e47607133,ollama_gpt-oss_120b,3,"Adds a NULL‑pointer check after ioremap() in the ray_cs driver, validating local->sram and related pointers before use to avoid later dev_dbg on a NULL address.",0,4,2,0,,,,,,,,,60.802,,,,,,
7e97cfed99,ollama_gpt-oss_120b,4,"The patch changes vsock_connect() to use mod_delayed_work() when the connect work is already pending and adds a sock_put() to balance the extra sock_hold, eliminating a memory leak reported by syzbot.",4,0,0,0,,,,,,,,,56.978,,,,,,
7ea75dd386,ollama_gpt-oss_120b,4,"The commit rewrites the Atmel/Microchip I2C device tree binding from the old .txt format to a JSON‑schema representation, updating documentation to the new DT schema standard.",0,1,4,0,,,,,,,,,63.395,,,,,,
7f8170686d,ollama_gpt-oss_120b,3,"The patch moves the LCOUNT definition from implementation code into the Intel soundwire header, centralising it for clarity.",0,0,4,0,,,,,,,,,54.122,,,,,,
7fa6c0fe8b,ollama_gpt-oss_120b,3,"The patch updates habanalabs' map_block() to set the block‑id handle only when get_hw_block_id() succeeds, preventing a handle of 0 from being returned on failure.",4,2,1,0,,,,,,,,,62.396,,,,,,
7fe05e125d,ollama_gpt-oss_120b,3,"The patch adds a missing WARN_ON validation for the VF pointer in ice_vsi_rebuild, fixing a kernel panic that occurred when resetting virtual functions.",4,2,0,0,,,,,,,,,61.581,,,,,,
8001fa240f,ollama_gpt-oss_120b,4,"The patch deletes the unused DMA‑32 fallback path in the hisi_sas SCSI driver, because dma_set_mask() with a 64‑bit mask never fails when dev->dma_mask is set, making the 32‑bit fallback redundant.",0,0,4,0,,,,,,,,,77.297,,,,,,
8007935305,ollama_gpt-oss_120b,3,"The patch updates the armada_37xx watchdog driver so that its .set_timeout callback also writes the new timeout value to counter 1, which .ping does not modify, ensuring ioctl(WDIOC_SETTIMEOUT) correctly changes the watchdog timeout.",4,0,0,0,,,,,,,,,65.427,,,,,,
801179b670,ollama_gpt-oss_120b,4,"The patch deletes the .is_enabled field from PRCMU clock drivers because the generic clock core already maintains a software enable count, removing redundant state.",0,1,4,0,,,,,,,,,63.435,,,,,,
805a3ebed5,ollama_gpt-oss_120b,3,"The patch reorganizes riscv memory‑init code to place the pt_ops macro inside the CONFIG_XIP_KERNEL conditional and groups XIP‑only definitions, reducing scattered #ifdef CONFIG_XIP_KERNEL usage.",0,1,4,0,,,,,,,,,81.287,,,,,,
80890c5ea0,ollama_gpt-oss_120b,3,"The patch relaxes the restriction on changing the SCSI target driver database root directory, allowing the change only when no devices are registered, fixing a usability limitation.",4,0,0,0,,,,,,,,,58.9,,,,,,
8094029330,ollama_gpt-oss_120b,3,"The patch adds calls to remove_kprobe_event_legacy() on error paths after add_kprobe_event_legacy() or attach_perf_event_opts(), ensuring stale kprobe events are cleaned up when livepatch and kprobe coexist.",4,0,0,0,,,,,,,,,53.229,,,,,,
80d691854f,ollama_gpt-oss_120b,3,"The commit adds support for the MediaTek mt8186 System Control Processor (SCP) in the remoteproc driver, enabling the kernel to manage this co‑processor on mt8186 platforms.",0,0,0,4,,,,,,,,,66.377,,,,,,
81188dd195,ollama_gpt-oss_120b,4,"The patch adds module parameters to the speakup_dummy driver so default driver settings can be specified at boot time, enabling configuration via module options instead of post‑boot sysfs writes.",0,1,0,4,,,,,,,,,53.1,,,,,,
8262499426,ollama_gpt-oss_120b,4,"Adds the legacy compatible string 'riscv,clint0' to the sifive,clint dt-binding so that QEMU‑generated device trees pass dt‑validate.",4,0,1,0,,,,,,,,,65.333,,,,,,
82806744fd,ollama_gpt-oss_120b,4,"The patch updates swiotlb_max_mapping_size() to include the device's minimum alignment mask, fixing the max DMA mapping size calculation. This resolves boot failures on Hyper‑V Isolation VMs where offsets prevented finding a suitable bounce buffer.",4,0,1,0,,,,,,,,,61.568,,,,,,
829ec038c9,ollama_gpt-oss_120b,3,"The patch switches the Habana Labs CB flow to the new unified memory manager, adds required code for the flow, and removes the previous memory management implementation.",0,1,4,0,,,,,,,,,60.908,,,,,,
82cd4bacff,ollama_gpt-oss_120b,4,"The patch modifies vmbus_request_addr() to return VMBUS_RQST_ERROR when the transaction ID is zero, preventing a NULL dereference in netvsc_send_completion() and making zero‑ID handling consistent with Hyper‑V semantics.",4,0,0,0,,,,,,,,,65.829,,,,,,
831f87424d,ollama_gpt-oss_120b,3,"The commit updates the imx-jpeg driver to handle source changes within a function, enabling dynamic resolution changes at runtime.",1,1,1,4,,,,,,,,,60.823,,,,,,
836e49e103,ollama_gpt-oss_120b,4,"The patch changes bpf_selem_alloc to use copy_map_value instead of memcpy, preventing the user‑supplied spin‑lock field from overwriting the zero‑initialized lock in map values for inode_storage, sk_storage, and task_storage maps.",4,1,0,0,,,,,,,,,67.096,,,,,,
837cf45df1,ollama_gpt-oss_120b,3,"The patch fixes a race in MPTCP's handling of consecutive ADD_ADDR options by caching the remote address earlier and consistently using the cached value after releasing the path manager lock, preventing overwriting.",4,0,0,0,,,,,,,,,57.386,,,,,,
8450813136,ollama_gpt-oss_120b,3,"The commit separates the device‑tree binding schema for Synopsys DW uMCTL2 DDR controllers from the Zynq A05 DDRC controller, updating the synopsys,ddrc-ecc.yaml and related documentation to reflect the different CSR layout and lack of IRQ support.",0,2,4,0,,,,,,,,,62.023,,,,,,
849c19d149,ollama_gpt-oss_120b,3,"The patch modifies the Rockchip device‑tree for the ROCK Pi 4 series to set the I2S1 node status to “disabled”, ensuring the pins on the 40‑pin header stay in their default GPIO mode.",0,4,1,0,,,,,,,,,67.128,,,,,,
84c9829d16,ollama_gpt-oss_120b,3,"Adds clock and reset definitions for the ADC block in the Renesas r9a07g043 CPG driver, enabling the driver to manage ADC clocks and resets.",0,0,1,4,,,,,,,,,57.691,,,,,,
84d46e1fc3,ollama_gpt-oss_120b,4,"The patch deletes the declaration and assignment of the variable 'mdss' in drivers/gpu/drm/msm/msm_drv.c because the code that used it was removed, eliminating a clang ‘set but not used’ warning.",0,0,4,0,,,,,,,,,65.571,,,,,,
8512559741,ollama_gpt-oss_120b,4,"The patch changes tcp_v4_rcv() to call kfree_skb_reason() instead of kfree_skb(), supplying explicit drop reasons (NO_SOCKET, PKT_TOO_SMALL, TCP_CSUM, TCP_FILTER) so that freed‑skb trace events include the cause.",0,0,4,0,,,,,,,,,113.488,,,,,,
854d8e3616,ollama_gpt-oss_120b,4,"The patch deletes an obsolete comment and an unnecessary overflow check in the writeback code, relying on a prior fix that guarantees the variable cannot be negative or overflow, thus simplifying the implementation.",0,0,4,0,,,,,,,,,60.904,,,,,,
8551ed70dd,ollama_gpt-oss_120b,3,"Updates the MAINTAINERS file to correct the reference to the Mediatek JPEG driver yaml files and expands the entry to include the encoder, fixing the get_maintainer script warning.",2,0,2,0,,,,,,,,,61.309,,,,,,
85c73bf726,ollama_gpt-oss_120b,3,"The patch modifies xfs_buf_incore() to return an error code and place the buffer in an output parameter, aligning it with other XFS buffer APIs for consistent usage.",0,0,4,0,,,,,,,,,54.296,,,,,,
862a876c3a,ollama_gpt-oss_120b,3,"The patch adjusts the DSC slice‑reset logic in the AMD DRM driver so that when neither the minimum nor maximum slice can accommodate the required pixel clock, DSC is correctly disabled instead of incorrectly allowing a max slice.",4,0,1,0,,,,,,,,,58.962,,,,,,
868695e43b,ollama_gpt-oss_120b,4,"The patch adds clock and reset definitions for PWM channels 8‑14 in the Renesas r9a09g011 CPG driver, marks the shared APB clock as critical, and documents Linux usage restrictions.",0,1,0,4,,,,,,,,,48.558,,,,,,
872ad758f9,ollama_gpt-oss_120b,3,"The patch corrects MTU handling in the lan966x driver: it reads the maximum MTU from hardware (including L2 header and FCS) and adjusts skb allocation to account for skb_shared_info, preventing allocation failures when frames fill a page.",4,0,1,0,,,,,,,,,61.442,,,,,,
879e5ac7b2,ollama_gpt-oss_120b,3,"Adds bookkeeping to enable the host to unwind the hypervisor stack in non‑protected nVHE mode on arm64, storing the unwind start point and address translation data for later use.",0,0,1,4,,,,,,,,,61.04,,,,,,
886e09c77d,ollama_gpt-oss_120b,4,The commit corrects a misspelled word in the error log printed when devm_snd_dmaengine_pcm_register() fails in the Microchip SPDIF receiver driver.,0,0,4,0,,,,,,,,,61.097,,,,,,
89b3554782,ollama_gpt-oss_120b,4,"The patch sets fb_modifiers_not_supported in the vkms driver so AMDGPU stops using framebuffer modifiers, fixing GDM3 start failures on virtual displays.",4,2,0,0,,,,,,,,,60.79,,,,,,
89c30dd221,ollama_gpt-oss_120b,4,"Fixes Chinese documentation translation for the devicetree usage-model, keeping the term ""machine_desc"" untranslated.",0,0,1,0,,,,,,,,,60.535,,,,,,
8a85007c83,ollama_gpt-oss_120b,3,"Adds a helper function in the pmbus hwmon driver to test whether a block‑type register exists, because existing checks fail when PEC is enabled.",0,0,2,4,,,,,,,,,56.963,,,,,,
8af028c2b2,ollama_gpt-oss_120b,3,"The patch replaces the multiline macro vt6655_mac_word_reg_bits_off in the vt6655 driver with an equivalent static inline function, because checkpatch rejects multiline macros.",0,0,4,0,,,,,,,,,61.857,,,,,,
8b1ac84dcf,ollama_gpt-oss_120b,4,"Adjusts sysfs-fs-erofs ABI documentation to correct Sphinx formatting errors (indentation and block quote issues), allowing documentation to build without warnings.",0,0,4,0,,,,,,,,,59.201,,,,,,
8b1b4730b0,ollama_gpt-oss_120b,3,"The patch updates the Realtek rtw89 8852c driver to add extra initialization for BA CAM version 1 and adjust the H2C payload format, ensuring correct Block Ack CAM setup.",4,2,1,0,,,,,,,,,56.241,,,,,,
8b3120dfc1,ollama_gpt-oss_120b,4,"The commit only adjusts whitespace indentation in the dcn32_hwseq.c file to resolve a smatch warning, without altering any logic or functionality.",0,0,4,0,,,,,,,,,60.22,,,,,,
8b3a9ad862,ollama_gpt-oss_120b,3,"The patch updates the jz4740‑i2s ASoC driver to use separate TX and RX FIFO flush bits when available, flushing each FIFO independently before the active‑stream check, and fixes the previous behavior where only the TX flush bit was set, leaving RX unflushed on newer SoCs.",4,0,1,2,,,,,,,,,68.918,,,,,,
8bad51c689,ollama_gpt-oss_120b,3,"Updates the Qualcomm SM6350‑Lena device‑tree to enable QUP and GPI DMA controllers, making those DMA engines usable and preparing the board for functional I2C nodes.",0,0,1,4,,,,,,,,,89.641,,,,,,
8c70bd5802,ollama_gpt-oss_120b,4,Adds PCI IDs for Intel Raptor Lake PCH‑S LPSS so the driver can recognize the new hardware.,0,0,0,4,,,,,,,,,64.504,,,,,,
8c8e5b6ae4,ollama_gpt-oss_120b,4,"The patch deletes a duplicated word 'to' from a comment in the crypto n2 driver, cleaning up documentation without changing any code behavior.",0,0,3,0,,,,,,,,,65.389,,,,,,
8cbd4725ff,ollama_gpt-oss_120b,4,"The patch adds explicit DSD mode handling for the Accuphase DAC-60 USB audio device, enabling native DSD up to DSD256 by selecting the correct alternate setting.",0,0,1,4,,,,,,,,,61.231,,,,,,
8da1170a16,ollama_gpt-oss_120b,3,"Adds support for the VCN 4.0 IP block in the amdgpu DRM driver, implementing its initialization and decoder/encoder ring functions to enable the new hardware capability.",0,0,0,4,,,,,,,,,58.31,,,,,,
8db41f733d,ollama_gpt-oss_120b,3,Adds EXPORT_SYMBOL for MediaTek VCodec decoder power‑management functions so they are visible to other modules when the decoder is built as a loadable module.,0,0,0,0,,,,,,,,,61.35,,,,,,
8ebcc62c73,ollama_gpt-oss_120b,4,Adds READ_ONCE() around accesses to net->ipv4.sysctl_igmp_qrv to stop concurrent modifications causing data races in IGMP handling.,4,0,0,0,,,,,,,,,56.802,,,,,,
8ef6e1ba71,ollama_gpt-oss_120b,4,Adds a boolean rx_timeout variable in the 8250 DW driver IRQ path to make the timeout condition explicit; no functional change.,0,0,4,0,,,,,,,,,64.552,,,,,,
8f0588e80e,ollama_gpt-oss_120b,3,"Adds proper error checking after calling nvmem_device_find in the PTP OCP driver, ensuring IS_ERR() is handled before using the pointer.",4,1,0,0,,,,,,,,,57.824,,,,,,
8f40baded4,ollama_gpt-oss_120b,4,"The patch renames the kernel macro for ID_AA64MMFR2_EL1.VARange to match the ARM specification naming, aligning kernel code with DDI0487H.a. It only updates identifiers, with no functional behavior change.",0,0,4,0,,,,,,,,,60.961,,,,,,
8f5a9371e6,ollama_gpt-oss_120b,4,"The patch updates comments in the rzg2l thermal driver: replaces an unclear phrase with a clearer one, corrects a typo, and moves the opening comment delimiter to its own line to follow coding style.",0,0,4,0,,,,,,,,,67.121,,,,,,
901a30cf5f,ollama_gpt-oss_120b,4,"The patch removes a duplicated ""the"" in a comment on line 807 of powerpc/pseries/vas, fixing a typo without changing any code logic.",0,0,4,0,,,,,,,,,56.41,,,,,,
905eebcf28,ollama_gpt-oss_120b,4,"The patch deletes the unused variable cnt from recv_func in the r8188eu driver, cleaning up dead code.",0,0,4,0,,,,,,,,,65.848,,,,,,
907862e9ae,ollama_gpt-oss_120b,4,"Adds a check in release_swfw_sync for failure to acquire the hardware semaphore; on failure (e.g., surprise‑removed hardware) it logs an error and exits, preventing the previously possible infinite loop.",4,0,1,0,,,,,,,,,85.218,,,,,,
9087c6ff8d,ollama_gpt-oss_120b,3,"The patch modifies generic_map_delete_batch() to call maybe_wait_bpf_programs() only once after processing the entire batch, removing repeated synchronize_rcu() barriers as indicated by the function comment.",0,0,3,0,,,,,,,,,63.567,,,,,,
90b13cdde1,ollama_gpt-oss_120b,4,"The patch rewrites the KVM self‑test state_test to create a single vCPU via vm_create_with_one_vcpu()/vm_recreate_with_one_vcpu(), passes a struct kvm_vcpu instead of a global VCPU_ID, changes the vCPU ID from 5 to 0, and switches to vcpu_run().",0,1,4,0,,,,,,,,,61.178,,,,,,
90b8c2c8f9,ollama_gpt-oss_120b,3,"The patch replaces CONFIG_PM_SLEEP compile‑time guards in the vf610 IIO DAC driver with calls to pm_sleep_ptr(), letting the compiler drop the code when sleep support is disabled, simplifying the code and avoiding #ifdef usage.",0,2,4,0,,,,,,,,,60.776,,,,,,
9102b78b6f,ollama_gpt-oss_120b,4,"The patch updates the copyright year range in the test files of the maple_tree subsystem, extending the span to include the current development year. No code logic is altered.",0,0,4,0,,,,,,,,,59.723,,,,,,
913c4a3e19,ollama_gpt-oss_120b,3,"The patch updates the rc5t583 multi-function device driver to use the newer i2c .probe_new() callback instead of the older .probe, removing the unused i2c_device_id argument.",0,1,4,0,,,,,,,,,55.89,,,,,,
914813cc52,ollama_gpt-oss_120b,3,"The patch adds an early‑return when vchiq_get_state receives a NULL pointer, avoiding a dereference and cleaning up the code for better readability.",3,0,2,0,,,,,,,,,60.595,,,,,,
91592b5c0c,ollama_gpt-oss_120b,4,Relocates efi32_pe_entry() from head_64.S into the .text section so it can later be compiled as a separate unit.,0,0,4,0,,,,,,,,,54.785,,,,,,
91776af1d8,ollama_gpt-oss_120b,4,"The patch moves two CEC register constant definitions from the public header adv7511.h into the source file adv7511_cec.c, eliminating unused‑variable warnings when the CEC driver option is disabled.",0,0,4,0,,,,,,,,,58.13,,,,,,
92039e8c08,ollama_gpt-oss_120b,3,"The patch modifies the Qualcomm SM6350 display clock driver, adding the CLK_OPS_PARENT_ENABLE flag to pixel and byte clock sources so that the set_rate operation can succeed.",4,0,0,0,,,,,,,,,54.673,,,,,,
9231bb1b25,ollama_gpt-oss_120b,4,"The patch updates the pcm3168a ASoC driver to replace legacy bus‑clock defines with the newer ASoC DAI format terminology, aligning the code with current kernel conventions.",0,0,4,0,,,,,,,,,63.637,,,,,,
92f78f81ac,ollama_gpt-oss_120b,3,"The patch adds a runtime validation that the number of IPA commands in a transaction does not exceed the TLV FIFO capacity, by passing a flag to gsi_channel_data_valid() and checking channel direction, using a local variable for command data.",0,4,1,0,,,,,,,,,56.721,,,,,,
932be3e95b,ollama_gpt-oss_120b,3,"The patch removes a non‑bit‑field member that precedes a bit‑field in a packed struct used by inside‑secure, eliminating unwanted padding that altered the struct size and broke zero‑initialisation and configuration calculations.",4,1,1,0,,,,,,,,,71.453,,,,,,
93a8417088,ollama_gpt-oss_120b,4,"The patch fixes a bug where moving VCAP TCAM entries rewrites stale hit counters back to hardware, causing inflated statistics. It adds a read of the current counter into a temporary stats field before migration, ensuring counters are cleared correctly.",4,0,0,0,,,,,,,,,65.339,,,,,,
944d95f766,ollama_gpt-oss_120b,4,"The patch deletes a conditional check for IS_SWAPFILE in the NFS code because the macro is always defined, eliminating dead code.",0,1,4,0,,,,,,,,,68.291,,,,,,
947934e389,ollama_gpt-oss_120b,4,"The patch corrects tps65219_set_bypass to rely on the regulator's .is_enabled() return value instead of testing .enable, and removes an unused ret variable, fixing incorrect enable-state detection.",4,0,2,0,,,,,,,,,63.897,,,,,,
949cd0b5c2,ollama_gpt-oss_120b,3,"Adds a transaction ID to the IPA driver to record the first completed but unpolled transaction, updates the ID during NAPI polling, and includes temporary consistency warnings that are later removed.",0,3,2,0,,,,,,,,,56.17,,,,,,
9536923d3f,ollama_gpt-oss_120b,4,"Deletes the unused tstamp pointer from mlx5e_txqsq after timestamp handling was moved to the core driver, cleaning up dead code in the mlx5e network driver.",0,0,4,0,,,,,,,,,59.903,,,,,,
9577fc5fdc,ollama_gpt-oss_120b,3,"The commit changes nxp-nci I2C handling to stop printing a wrong header length mismatch message when the I2C call fails, returning only the error code.",3,1,1,0,,,,,,,,,64.103,,,,,,
957f60273a,ollama_gpt-oss_120b,4,Adds device‑tree bindings so the WCN6750 Wi‑Fi chip can use Wake‑on‑Wireless (WoW) via the ath11k driver.,0,0,0,4,,,,,,,,,55.981,,,,,,
95b39792c6,ollama_gpt-oss_120b,3,"The patch replaces the use of the global ARCH_NR_GPIOS constant in the gpio‑aggregator driver with a locally defined macro (512) for the maximum number of GPIOs that can be aggregated, limiting the parser to a fixed size instead of the system‑wide limit.",0,3,2,0,,,,,,,,,60.165,,,,,,
95b8f316ae,ollama_gpt-oss_120b,4,"The commit re-formats comment blocks in the r8188eu driver to follow the drivers/net coding style, ensuring consistency before the driver moves out of staging.",0,0,4,0,,,,,,,,,64.011,,,,,,
96fed779d3,ollama_gpt-oss_120b,3,"The commit adds a new device‑tree binding file describing the Renesas RZ/G2L interrupt controller, enabling the kernel to recognize this hardware in DT.",0,0,1,4,,,,,,,,,56.331,,,,,,
97115f5f0f,ollama_gpt-oss_120b,4,"The patch changes the definition of PS_RDY_CHECK in the r8188eu driver to use the bool type, reflecting that the function returns true or false.",0,2,4,0,,,,,,,,,65.464,,,,,,
97236ad5a6,ollama_gpt-oss_120b,4,"Adds a guard in gfs2_glock_dq() to verify a GL_ASYNC glock holder hasn't already been removed, preventing a race where asynchronous dequeue and explicit cancel could dequeue the holder twice.",4,0,0,0,,,,,,,,,59.72,,,,,,
972aa1a161,ollama_gpt-oss_120b,4,"The patch removes the driver‑specific yesno() helper and replaces its usage with the generic str_yes_no() from linux/string_helpers.h, updating includes accordingly.",0,0,4,0,,,,,,,,,75.452,,,,,,
97558d170a,ollama_gpt-oss_120b,4,"The patch adds a validation to prevent the imx‑jpeg driver from using an invalid slot index (default MXC_MAX_SLOTS) when JPEG parsing fails, avoiding out‑of‑bounds array access and kernel panic.",4,0,0,0,,,,,,,,,61.788,,,,,,
9794c30841,ollama_gpt-oss_120b,4,"Updates the ARM dt-bindings YAML file by adding compatible strings for DH electronics i.MX8M Plus DHCOM and PDK2 boards, documenting them as supported SoM/evaluation boards.",0,0,3,0,,,,,,,,,57.88,,,,,,
98047313cd,ollama_gpt-oss_120b,4,"The patch fixes translate_desc() in the vhost driver by saving the 'last' parameter before incrementing addr, keeping the range end constant for vhost_iotlb_itree_first() calls.",4,0,1,0,,,,,,,,,55.449,,,,,,
9847f21225,ollama_gpt-oss_120b,3,"Adds a guard in lib/cmdline's next_arg so args[i-1] is accessed only when i>0, preventing an out‑of‑bounds read that caused a kernel page fault when parsing arguments with stray quotes.",4,1,1,0,,,,,,,,,69.707,,,,,,
984fed5686,ollama_gpt-oss_120b,4,"The patch reorders functions and variables in the via686a hwmon driver to eliminate four unnecessary forward declarations of static symbols, improving code organization without changing behavior.",0,0,4,0,,,,,,,,,63.791,,,,,,
99387b0160,ollama_gpt-oss_120b,3,The patch modifies acpi_processor_get_platform_limit() to compare the new _PPC value with the previously stored one and only update the frequency QoS request when it differs; it also validates the state count before storing and sets the default no‑limit QoS to FREQ_QOS_MAX_DEFAULT_VALUE.,0,2,4,0,,,,,,,,,58.564,,,,,,
994b7ac169,ollama_gpt-oss_120b,4,"The patch removes the build‑system logic that forced head.o to be linked first on arm64, relying on the linker script’s .head.text placement instead.",0,2,4,0,,,,,,,,,60.071,,,,,,
997b99e3b3,ollama_gpt-oss_120b,3,The patch replaces hard‑coded RAS DES PCIe capability offsets in the Tegra194 PCI driver with code that discovers the offset at runtime for each controller.,0,1,3,0,,,,,,,,,53.819,,,,,,
9995c1d096,ollama_gpt-oss_120b,3,"Adds a per‑frontend pause flag and changes the backend state machine so that when all active streams are paused the backend transitions to PAUSE instead of STOP, improving resource management.",4,2,2,0,,,,,,,,,59.078,,,,,,
99bd995655,ollama_gpt-oss_120b,3,"Adds kernel support to record each unloaded module that taints the kernel, keeping a count and showing them in module listings; feature disabled by default.",0,0,0,4,,,,,,,,,56.615,,,,,,
99df7a2810,ollama_gpt-oss_120b,3,"The patch adds a lockdown check to the /proc/powerpc/ofdt interface, rejecting device‑tree modifications from untrusted user space when the kernel is locked down, thereby preventing misuse of the interface for arbitrary physical address writes.",0,4,1,0,,,,,,,,,63.015,,,,,,
9a34161a0b,ollama_gpt-oss_120b,3,"Updates ADI ASoC drivers to use the new legacy_dai_naming flag (opt‑out) instead of the previous non_legacy_dai_naming opt‑in flag, aligning the code with the newer naming convention for CPU‑side DAIs.",0,1,3,0,,,,,,,,,53.07,,,,,,
9a7a1be6b6,ollama_gpt-oss_120b,4,"The patch changes ptp_ocp memory allocation from kzalloc(x*y) to kcalloc(y, x) to use kcalloc's overflow checks, improving safety without altering functionality.",0,3,2,0,,,,,,,,,56.404,,,,,,
9a938eba8d,ollama_gpt-oss_120b,3,"The patch removes the regs member from the coredump_params structure because its value is always the current task's pt_regs, making the field redundant.",0,2,4,0,,,,,,,,,63.957,,,,,,
9a9acdccdf,ollama_gpt-oss_120b,4,Adds a dma_release_channel() call in the probe error path of sun4i-emac driver to correctly free a DMA channel obtained in emac_configure_dma() when probing fails.,4,0,0,0,,,,,,,,,64.484,,,,,,
9ad1230533,ollama_gpt-oss_120b,3,"The patch changes btrfs_ioctl to obtain the inode from the file descriptor and reuse it for callbacks instead of creating a new one, simplifying inode handling.",2,0,2,0,,,,,,,,,66.151,,,,,,
9ae551ded5,ollama_gpt-oss_120b,3,"The patch replaces a hand‑rolled implementation of device_get_match_data() in acpi_smbus_cmi_add() with the standard helper, cleaning up the i2c/scmi driver code.",0,1,3,0,,,,,,,,,57.516,,,,,,
9aeb7f99a1,ollama_gpt-oss_120b,4,"Adds a helper rdev_mdlock_deref() that wraps rcu_dereference_protected() for rdev/replacement pointers accessed while mddev_lock is held, to silence sparse warnings and document proper RCU usage.",0,1,3,0,,,,,,,,,58.737,,,,,,
9af41cc334,ollama_gpt-oss_120b,4,"Adds handling of GTP_ECHO_REQ in the GTP driver, sending GTP_ECHO_RSP with recovery IE and appropriate restart counter, bringing the device into compliance with the GTP spec.",0,0,1,4,,,,,,,,,72.242,,,,,,
9b392e0e0b,ollama_gpt-oss_120b,3,"Adds a guard to verify hdev is non‑NULL before accessing hdev->name in bt_dev_info/warn/err/dbg, preventing a null‑pointer dereference that caused kernel errors.",4,0,0,0,,,,,,,,,63.621,,,,,,
9b51d9d866,ollama_gpt-oss_120b,4,"The patch replaces calls to cpumask_next_* with cpumask_first_* where the start index is -1 (i.e., beginning of mask) and adds a new helper cpumask_first_zero() to provide equivalent functionality, improving efficiency and simplifying code.",0,1,4,0,,,,,,,,,81.172,,,,,,
9b60b67519,ollama_gpt-oss_120b,3,"The commit marks the Clevo‑mail LED driver as broken because it uses brightness to control blink rate, which is unconventional, and notes that a proper interface fix is pending.",0,2,3,0,,,,,,,,,56.624,,,,,,
9b6bf4d612,ollama_gpt-oss_120b,3,"The patch checks the result of a BSS lookup; if it is an error pointer, it replaces it with NULL to avoid freeing an invalid pointer.",4,0,0,0,,,,,,,,,53.467,,,,,,
9b7fd1670a,ollama_gpt-oss_120b,3,"The patch adjusts the Aquantia PHY driver to stop advertising 2.5G/5G speeds when the interface is limited to 1 Gbps, clearing default advertisement bits during autonegotiation.",4,0,0,0,,,,,,,,,62.966,,,,,,
9b80ccda23,ollama_gpt-oss_120b,4,"The patch adds an rcu_read_lock and takes a reference on the real device in bond_ethtool_get_ts_info(), fixing a crash that occurs when the function is invoked via setsockopt without holding RCU protection.",4,0,0,0,,,,,,,,,60.376,,,,,,
9c818d8491,ollama_gpt-oss_120b,3,"The patch adds logging for the GPIO and DMIC quirks in the Intel SOF ES8336 ASoC driver, extending the existing SSP quirk log so all quirks are reported.",0,1,3,0,,,,,,,,,60.989,,,,,,
9d19d966b4,ollama_gpt-oss_120b,3,The patch renames the variables maxpctksize and maxpcktsize to wMaxPacketSize in the USB gadget UAC2 driver to make the spelling consistent.,0,0,4,0,,,,,,,,,63.162,,,,,,
9d895e4684,ollama_gpt-oss_120b,4,"The patch modifies perf's data conversion to JSON so that tracepoint (probe) variables are emitted as name/value pairs using tep_print_field, enabling fields like __probe_ip and query_string_string in the JSON output.",0,0,1,4,,,,,,,,,55.534,,,,,,
9db056e950,ollama_gpt-oss_120b,4,"The patch corrects misspelled words in pr_warn and pr_debug messages within the nvmet-auth driver, updating the literal strings to proper spelling without altering logic or behavior.",0,0,4,0,,,,,,,,,54.443,,,,,,
9dd4545f65,ollama_gpt-oss_120b,4,"Edits a source file in the AMD DRM driver to correct a duplicated word in a comment, changing 'the the' to 'the'.",0,0,4,0,,,,,,,,,59.783,,,,,,
9ec9b79a2b,ollama_gpt-oss_120b,4,"The patch refactors conv_uni_to_pc() in the consolemap code: it stores vc_uni_pagedir_loc in a local variable, adds a NULL check, splits a large conditional into smaller ones, and removes an unnecessary newline, making the function more readable.",0,0,4,0,,,,,,,,,56.277,,,,,,
9ed11999f9,ollama_gpt-oss_120b,4,"The commit updates the MAINTAINERS file to add Paul Kocialkowski as the maintainer for the Allwinner A31 MIPI CSI-2 bridge media driver, with appropriate sign‑offs.",0,0,3,0,,,,,,,,,57.194,,,,,,
9f22f95951,ollama_gpt-oss_120b,3,"The patch adds a device‑specific override in the uvcvideo driver to restrict the power line frequency control for Chicony Easycamera models that implement it incorrectly, preventing the driver from exposing a broken control.",4,0,1,0,,,,,,,,,57.914,,,,,,
9f92c20279,ollama_gpt-oss_120b,4,"The patch corrects HDMI ODM combine mode handling in the AMD DRM driver. It stops false detection of mode changes, removes unnecessary stream reprogramming, and enforces a static ODM policy for HDMI TMDS/FRL on DCN32, eliminating intermittent black‑screen failures.",4,2,1,0,,,,,,,,,66.733,,,,,,
a014f0ecdd,ollama_gpt-oss_120b,3,"The patch removes the unit address from the panel endpoint node in the am335x device‑tree, because the endpoint should not have a unit address and the previous form caused a ‘reg is a required property’ error during DTS validation.",4,0,1,0,,,,,,,,,57.652,,,,,,
a01befa0a2,ollama_gpt-oss_120b,3,"The patch changes the Hisilicon DRM driver to initialize on‑stack drm_mode structures using drm_mode_init() instead of manual initialization, ensuring the list head is properly set and eliminating leftover stack data.",0,3,3,0,,,,,,,,,68.068,,,,,,
a0c5149088,ollama_gpt-oss_120b,4,"The patch changes i915 display power code to stop using raw uncore register accesses and instead call the intel_de_* accessor functions, consolidating register I/O through the driver’s abstraction layer.",0,2,4,0,,,,,,,,,47.983,,,,,,
a0ccc717c4,ollama_gpt-oss_120b,3,"The commit adds runtime checks in the AMDGPU discovery code to compare the number of VCN and SDMA instances reported by firmware with the maximum supported by the driver structures, aborting if the firmware exceeds those limits.",0,4,2,0,,,,,,,,,56.129,,,,,,
a156f09c90,ollama_gpt-oss_120b,4,"The patch modifies the s390 exception‑table handling so that the amode31 extable is sorted before the early program‑check handler runs, ensuring early program checks can locate their entries.",4,0,0,0,,,,,,,,,70.777,,,,,,
a17b984115,ollama_gpt-oss_120b,4,"The patch removes the reset_resume callback in the xpad wireless driver so the USB core rebinds the device after suspend/resume, preventing a hung URB that broke LED control and force‑feedback, restoring correct behavior on resume.",4,1,1,0,,,,,,,,,68.885,,,,,,
a189b2ee93,ollama_gpt-oss_120b,3,"The patch makes fb_modesetting_disabled() a static‑inline function in the header, removing multiple definition linker errors when compiled into fbmon.o and fbmem.o.",4,0,0,0,,,,,,,,,58.149,,,,,,
a2ab95a313,ollama_gpt-oss_120b,3,"The commit extends the lan743x network driver to handle Clause‑45 MDIO PHY management, enabling communication with PHYs using the Clause‑45 protocol.",0,0,0,4,,,,,,,,,60.195,,,,,,
a2e3fe5f24,ollama_gpt-oss_120b,3,"Adds a new tools/include/pfn.h stub header with definitions needed by test code, without altering existing functionality.",0,0,0,4,,,,,,,,,60.908,,,,,,
a2ed70d0ec,ollama_gpt-oss_120b,3,"The patch removes calls to acpi_video_set_dmi_backtype_type() in the toshiba_acpi driver and adds DMI quirks for two models with transflective displays, preventing premature unregistration of the acpi_video backlight and the resulting udev race.",4,1,1,0,,,,,,,,,64.102,,,,,,
a373f38cd1,ollama_gpt-oss_120b,3,"The patch deletes the driver’s call to the dtim_assoc IOVAR, which always fails because recent firmware no longer supports it, stopping the repeated “wl dtim_assoc failed (-52)” messages after a roam.",4,0,1,0,,,,,,,,,80.111,,,,,,
a382f8fee4,ollama_gpt-oss_120b,4,"The patch replaces BUG_ON() with WARN_ON_ONCE() in signal handling, so that unexpected conditions are logged but execution continues, avoiding kernel panic while holding core locks and improving debuggability.",0,2,4,0,,,,,,,,,58.849,,,,,,
a39a6b330b,ollama_gpt-oss_120b,3,"The patch deletes three redundant variable initializations (bPacketMatchBSSID, bPacketToSelf, bPacketBeacon) in update_recvframe_phyinfo_88e of the r8188eu driver, as they are overwritten before any use.",0,0,4,0,,,,,,,,,65.585,,,,,,
a3a9c39704,ollama_gpt-oss_120b,3,"The patch rewrites shmem_read_mapping_page_gfp() to call shmem_get_folio_gfp(), removing extra compound_head() calls and streamlining shared‑memory page handling.",0,0,4,0,,,,,,,,,66.185,,,,,,
a3b774342f,ollama_gpt-oss_120b,4,"Adds a check on the NTFS BOOT sectors_per_clusters field: if it encodes a shift value larger than allowed (cluster size >2 MiB) the code returns -EINVAL, avoiding negative or out‑of‑range shifts that caused a UBSAN error.",4,3,0,0,,,,,,,,,57.872,,,,,,
a3d3280378,ollama_gpt-oss_120b,3,"The patch removes the call to pfn_to_page from kasan_early_init on RISC‑V when CONFIG_KASAN and CONFIG_SPARSEMEM are enabled but CONFIG_SPARSE_VMEMMAP is disabled, preventing a null mem_section dereference before sparse_init runs.",4,0,0,0,,,,,,,,,56.611,,,,,,
a4218aef7c,ollama_gpt-oss_120b,3,"The patch modifies the dpaa2‑eth driver to reuse a scatter‑gather (S/G) table cache for the normal transmission path, enlarging the cached buffers and replacing per‑packet allocations with get/recycle helper calls, thus avoiding repeated allocations and frees.",0,1,3,0,,,,,,,,,65.787,,,,,,
a45194b9de,ollama_gpt-oss_120b,4,"The commit updates the dt‑bindings maintainer entry, replacing the previous email with Krzysztof Kozlowski’s @kernel.org address in the MAINTAINERS file.",0,0,2,0,,,,,,,,,63.498,,,,,,
a49c3ab7d7,ollama_gpt-oss_120b,4,"The commit extends the qcom,gsi-loader device‑tree property with a new enum value ""skip"", indicating that GSI firmware is already loaded and should not be loaded by AP or modem.",0,0,0,4,,,,,,,,,56.579,,,,,,
a4c82270f0,ollama_gpt-oss_120b,3,"The commit changes the Qualcomm SDM630 device‑tree description to use MMIO for the TCSR mutex instead of a syscon regmap, aligning the binding with the hardware's dedicated address space and satisfying DT schema checks.",4,0,1,0,,,,,,,,,61.74,,,,,,
a4cb3651a1,ollama_gpt-oss_120b,3,"The patch corrects the interrupt exit path on PowerPC 64-bit systems so that when returning to a soft-masked (irqs-disabled) context it no longer clears the hard-mask flag, preventing loss of pending soft-masked IRQs, and adds a clarifying comment.",4,0,0,0,,,,,,,,,66.73,,,,,,
a522b7ad8e,ollama_gpt-oss_120b,3,"The patch marks all I/O master CPUs on LoongArch as non‑hotpluggable (hotpluggable=0) and stops the kernel from creating the /sys/.../online sysfs file for them, avoiding confusion for user‑space tools.",4,0,0,0,,,,,,,,,68.128,,,,,,
a570e68fab,ollama_gpt-oss_120b,4,"The patch deletes the unused variable 'last' from the ia64 remove_siblinginfo() function, eliminating dead code and simplifying the function.",0,0,4,0,,,,,,,,,59.284,,,,,,
a59f7a7f76,ollama_gpt-oss_120b,4,"The commit updates the arm64 selftest Makefile to use TEST_GEN_PROGS_EXTENDED instead of TEST_PROGS_EXTENDED, aligning with kselftest lib.mk's default target for building generated test programs while keeping script‑based tests unchanged.",0,1,3,0,,,,,,,,,55.093,,,,,,
a5a923038d,ollama_gpt-oss_120b,3,"Adds rollback in fbcon_do_set_font() so that if vc_resize() fails while changing font size, the font state is restored, preventing inconsistent state and page faults reported by syzbot.",4,0,0,0,,,,,,,,,61.083,,,,,,
a5e9e202fe,ollama_gpt-oss_120b,4,"Adds a dt-binding property 'power-domains' for MediaTek video encoder nodes, documenting that the encoder may depend on a power domain.",0,1,3,0,,,,,,,,,64.511,,,,,,
a63de89bee,ollama_gpt-oss_120b,4,"The commit changes the logging level for power and thermal envelope events in the Gaudi2 driver, treating them as informational messages instead of warnings or errors.",0,0,3,0,,,,,,,,,54.958,,,,,,
a683dc5c14,ollama_gpt-oss_120b,3,"Updates DT binding files for Hirschmann/Hellcreek network devices to use absolute paths for referenced schemas, following preferred style.",0,0,3,0,,,,,,,,,57.537,,,,,,
a7663c89f4,ollama_gpt-oss_120b,4,"Adds EXPORT_SYMBOL macros for mt6358 driver functions so they are visible to other modules, fixing undefined symbol errors when the driver is built as a module.",4,0,1,0,,,,,,,,,56.975,,,,,,
a772105cfa,ollama_gpt-oss_120b,3,"Reorders fields in the LTTPR UHBR link‑rate support structure to follow the DP2.0 specification, updating the driver code accordingly.",0,2,3,0,,,,,,,,,62.71,,,,,,
a7786cbae4,ollama_gpt-oss_120b,3,"The patch modifies the wcd9335 ASoC driver to check if the slimbus mux value actually changes; if not, it returns early, stopping unnecessary event notifications that were previously always reported.",4,0,0,0,,,,,,,,,64.322,,,,,,
a7ecbe92b9,ollama_gpt-oss_120b,3,"The patch moves acquisition of card->lock earlier in fw_core_handle_bus_reset so that accesses to card->local_node and card->bm_retries are protected, and removes redundant lock acquisition inside fw_destroy_nodes callsites, adding a comment about required locking.",4,0,1,0,,,,,,,,,64.69,,,,,,
a8a0b1f707,ollama_gpt-oss_120b,3,"The patch moves the _set_policy function into the chip_ops structure for the rtw89 driver, allowing RTL8852C to define additional coexistence policies (e.g., DBCC, multi‑role, TDMA) required by its firmware.",0,0,3,2,,,,,,,,,56.311,,,,,,
a8d412ec98,ollama_gpt-oss_120b,3,"The patch deletes an unused assignment to the variable 'negative' in the ad2s1210 IIO driver, eliminating a dead‑store warning from clang static analysis.",0,1,4,0,,,,,,,,,64.338,,,,,,
a8db854be2,ollama_gpt-oss_120b,3,"The patch changes the octeontx2 PF driver to forward AF replies directly to the VF, preserving the error code set by AF instead of discarding it, so the VF can handle those errors.",4,0,1,0,,,,,,,,,65.408,,,,,,
a8e6398ffe,ollama_gpt-oss_120b,3,The patch removes an obsolete flags check for CHIP_IP_DISCOVERY in the amdgpu DRM driver because IP‑based discovery is now always available.,0,0,4,0,,,,,,,,,57.902,,,,,,
a90b8fc9ca,ollama_gpt-oss_120b,4,"The patch modifies the dw_hdmi bridge driver to send General Control Packets only when the connected sink supports Deep Color, disabling automatic GCP for 24‑bit mode on non‑Deep‑Color sinks, aligning behavior with HDMI 1.4b spec.",4,1,1,0,,,,,,,,,61.502,,,,,,
aa0a20f521,ollama_gpt-oss_120b,3,"The patch modifies ARM IRQ entry assembly to stop using register R9, preserving it for the entry/exit code that relies on its value.",4,2,1,0,,,,,,,,,59.856,,,,,,
aa303964bc,ollama_gpt-oss_120b,3,"Updates the AMD DRM driver to set the VSC packet revision to rev2 for PSR1, implementing the VSC packet rev4 required by the eDP 1.5 specification (PSRSU).",0,1,2,3,,,,,,,,,59.554,,,,,,
aa814c51ab,ollama_gpt-oss_120b,3,"The commit modifies tools/tracing/Makefile to add, install, and clean rules for the rtla target, enabling the build system to compile and manage the rtla tracing utility.",0,0,1,4,,,,,,,,,77.081,,,,,,
aabfe05a82,ollama_gpt-oss_120b,4,"Adds a device‑tree compatible entry for the PCA85073A RTC, mapping it to the existing PCF85063A driver because they share the same programming model, enabling the driver to bind to that hardware.",0,0,0,4,,,,,,,,,59.159,,,,,,
ab3593eeef,ollama_gpt-oss_120b,3,"The patch updates the Chrome EC Type‑C driver to assign the correct parent pointer to USB‑PD objects representing a connected Type‑C partner, using the registration wrapper.",2,2,1,0,,,,,,,,,53.818,,,,,,
ab9d8032db,ollama_gpt-oss_120b,3,"Adds device‑tree entries for an MMIO‑based MDIO multiplexer on the ls1043a‑qds board, defines a simple‑mfd compatible node, and connects Ethernet interfaces to the PHYs.",0,0,0,4,,,,,,,,,61.896,,,,,,
abba345311,ollama_gpt-oss_120b,3,"The patch adjusts the mt76 driver to ensure the IEEE80211_VHT_CAP_TX_ANTENNA_PATTERN and RX_ANTENNA_PATTERN flags are set during 6 GHz capability initialization, fixing missing antenna configuration.",4,0,1,0,,,,,,,,,60.026,,,,,,
abe3c63144,ollama_gpt-oss_120b,4,"Adds a gfp_t argument to convert_context() and its wrapper, letting callers pass GFP_KERNEL or GFP_ATOMIC, and updates callers so memory allocation inside the spin‑locked section uses GFP_ATOMIC, eliminating the BUG sleeping warning.",4,2,1,0,,,,,,,,,63.149,,,,,,
ac41c2b642,ollama_gpt-oss_120b,3,"The patch registers a shutdown() callback for the WCN6750 Wi‑Fi device in the ath11k driver so that DMA stops before the SMMU driver is shut down, preventing SMMU translation faults on system power‑off.",0,4,0,0,,,,,,,,,56.326,,,,,,
ac45520960,ollama_gpt-oss_120b,3,"The patch updates the Ocelot driver so that bridge port flag operations on the NPI port are forwarded to the analyzer block entry that represents the CPU port, enabling the Felix DSA driver to control flooding on its CPU port.",0,0,1,4,,,,,,,,,63.548,,,,,,
ac686cbc6f,ollama_gpt-oss_120b,3,"The commit updates the Qualcomm remoteproc DT binding documentation to include the msm8974 variant, noting an extra mss-supply property handled by a simple conditional.",0,0,0,4,,,,,,,,,48.757,,,,,,
ac78fa502a,ollama_gpt-oss_120b,3,"The patch adds a guard in dc_submit_i2c_oem to check if the DDC pointer is NULL and aborts the operation, preventing a null‑pointer dereference.",4,0,0,0,,,,,,,,,59.476,,,,,,
ad30d108a5,ollama_gpt-oss_120b,3,"The commit updates the fsl-lpuart device-tree binding header by deleting the i.MX8QM entry from the compatible enum, because that SoC’s UART is compatible with i.MX8QXP. This forces device tree nodes to list both compatible strings, relying on existing 'items' entry.",0,0,4,0,,,,,,,,,66.119,,,,,,
ad3aa7c31e,ollama_gpt-oss_120b,3,"The patch changes i915_gem_context.link handling so the list entry is removed only after the final reference is released, fixing a general protection fault in i915_perf. It also corrects spin_lock usage.",4,1,1,0,,,,,,,,,69.063,,,,,,
ad5c5690de,ollama_gpt-oss_120b,4,"Adds a helper that allocates MSI‑X vectors for virtual queues and configuration interrupts in the vDPA ifcvf driver, enabling proper interrupt handling for virtual devices.",0,0,0,4,,,,,,,,,57.827,,,,,,
ad72c3c3f6,ollama_gpt-oss_120b,4,"The patch removes a snd_BUG_ON() check for a NULL port in snd_usbmidi_output_open(), because the NULL can occur with malformed descriptors and the driver already skips allocation; keeping the BUG_ON caused spurious kernel oops reported by syzbot.",4,0,1,0,,,,,,,,,65.031,,,,,,
ad75bd85b1,ollama_gpt-oss_120b,4,"The patch modifies the Sony laptop ACPI driver to skip probing the keyboard backlight when the 0x153 SNC handle lacks a dedicated probe address, preventing the probe from unintentionally turning the backlight off.",4,0,0,0,,,,,,,,,55.428,,,,,,
add61d3c31,ollama_gpt-oss_120b,4,"The patch limits 36‑bpp linebuffer usage to DCN display engines, keeping DCE engines at 30‑bpp to avoid dithering issues observed on DCE‑11.2, thereby restoring correct pixel passthrough for scientific applications.",4,1,0,0,,,,,,,,,57.436,,,,,,
ae962e5f63,ollama_gpt-oss_120b,4,"The patch renames the inner variable in mac80211 airtime code to avoid shadowing the outer 'rate' variable, improving code clarity.",0,1,4,0,,,,,,,,,60.404,,,,,,
aeb8441203,ollama_gpt-oss_120b,3,"The patch updates x86/boot inline assembly to wrap literal address casts with absolute_pointer() macro, eliminating GCC 11/12 false‑positive -Warray-bounds warnings caused by treating literal pointers as NULL offsets.",0,1,4,0,,,,,,,,,59.392,,,,,,
aecf89f2f8,ollama_gpt-oss_120b,3,"The commit adds hardware definitions for LEDs and buttons of the Asus RTN-10U router to the BCM47XX MIPS driver, enabling support for this device.",0,0,0,4,,,,,,,,,64.374,,,,,,
afb8d5f431,ollama_gpt-oss_120b,4,"The patch marks irq_chip structures used by pinctrl actions as immutable, removes an unnecessary copy, adds helper functions, and invokes gpiolib helpers to enforce the immutability flag.",0,2,4,0,,,,,,,,,58.293,,,,,,
b00e3e03cf,ollama_gpt-oss_120b,3,"Updates the i.MX8MP Phycore SOM device tree: disables unused LDO4 and enables LDO5, which supplies VSEL for the SD‑Card controller, matching the board's hardware design.",0,2,0,0,,,,,,,,,59.625,,,,,,
b02180e899,ollama_gpt-oss_120b,3,"The patch updates the Microchip PIT64B timer driver to call mchp_pit64b_suspend() and mchp_pit64b_resume() for clock management during init/remove, removing explicit clk_prepare_disable/enable calls, and relies on state callbacks for clockevent timers.",3,2,2,0,,,,,,,,,56.841,,,,,,
b02ba9ed7c,ollama_gpt-oss_120b,3,"The patch standardises how underscores and dots are added to UC filenames by moving delimiter handling into the concatenation macro, removing explicit prefixes and making the macro generate consistent filenames.",0,0,4,0,,,,,,,,,48.001,,,,,,
b087a381d7,ollama_gpt-oss_120b,3,"Adds snd_card_free() call in the probe error path of the sonicvibes ALSA driver via a helper, ensuring proper resource release before card registration.",4,0,0,0,,,,,,,,,58.92,,,,,,
b127315d9a,ollama_gpt-oss_120b,3,"Adds a dmaengine driver for the Apple ADMAC audio DMA controller present in Apple Silicon SoCs, integrating it into the kernel's DMA engine subsystem.",0,0,0,4,,,,,,,,,54.14,,,,,,
b13fa27a4b,ollama_gpt-oss_120b,3,"The patch changes the udl DRM driver to pass a rectangle structure directly to udl_handle_damage(), removing intermediate handling and simplifying the code path.",0,0,4,0,,,,,,,,,66.858,,,,,,
b148c8b9b9,ollama_gpt-oss_120b,3,"Adds additional self‑test cases for the BPF btf_dump utility to verify handling of padding edge cases, including handcrafted and fuzz‑generated inputs.",0,0,1,4,,,,,,,,,58.279,,,,,,
b1a09b6368,ollama_gpt-oss_120b,4,"The patch adds a call to unregister_candev() in mcp251x_can_probe() when mcp251x_gpio_setup() fails, ensuring the CAN device is properly cleaned up on probe error.",4,0,0,0,,,,,,,,,62.961,,,,,,
b1bbd3a57b,ollama_gpt-oss_120b,4,"Adjusts bullet list indentation in Documentation/ABI/testing/sysfs-class-thermal to match other files, removing a Sphinx warning about a list ending without a blank line.",0,0,4,0,,,,,,,,,66.093,,,,,,
b1d003f1b7,ollama_gpt-oss_120b,3,"The commit updates the verdin-imx8mp device tree for arm64, adding support for USB_1 over‑current detection by defining the USB_1_OC# pin as active‑low and removing its previous gpio_hog3 assignment.",0,1,0,4,,,,,,,,,57.538,,,,,,
b24cb2d169,ollama_gpt-oss_120b,3,"The patch adds handling for the CMD_ERROR_EVENT in the kvaser_usb leaf driver, logging or reacting to an unexpected error command that indicates a driver malfunction.",0,3,1,0,,,,,,,,,54.431,,,,,,
b2d71f275d,ollama_gpt-oss_120b,4,"The patch renames the macro definitions for the ID_AA64ISAR2_EL1 register to include the _EL1 suffix, aligning them with the convention used for other system registers; no code behavior is altered.",0,0,4,0,,,,,,,,,56.369,,,,,,
b354eaeec8,ollama_gpt-oss_120b,3,"Updates egress rate‑limit handling for CN10K by correcting register burst fields and widening maxrate variable to 64‑bit, aligning driver with new hardware register format.",4,1,1,0,,,,,,,,,56.055,,,,,,
b3fd0a86da,ollama_gpt-oss_120b,3,"Replaces a BUG_ON check with WARN_ON in the sfc driver and adds recovery code, reducing fatal aborts and addressing a checkpatch warning.",0,3,2,0,,,,,,,,,55.404,,,,,,
b43d0c0a42,ollama_gpt-oss_120b,4,"The patch changes the uid_strings const array from a stack‑allocated variable to a static definition, moving it to read‑only data and shrinking the generated object code.",0,1,4,0,,,,,,,,,68.488,,,,,,
b57774ccf5,ollama_gpt-oss_120b,3,The patch defines a constant for the fixed value 0x6 and removes the unused UsbTxAggDescNum member from the hal_data_8188e structure in the r8188eu driver.,0,0,4,0,,,,,,,,,61.797,,,,,,
b5fa1d09f1,ollama_gpt-oss_120b,3,"The patch changes uml_vector_default_bpf() to accept a const MAC address pointer, aligning with recent constification of MAC addresses and fixing compilation errors.",4,0,0,0,,,,,,,,,57.563,,,,,,
b61699d2cd,ollama_gpt-oss_120b,3,"The commit renames the test‑mode TX antenna configuration from a chain‑mask to a unified antenna_mask for both band0 and band1, updating driver code to use the new field and eliminating the conversion when building firmware commands.",0,1,4,0,,,,,,,,,61.786,,,,,,
b653db7735,ollama_gpt-oss_120b,3,"The patch ensures that when a page is split or migrated, its private pointer is cleared. It zeroes page->private after allocation and for tail pages, fixing cases where PG_private is cleared but folio->private remains non-NULL.",4,3,1,0,,,,,,,,,63.287,,,,,,
b661a848a5,ollama_gpt-oss_120b,4,"The patch corrects a spelling mistake in a comment within the ASoC AMD ACP driver, changing the typo to the proper word without altering code logic.",0,0,4,0,,,,,,,,,53.316,,,,,,
b6a709cb51,ollama_gpt-oss_120b,4,"Adds Mediatek Ethernet driver PCS register definitions based on investigation, updating header constants to match hardware specifics.",0,0,4,0,,,,,,,,,55.576,,,,,,
b76ecff831,ollama_gpt-oss_120b,3,"The patch adds a kernel warning and updates comments in the fbdev hot‑unplug workaround for framebuffers lacking a device, noting that the workaround should no longer be needed now that OF framebuffers have platform devices.",0,2,3,0,,,,,,,,,61.303,,,,,,
b771aadc6e,ollama_gpt-oss_120b,3,"The commit changes F2FS to treat a zoned block device as having a single uniform zone capacity, removing per‑zone capacity handling and simplifying space management.",0,2,4,0,,,,,,,,,56.27,,,,,,
b7bc1c9e5b,ollama_gpt-oss_120b,4,"The commit updates all source files to replace the GPLv2 boilerplate text with the SPDX identifier 'GPL-2.0-only', standardizing license declarations across the tree.",0,0,4,0,,,,,,,,,60.972,,,,,,
b7dc37fcf6,ollama_gpt-oss_120b,3,"The patch deletes an unused declaration of sni_cpu_time_init() from the MIPS time code after previous commits removed all its calls, cleaning up dead code.",0,0,4,0,,,,,,,,,66.937,,,,,,
b808a7eb30,ollama_gpt-oss_120b,3,The patch raises the AMD DRM display compositor buffer size before clock updates to avoid P‑State hangs caused by the buffer not being programmed in time.,4,0,0,0,,,,,,,,,66.045,,,,,,
b888886a45,ollama_gpt-oss_120b,4,"Adds a device‑tree node for the Mediatek MT6795 pinctrl controller, exposing it to the kernel while leaving pin configuration to machine‑specific DTS files.",0,0,0,4,,,,,,,,,57.139,,,,,,
b8a71b9536,ollama_gpt-oss_120b,4,"The commit corrects misspelled identifiers and comments in the ath10k Wi‑Fi driver, based on codespell output. It only changes text, leaving runtime behavior unchanged.",0,0,4,0,,,,,,,,,56.354,,,,,,
b92d8a6e93,ollama_gpt-oss_120b,3,The patch deletes a redundant resource‑null check in the c67x00 USB driver's remove() routine because the probe already validated the resource.,0,0,3,0,,,,,,,,,64.376,,,,,,
b93d2ec34e,ollama_gpt-oss_120b,4,"The commit updates KVM x86 documentation about MSR filtering, clarifying terminology, correcting an off‑by‑one range description, and removing redundant or inaccurate paragraphs.",0,0,4,0,,,,,,,,,54.221,,,,,,
b98c359f1d,ollama_gpt-oss_120b,4,"The patch changes the memory‑management helper that extracts swap flags from a page to operate directly on a folio, eliminating an unnecessary page‑to‑folio conversion because the sole caller already works with a folio.",0,0,3,0,,,,,,,,,52.814,,,,,,
b98d2d722f,ollama_gpt-oss_120b,3,"Updates the LRO state‑modify error string in the mlx5e driver, replacing the old specific text with a more generic name to improve diagnostic clarity.",0,0,2,0,,,,,,,,,59.431,,,,,,
b9f3973ab3,ollama_gpt-oss_120b,4,"Adds support for nested VMLOAD and VMSAVE instructions in KVM's x86 nSVM implementation, enabling proper handling when running multiple nested Linux guests.",0,0,0,4,,,,,,,,,61.379,,,,,,
ba05b39d26,ollama_gpt-oss_120b,3,"The patch modifies the Cadence SoundWire driver to treat msg->buf as read‑only for write commands, preventing it from being overwritten and thus avoiding corruption of the caller's data buffer.",4,0,1,0,,,,,,,,,54.199,,,,,,
ba3ea04a25,ollama_gpt-oss_120b,3,Adds a temporary struct device variable in the intel_soc_pmic_bxtwc driver to extend its usage and make the code cleaner.,0,0,4,0,,,,,,,,,56.184,,,,,,
bac4b41d91,ollama_gpt-oss_120b,3,"The patch moves several local variables used in dml32_CalculateSwathAndDETConfiguration into a temporary dummy structure, lowering the function’s stack frame size.",0,0,4,0,,,,,,,,,60.06,,,,,,
bad0eb76dc,ollama_gpt-oss_120b,3,The commit reorganizes the Chinese admin-guide documentation index and improves the HTML To‑do list formatting for better visual presentation.,0,0,4,0,,,,,,,,,59.42,,,,,,
bb2aa78e9a,ollama_gpt-oss_120b,4,"The commit relocates the TSC‑ratio constants/definitions used by the SVM virtualization code from a source file into the svm.h header, aligning the implementation with the SVM specification and improving code organization.",0,0,4,0,,,,,,,,,56.551,,,,,,
bc055a50a8,ollama_gpt-oss_120b,4,"Adds documentation for the Renesas RZ/G2UL USB2 PHY device‑tree bindings, noting it matches the RZ/G2L PHY and can use the existing compatible string.",0,0,2,0,,,,,,,,,60.716,,,,,,
bc4c94994f,ollama_gpt-oss_120b,3,"The patch refactors the ltc2983 temperature driver to obtain configuration data via generic device properties instead of relying on OF, allocating a buffer for all values at once, thus making the driver work on non‑OF platforms.",0,1,4,0,,,,,,,,,65.864,,,,,,
bcdf998ea3,ollama_gpt-oss_120b,3,"Updates STM32 device‑tree to add an alternate pin‑mux option for DCMI pins, required for the AV96 board.",0,0,1,4,,,,,,,,,56.789,,,,,,
bce1b56c73,ollama_gpt-oss_120b,4,"The commit reverts a previous change that fixed batched wait_cnt accounting in sbitmap because it caused CPU stalls and possible infinite loops, restoring the original behavior.",4,0,0,0,,,,,,,,,57.435,,,,,,
bceb8b8ded,ollama_gpt-oss_120b,3,"The patch deletes references to the q->qid field in the mt76 driver because the field is no longer used, cleaning up dead code.",0,1,3,0,,,,,,,,,53.163,,,,,,
bd2db32e7c,ollama_gpt-oss_120b,4,"The patch saves the device's base register before freeing the MMC host in moxart_remove() and uses that saved value instead of dereferencing the freed host pointer, eliminating a use‑after‑free bug.",4,0,0,0,,,,,,,,,76.628,,,,,,
bd363ee533,ollama_gpt-oss_120b,3,"The patch ensures the sta.mlo flag is set for stations using Multi‑Link Operation (MLO) in the mac80211 MLME code, correcting an omission introduced by earlier changes.",4,0,1,0,,,,,,,,,53.265,,,,,,
bd53e442e8,ollama_gpt-oss_120b,4,"Adds minimal register set definitions for m68k, enabling ELF FDPIC loader core dump support; code is conditionally compiled only when that feature is needed.",0,0,0,4,,,,,,,,,68.07,,,,,,
bdf240188b,ollama_gpt-oss_120b,3,"The commit updates the imx319 I2C driver to set V4L2_CTRL_FLAG_MODIFY_LAYOUT on the flip control, ensuring the Bayer order change is correctly reported to V4L2.",4,0,1,0,,,,,,,,,57.823,,,,,,
be2b2f6b62,ollama_gpt-oss_120b,3,"The patch changes the return type of rnbd‑srv's process_msg_close function from int to void because it always returns 0, removing an unnecessary return value.",0,0,4,0,,,,,,,,,57.45,,,,,,
be78aa8a38,ollama_gpt-oss_120b,3,"Adds support for the SBI v0.3 System Reset (SRST) extension in the RISC‑V KVM guest, enabling standard power‑off and reboot operations via the SBI interface.",0,0,0,4,,,,,,,,,59.564,,,,,,
bea75b3389,ollama_gpt-oss_120b,3,"The commit updates x86/Kconfig to enable 16‑byte NOP padding before every function, leveraging existing 16‑byte alignment to support software call‑stack tracking and kCFI/FineIBT, increasing .text size by ~5% without measurable performance loss.",0,0,0,4,,,,,,,,,59.802,,,,,,
bedcf9d1dc,ollama_gpt-oss_120b,4,"The patch renames the clock identifier video_pll1 to video_pll in the i.MX8MN driver to match the reference manual and audio PLL naming, keeping old constants for backward compatibility and introducing no functional changes.",0,0,4,0,,,,,,,,,54.858,,,,,,
bf172a01ea,ollama_gpt-oss_120b,3,"The patch replaces a custom ad‑hoc check for a single enabled CRTC in i9xx_update_wm() with the standard single_enabled_crtc() helper and removes an unnecessary variable, aligning the code with other legacy WM functions.",0,0,4,0,,,,,,,,,58.045,,,,,,
bf29274d77,ollama_gpt-oss_120b,3,"Adds a guard in the AMD DRM driver to verify a PSR panel has entered PSR before switching to MALL state, and prevents overwriting link settings when programming a phantom stream sharing the same link.",4,0,0,0,,,,,,,,,57.341,,,,,,
bf2e1ae417,ollama_gpt-oss_120b,3,"The patch modifies audit_init_parent() to accept a const‑qualified path pointer, updating its prototype and related call sites to enforce read‑only usage of the path argument.",0,1,4,0,,,,,,,,,72.287,,,,,,
bf54d97a83,ollama_gpt-oss_120b,3,"Updates the tas2770 ASoC driver to accept mono audio streams, handling downmix and channel switching so the right channel index ranges 1‑2.",0,0,1,4,,,,,,,,,61.047,,,,,,
bfb5711e24,ollama_gpt-oss_120b,3,"The patch changes the STM32 VREFBUF regulator driver to call pm_runtime_resume_and_get instead of pm_runtime_get_sync, simplifying the runtime‑PM handling.",0,1,3,0,,,,,,,,,63.267,,,,,,
bfc618fcc3,ollama_gpt-oss_120b,4,"The patch updates the Intel raw NAND driver to read the chip‑select line from the flash device's OF node (a child of the controller) instead of the controller node, fixing the hardware mapping.",4,0,1,0,,,,,,,,,56.696,,,,,,
c01147d929,ollama_gpt-oss_120b,3,"The patch replaces XFS inode fork size macros with inline helper functions, removing shouty macros and adding type‑checked calls to improve safety and readability.",0,0,4,0,,,,,,,,,54.251,,,,,,
c1631dbc00,ollama_gpt-oss_120b,3,"The patch corrects hci_read_buffer_size_sync to call the LE‑specific helper hci_le_read_buffer_size_sync instead of using the LE‑only opcode HCI_OP_LE_READ_BUFFER_SIZE_V2, fixing a bug where the wrong opcode was used.",4,1,0,0,,,,,,,,,63.79,,,,,,
c1da5a7bef,ollama_gpt-oss_120b,4,"Switches the efuse buffer in ReadAdapterInfo8188EU from a fixed 512‑byte stack array to a kmalloc‑allocated buffer, freeing it on exit, and drops the __aligned(4) qualifier because kmalloc already provides sufficient alignment.",0,2,4,0,,,,,,,,,62.246,,,,,,
c1e48e36c1,ollama_gpt-oss_120b,4,"The patch marks several functions in dcn32_hubbub.c as static because they are only used within that file, removing warnings about missing prototypes and limiting their visibility.",0,1,4,0,,,,,,,,,67.667,,,,,,
c223929418,ollama_gpt-oss_120b,3,"The patch changes the PTP OCP driver to compute which sysfs attribute groups need registration, creates them with sysfs_create_groups, and avoids calling sysfs_remove_group on groups that were never added, fixing a crash on detach.",4,0,2,0,,,,,,,,,65.309,,,,,,
c24538f538,ollama_gpt-oss_120b,3,"The patch deletes the declaration of intel_gt_create_kobj() from the i915 GT driver because the function is never referenced, cleaning up dead code.",0,0,4,0,,,,,,,,,67.903,,,,,,
c297448760,ollama_gpt-oss_120b,3,"The patch edits the max9759 ASoC driver Kconfig to drop an unnecessary 'select GPIOLIB' line, making GPIO support optional and silencing spurious warnings during random configuration builds.",0,0,4,0,,,,,,,,,60.922,,,,,,
c2bc16817a,ollama_gpt-oss_120b,3,"The patch introduces folio_batch_move_lru() and begins converting the LRU handling from pagevec structures to folio_batch structures, merging existing pagevec functions into new folio_batch equivalents.",0,0,4,0,,,,,,,,,54.605,,,,,,
c2ca36e82f,ollama_gpt-oss_120b,4,The patch deletes the f2fs_lock_op call in f2fs_new_inode because the allocation routine does not need to block checkpoint and the related function already holds the necessary nat_tree_lock.,0,0,4,0,,,,,,,,,68.275,,,,,,
c3ad8d23bc,ollama_gpt-oss_120b,4,"Adds a helper function is_subset to the perf cpumap code that returns true when the second cpumap is a subset of the first, enabling easier subset checks within the perf subsystem.",0,1,4,0,,,,,,,,,57.095,,,,,,
c4168db7c8,ollama_gpt-oss_120b,3,"Adds explicit missing #include directives to the lynxpoint pinctrl driver and sorts all headers alphabetically, ensuring only directly used headers are included.",0,0,4,0,,,,,,,,,57.965,,,,,,
c4d2497032,ollama_gpt-oss_120b,3,"The patch deletes tcf_connmark_walker and tcf_connmark_search from the act_connmark scheduler and uses the generic walk/search function instead, removing duplicated code.",0,1,3,0,,,,,,,,,56.411,,,,,,
c4d66f7db6,ollama_gpt-oss_120b,3,"The patch updates the Nouveau driver for TU102 GPUs to correctly send the high 32 bits when initializing a 64‑bit software bundle, fixing a missing field that previously defaulted to zero.",4,0,0,0,,,,,,,,,68.122,,,,,,
c4d987de9c,ollama_gpt-oss_120b,3,"The patch updates the rkvdec driver to call the newly added vb2_find_buffer helper, retrieving a vb2_buffer based on its timestamp instead of the previous method.",0,1,4,0,,,,,,,,,58.045,,,,,,
c575521462,ollama_gpt-oss_120b,4,"Adds unit tests for MCTP key/tag lookup logic, inserting a specific entry into key lists, sending a packet with particular header values, and verifying match/mismatch behavior.",0,0,4,0,,,,,,,,,65.698,,,,,,
c5e58c4545,ollama_gpt-oss_120b,4,"Adds a manual snd_card_free() call in the cs46xx ALSA driver’s probe error path to correctly release resources before the card is registered, fixing a leak caused by devres cleanup ordering.",4,0,0,0,,,,,,,,,65.284,,,,,,
c5e804ba38,ollama_gpt-oss_120b,3,"The patch replaces a manual error‑logging sequence in the mxsfb DRM driver with the generic dev_err_probe() helper, removing duplicated code and exposing a deferred‑device hint in sysfs.",0,1,4,0,,,,,,,,,75.383,,,,,,
c5e97ed154,ollama_gpt-oss_120b,3,"The patch modifies bootmem to replace uses of page->freelist with page->index, because both hold the same bits but index is an integer, eliminating pointer casts.",0,1,3,0,,,,,,,,,120.273,,,,,,
c5f81301d0,ollama_gpt-oss_120b,3,"Updates the sdw‑mockup ASoC driver to replace its manual hw_params‑to‑SoundWire config conversion with the generic snd_sdw_params_to_config helper, simplifying the code.",0,0,4,0,,,,,,,,,58.157,,,,,,
c65234b283,ollama_gpt-oss_120b,4,"The patch adds a missing configfs_put() on the error path of configfs_create_dir() to correct the reference count, eliminating the memory leak reported by kmemleak.",4,1,0,0,,,,,,,,,64.33,,,,,,
c6c1f11b69,ollama_gpt-oss_120b,4,"The patch refactors xdp_do_redirect() to return more specific errno values: ENOMEM for allocation failures and ENOBUFS when the AF_XDP Rx ring is full, while keeping existing codes for other cases, enabling drivers to distinguish error causes.",0,2,3,0,,,,,,,,,61.018,,,,,,
c7c16c5b19,ollama_gpt-oss_120b,4,"The patch changes the NVMe PCI driver’s reset failure handling so that, instead of unbinding the driver, it simply shuts down the controller and leaves it in a dead state.",4,2,1,0,,,,,,,,,68.508,,,,,,
c7e31e36d8,ollama_gpt-oss_120b,3,"Adds unevaluatedProperties/additionalProperties=false to child node schemas in dt-bindings opp, tightening validation to allow only documented properties.",0,3,2,0,,,,,,,,,66.782,,,,,,
c86d18f4aa,ollama_gpt-oss_120b,4,"Adds a missing put_uid call in __io_sqe_files_scm() when no files are present, closing a memory leak in io_uring file registration.",4,0,1,0,,,,,,,,,56.748,,,,,,
c8bd296cca,ollama_gpt-oss_120b,3,"Updates ARM crypto Kconfig for __cbc-aes-neonbs to SELECT generic CBC and AES implementations, providing a fallback so the algorithm can register correctly at boot.",4,1,0,0,,,,,,,,,57.718,,,,,,
c8d18e4402,ollama_gpt-oss_120b,3,"Adds a runtime check in ASoC core to detect when the driver field of snd_ctl_card_info is set via the generic wrapping method, which can truncate names and cause clashes, and prints an error prompting driver developers to fix the initialization.",0,4,2,0,,,,,,,,,62.514,,,,,,
c8e98eaf2b,ollama_gpt-oss_120b,3,"Adds a board configuration (adl_rt5682) for the Intel SOF driver to support the alc5682 headset codec on platforms without a speaker amplifier, connecting it to SSP0.",0,0,0,4,,,,,,,,,81.5,,,,,,
c90b6b50b4,ollama_gpt-oss_120b,4,"The patch removes the unused gfp_flags argument from null_alloc_page() in the null_blk driver, updates its sole caller null_insert_page() to rely on the default GFP_NOIO, and adjusts related code, eliminating a hard‑coded parameter.",0,0,4,0,,,,,,,,,66.143,,,,,,
c951cd3b89,ollama_gpt-oss_120b,3,"Implements a minimal sysfs stub for DAMON, creating a directory hierarchy and 'nr' files so users can build monitoring contexts via sysfs instead of debugfs.",0,0,1,4,,,,,,,,,61.509,,,,,,
c95aa2bab9,ollama_gpt-oss_120b,3,"Adds a 'depends on NET' clause to INTEL_HFI_THERMAL Kconfig entry so that it respects the NET dependency required by THERMAL_NETLINK, eliminating a Kconfig warning and many build errors.",3,0,2,0,,,,,,,,,66.112,,,,,,
c9da02bfb1,ollama_gpt-oss_120b,3,"The patch corrects swapped bitmask definitions in the RX_DMA_GET_SPORT and RX_DMA_GET_SPORT_V2 macros of the MediaTek Ethernet SOC driver, ensuring each macro uses the proper mask for extracting the source port.",4,0,0,0,,,,,,,,,67.233,,,,,,
c9e6aeb588,ollama_gpt-oss_120b,3,"The patch corrects the prefetch calculation loop in the AMD DCN3.2 display driver so that after a failure the loop resets its local variables each iteration, preventing it from consuming the entire vstartup range.",4,0,0,0,,,,,,,,,68.187,,,,,,
cacdb14b1c,ollama_gpt-oss_120b,4,"Adds proper synchronization to roccat_read() to stop the race where a report buffer can be freed while being copied to userspace, eliminating a use‑after‑free condition.",4,0,1,0,,,,,,,,,56.641,,,,,,
cae5c1ab05,ollama_gpt-oss_120b,3,"The patch deletes the unused CONFIG_DRM_AMD_DC_DCN option from the amdgpu_dm directory, making the AMD display driver code OS‑agnostic and eliminating unnecessary conditional compilation.",0,1,4,0,,,,,,,,,58.596,,,,,,
cb04b5ef85,ollama_gpt-oss_120b,3,"The patch adjusts mac80211 DTIM handling so the DTIM period is stored in link->conf->dtim_period and not overwritten, while still preferring beacon data when available.",4,0,0,0,,,,,,,,,54.258,,,,,,
cb55f27ac9,ollama_gpt-oss_120b,3,"Adds the list_for_each_table_entry macro to proc sysctl code to traverse ctl_table more cleanly, improving readability and potential traversal efficiency.",0,1,4,0,,,,,,,,,56.699,,,,,,
cbd2574854,ollama_gpt-oss_120b,3,"The patch adjusts io_uring's multishot accept handling to drop pending accepts when the completion queue overflows, fixing ordering problems similar to the multishot poll case.",4,0,1,0,,,,,,,,,70.963,,,,,,
cc1049ccee,ollama_gpt-oss_120b,4,"The patch restores correct speed configuration for CPU/DSA ports in mv88e6xxx by calling mv88e6xxx_get_caps() early, because mac_capabilities were previously zero, causing a default 10 Mbps setting.",4,0,0,0,,,,,,,,,57.338,,,,,,
cc2609eda6,ollama_gpt-oss_120b,3,"The commit updates ath10k driver code to replace strlcpy with strscpy and adjusts a printf format to silence recent checkpatch warnings, without changing functionality.",0,1,4,0,,,,,,,,,53.487,,,,,,
cc2f2df48a,ollama_gpt-oss_120b,4,"Updates the it66121 device‑tree binding file to document audio‑related properties, enabling the bridge to be described with audio support in DT.",0,0,3,2,,,,,,,,,62.077,,,,,,
cc767e7c69,ollama_gpt-oss_120b,4,"Adds a check in io_uring networking code to reject zerocopy sendmsg operations on sockets that do not support zerocopy, mirroring earlier handling for send requests.",4,1,1,0,,,,,,,,,67.551,,,,,,
ccb9bc1dfa,ollama_gpt-oss_120b,3,"The commit adds support for the ethtool --identify option in the NFP driver, enabling the NIC firmware to blink the panel LED when requested.",0,0,0,4,,,,,,,,,55.54,,,,,,
cd044ff918,ollama_gpt-oss_120b,4,"Adds device‑tree binding definitions for the Himax hx83112b touchscreen, providing the necessary property descriptions for this hardware.",0,0,0,4,,,,,,,,,55.648,,,,,,
cd4e5f30f5,ollama_gpt-oss_120b,3,"The commit adds a regulator node and enables the PCIe 2 controller and its combphy in the quartz64-b device tree, providing hardware support for PCIe 2 on that board.",0,0,0,4,,,,,,,,,61.975,,,,,,
cd50f9b247,ollama_gpt-oss_120b,4,"The patch separates nvme_kill_queues into two parts: one that marks all namespace disks dead and another that unquiesces I/O queues. The unquiescing is moved to callers, and the remaining function is renamed nvme_mark_namespaces_dead.",0,1,4,0,,,,,,,,,67.975,,,,,,
cdbb816b5b,ollama_gpt-oss_120b,3,"The patch removes an unnecessary condition that checks for Correctable Error (CE) status when querying RAS error addresses in the amdgpu driver, leaving only the Uncorrectable Error (UE) address query.",0,0,4,0,,,,,,,,,66.452,,,,,,
ce0091a0e0,ollama_gpt-oss_120b,4,"The patch resolves Sparse static‑analysis warnings in arch/powerpc/kernel/time.c by declaring decrementer_max in asm/time.h, adding linux/mc146818rtc.h for rtc_lock, removing duplicate rtc_lock definition, and moving dtl_consumer after including <asm/dtl.h>.",0,0,4,0,,,,,,,,,65.775,,,,,,
ce3a0a29fb,ollama_gpt-oss_120b,3,"Replaces inline enable/disable code in the Merrifield GPIO driver with the generic str_enable_disable() helper, removing duplicated logic.",0,1,4,0,,,,,,,,,59.918,,,,,,
cee7db1b02,ollama_gpt-oss_120b,4,"Adds a check for xeCJK.sty before loading it in the kerneldoc preamble, avoiding LaTeX errors on systems where the package is absent.",4,0,0,0,,,,,,,,,68.362,,,,,,
cf0d7e7f45,ollama_gpt-oss_120b,3,"The patch replaces uses of the 16‑byte struct sockaddr with struct sockaddr_storage in NFS server structures and memcpy calls, aligning buffer sizes with the union member to stop fortify‑source overflow warnings.",0,1,3,0,,,,,,,,,62.519,,,,,,
cf260db405,ollama_gpt-oss_120b,3,"The patch updates Btrfs code to use the self‑documenting macro OFFSET_MAX instead of INT_LIMIT(loff_t), improving readability of the maximum file offset constant.",0,0,4,0,,,,,,,,,63.73,,,,,,
cf8f4462e5,ollama_gpt-oss_120b,3,"The patch removes the obsolete of_gpio.h header from the zevio GPIO driver and updates the driver to use the standard of_* APIs and structures, adjusting calls accordingly.",0,2,4,0,,,,,,,,,61.069,,,,,,
cff35798fa,ollama_gpt-oss_120b,3,"The commit adjusts the compute unit (CU) masking logic for GFX10+ ASICs with work‑group processors, making the mask pairwise contiguous and round‑robin distributing CUs across shader engines to correctly handle WGP mode.",4,2,0,0,,,,,,,,,61.408,,,,,,
d016fc7ab5,ollama_gpt-oss_120b,3,"The patch replaces a custom implementation of delayed work cancellation in the max14656 power supply driver with the kernel-provided devm_delayed_work_autocancel helper, reducing code size and leveraging device-managed cleanup.",0,2,3,0,,,,,,,,,65.672,,,,,,
d082a0255f,ollama_gpt-oss_120b,4,Adds a hardware capability flag for ARM64 MTE asymmetric mode (FEAT_MTE3) so userspace can detect support via the hwcap mechanism.,0,0,1,4,,,,,,,,,59.879,,,,,,
d0864ee4f8,ollama_gpt-oss_120b,4,"The patch extracts combo PHY register definitions from the generic i915 register header into a dedicated header, limiting inclusion to files and platforms that actually need them, improving code organization.",0,0,4,0,,,,,,,,,57.926,,,,,,
d0871b5a22,ollama_gpt-oss_120b,3,"The commit updates the Palmas MFD driver to replace manual match‑data extraction with the helper device_get_match_data(), simplifying the driver’s initialization code.",0,0,4,0,,,,,,,,,55.631,,,,,,
d09adf6100,ollama_gpt-oss_120b,4,"The patch updates the ptp_pch driver to replace custom 64‑bit I/O code with the kernel‑provided ioread64_hi_lo() and iowrite64_hi_lo() helpers, simplifying handling on 32‑bit platforms and buses.",0,1,4,0,,,,,,,,,65.741,,,,,,
d13bc4d84a,ollama_gpt-oss_120b,3,"The commit deletes the sx8 block driver files, removing support for an obscure hardware block device that has been unmaintained since 2005.",0,0,3,0,,,,,,,,,54.627,,,,,,
d13da2f4c8,ollama_gpt-oss_120b,4,"Updates the Qualcomm USB VBUS regulator DT binding by renaming the generic node from ""dcdc"" to ""usb-vbus-regulator"" and adjusting the example to match.",0,0,4,0,,,,,,,,,58.178,,,,,,
d147553b64,ollama_gpt-oss_120b,3,"Adds the UNTRAIN_RET macro to the Xen entry on x86, making the return path go through UNTRAIN_RET to extend retpoline mitigation for Xen.",0,4,0,0,,,,,,,,,58.307,,,,,,
d184cc910e,ollama_gpt-oss_120b,4,"The patch deletes the unused <linux/gpio.h> include from the i2c/ccs driver, which already uses <linux/gpio/consumer.h>, cleaning up the source file.",0,0,4,0,,,,,,,,,61.092,,,,,,
d1ad2721b1,ollama_gpt-oss_120b,4,"Updates kbuild header_check to stop checking include/linux/cyclades.h, which now intentionally warns if included, so the test should not flag it.",4,0,0,0,,,,,,,,,77.114,,,,,,
d1ddc536df,ollama_gpt-oss_120b,3,"The commit introduces a mechanism to override the device used for DMA mapping in the mt76 driver, enabling the WED driver to switch the PCI HIF to non‑coherent DMA when needed.",0,2,0,4,,,,,,,,,60.227,,,,,,
d1f68ba069,ollama_gpt-oss_120b,4,"The patch renames the function btrfs_insert_file_extent() to btrfs_insert_hole_extent() throughout Btrfs code, because the function only inserts hole extents. It also drops unused parameters, updating all call sites accordingly.",0,1,4,0,,,,,,,,,72.251,,,,,,
d23417a5bf,ollama_gpt-oss_120b,4,"The patch fixes a kmemleak in orangefs_prepare_debugfs_help_string by always freeing the allocated debug_help_string buffer when the module is removed or when free_debug_help_string changes, preventing the leaked 4 KB allocation.",4,0,0,0,,,,,,,,,59.738,,,,,,
d2403ee73d,ollama_gpt-oss_120b,3,"The commit updates the Qualcomm ADSP remoteproc device tree binding to simplify interrupt constraints, removing the need for a separate optional interrupt entry.",0,0,3,0,,,,,,,,,56.812,,,,,,
d24e7855ef,ollama_gpt-oss_120b,3,"The patch raises the GT reset‑failure timeout from 5 s to 60 s, delaying the device‑wedge action to allow more diagnostics and avoid premature failure.",4,2,0,0,,,,,,,,,68.386,,,,,,
d31d37912e,ollama_gpt-oss_120b,3,"The commit introduces handling of PTP timestamp interrupts in the sparx5 Ethernet driver, allowing the driver to read timestamps from the hardware FIFO during two‑step timestamping.",0,0,1,4,,,,,,,,,63.64,,,,,,
d3345fecf9,ollama_gpt-oss_120b,4,"Adds a requires_cpu flag to perf stat for uncore events, separating them from the system_wide flag and ensuring they are bound to a specific CPU.",0,1,2,4,,,,,,,,,67.729,,,,,,
d3a20dcbca,ollama_gpt-oss_120b,4,"Adds kernel documentation strings for core domain fields in the Tegra PMC driver, enabling proper generation of documentation via kerneldoc.",0,0,4,0,,,,,,,,,65.064,,,,,,
d3b43eb505,ollama_gpt-oss_120b,3,"The patch adds a NULL check after platform_get_resource() in the mt6397 RTC driver to avoid dereferencing a NULL pointer, fixing a crash scenario.",4,0,0,0,,,,,,,,,59.086,,,,,,
d4893978f9,ollama_gpt-oss_120b,4,"Renames the existing filter function group and related identifiers to include ""vlan_"" for clearer distinction from the upcoming QinQ filtering group, without changing functionality.",0,0,4,0,,,,,,,,,53.609,,,,,,
d4940b84da,ollama_gpt-oss_120b,4,"The patch deletes the now‑unused arch_kprobe_override_function() prototype from x86/kprobes after earlier changes eliminated all calls, cleaning up dead code.",0,0,4,0,,,,,,,,,66.09,,,,,,
d49fc69293,ollama_gpt-oss_120b,3,"The patch wraps the -mno-branch-likely flag in a cc-option wrapper for MIPS Loongson targets, so clang’s unused‑argument warning no longer triggers -Werror. It also moves the cc-option test into Kconfig, performing the check at configuration time and speeding up unchanged builds.",0,3,3,0,,,,,,,,,71.14,,,,,,
d4ad017d63,ollama_gpt-oss_120b,3,"The patch changes platform code to call fwnode_irq_get_byname instead of of_irq_get_byname, allowing named interrupt lookup for devices described by ACPI as well as OF via the fwnode abstraction.",0,0,2,4,,,,,,,,,55.615,,,,,,
d4bfba1e75,ollama_gpt-oss_120b,3,"Adds a new helper function hda_codec_device_remove() to the Intel SOF ASoC HDA codec driver, separating removal logic between controller and codec components.",0,0,4,0,,,,,,,,,68.633,,,,,,
d57716702d,ollama_gpt-oss_120b,3,"The commit adds the mmhub v3_0_1 hardware header files to the amdgpu DRM driver, updating definitions to match the newer hardware version.",0,0,0,4,,,,,,,,,59.613,,,,,,
d5f497b889,ollama_gpt-oss_120b,4,"The patch modifies ptp_ocp_verify() to use snprintf() instead of sprintf(), improving safety and readability of the formatting operation.",0,3,3,0,,,,,,,,,64.659,,,,,,
d61876a285,ollama_gpt-oss_120b,4,"The patch rewrites devm_clk_hw_register_clkdev() to use devm_add_action_or_reset() instead of devres_alloc()/devres_add(), simplifying the implementation without altering behavior.",0,0,4,0,,,,,,,,,62.83,,,,,,
d64a29af12,ollama_gpt-oss_120b,3,"Adds runtime validation of the user-provided CQ counter offset in the habanalabs driver, checking the value in wait_for_interrupt and register_for_timestamp before use.",1,4,1,0,,,,,,,,,58.337,,,,,,
d6501ecfb6,ollama_gpt-oss_120b,4,"The patch updates the printf format for div_sel from %d to the correct specifier for a u32, matching the variable's unsigned 32‑bit type.",4,0,0,0,,,,,,,,,62.104,,,,,,
d6c2964db3,ollama_gpt-oss_120b,4,"Adds support for additional TC flower filter keys to the Sparx5 IS2 VCAP, including IPv4/IPv6 addresses, fragments, ports, VLAN, TCP flags, IP TOS, and a 128‑bit keyfield API for IPv6.",0,0,1,4,,,,,,,,,56.347,,,,,,
d6c47d21a0,ollama_gpt-oss_120b,3,"The patch extends the meson-gpio IRQ driver to support Meson S4 SoCs, adding definitions for the larger set of GPIO IRQ lines and fixing build warnings.",0,0,1,4,,,,,,,,,59.954,,,,,,
d6d0c7f681,ollama_gpt-oss_120b,4,"Adds a new x86 CPU feature bit for AMD PerfMonV2, exposing CPUID leaf 0x80000022 bits so the kernel can detect and use the new performance monitoring capabilities.",0,0,1,4,,,,,,,,,55.327,,,,,,
d6dd2fe711,ollama_gpt-oss_120b,4,"The patch frees the rwi structure after a successful reset, eliminating a 32‑byte memory leak introduced by a prior commit that left the last rwi allocated.",4,0,0,0,,,,,,,,,60.86,,,,,,
d6f8168e43,ollama_gpt-oss_120b,3,"The patch casts the return value of __fls to unsigned long in the Intel AVS ASoC driver because on arc, m68k and sparc __fls returns int, causing a %ld format warning that breaks the build.",4,0,1,0,,,,,,,,,55.979,,,,,,
d775155a86,ollama_gpt-oss_120b,4,"The commit renames ice_sriov.c and its header to ice_vf_mbx.c to reflect that the file contains generic VF mailbox code, not SR-IOV specific, facilitating future Scalable IOV support.",0,0,4,0,,,,,,,,,64.696,,,,,,
d80afefb17,ollama_gpt-oss_120b,4,"The patch separates the existing cp_task field in f2fs_inode_info into cp_task (for IO accounting) and wb_task (to avoid deadlock), correcting mis‑classification of data‑flush IO as checkpoint IO when the data_flush mount option is enabled.",4,0,1,0,,,,,,,,,68.584,,,,,,
d873697ef2,ollama_gpt-oss_120b,4,"Adds a guard in ieee80211_tx_control_port() to skip __ieee80211_select_queue() when the hardware reports fewer than four TX queues, restoring correct queue mapping for non‑QoS drivers such as rt2500‑pci.",4,1,0,0,,,,,,,,,67.144,,,,,,
d8ca113724,ollama_gpt-oss_120b,4,"Adds driver support for the Multi‑Gigabit Ethernet (MGBE/XPCS) IP on NVIDIA Tegra234 SoCs to the stmmac network driver, enabling kernel interaction with this hardware.",0,0,0,4,,,,,,,,,62.47,,,,,,
d8fa2fd791,ollama_gpt-oss_120b,4,"Adds string representations for two missing IAVF state enums so debug prints show correct state names, fixing confusing log output.",0,0,4,0,,,,,,,,,56.226,,,,,,
d8fc085509,ollama_gpt-oss_120b,3,"The patch modifies perf inject to detect a kcore_dir in the input perf.data and copy that directory into the output, preserving kallsyms and related files for later analysis.",0,1,1,4,,,,,,,,,60.478,,,,,,
d931686dc2,ollama_gpt-oss_120b,4,"The patch updates the sun4i_can device tree binding to reference the newly added common CAN controller binding, aligning the documentation with the shared can-controller.yaml definition.",0,0,4,0,,,,,,,,,57.656,,,,,,
d955cf3df3,ollama_gpt-oss_120b,4,"The commit moves Renesas PRR device‑tree binding files from the soc directory to a new hwinfo directory, grouping chip‑ID and SoC information under hwinfo.",0,0,4,0,,,,,,,,,56.826,,,,,,
d9ad805083,ollama_gpt-oss_120b,4,"The patch deletes an unnecessary cast to u8 when comparing two u8 fields (card_8192_version and IC_Cut) against the macro VERSION_8190_BD, simplifying the expression without altering functionality.",0,0,4,0,,,,,,,,,64.488,,,,,,
d9dcb63677,ollama_gpt-oss_120b,4,"The patch deletes an unnecessary #include of linux/msi.h from the iommu/of driver source file, as the file does not use any symbols from that header.",0,0,4,0,,,,,,,,,57.797,,,,,,
d9edc4bc67,ollama_gpt-oss_120b,3,The patch extends the GPMI raw NAND driver to handle NAND devices with OOB size larger than 1 KB by adding a BCH geometry selection algorithm that tries ECC strengths and optionally adds a separate ECC for metadata to keep the bad‑block marker inside data chunks.,0,2,0,4,,,,,,,,,63.539,,,,,,
da4363457f,ollama_gpt-oss_120b,3,"The patch wraps Energy Model‑related functions in #ifdef CONFIG_ENERGY_MODEL guards, removing unused‑function warnings and avoiding unnecessary work when the Energy Model is disabled.",3,2,3,0,,,,,,,,,68.264,,,,,,
da92e03c7f,ollama_gpt-oss_120b,3,"The patch initializes previously uninitialized variables and adds checks for possible ERR_PTR returns in octeontx2 driver files, eliminating smatch static analysis warnings.",3,0,2,0,,,,,,,,,53.973,,,,,,
daeb1c2b50,ollama_gpt-oss_120b,4,"Removes duplicate wake‑up interrupt definitions from the Exynos850 pin‑controller node in the device‑tree, correcting the placement according to the expected schema.",4,0,0,0,,,,,,,,,59.236,,,,,,
db45c76bad,ollama_gpt-oss_120b,3,"The patch adds interrupt configuration and handling support for the Micrel ksz9477 PHY driver, mirroring existing implementations for other Micrel PHYs.",0,0,0,4,,,,,,,,,56.482,,,,,,
dc09fe1c5e,ollama_gpt-oss_120b,4,"Adds support for the t6000 DART hardware in the iommu io-pgtable-dart driver, handling its 42-bit PTE format and mandatory sub-page protection by configuring it to allow full-page access.",0,1,0,4,,,,,,,,,65.459,,,,,,
dc3f4dee81,ollama_gpt-oss_120b,3,"The patch updates scripts/checkpatch.pl to allow macros that expand to a 'case' statement, stopping the tool from flagging them as missing parentheses.",4,0,1,0,,,,,,,,,94.605,,,,,,
dca4f5fdbc,ollama_gpt-oss_120b,3,"The patch replaces a manual size calculation in pwc_decompress() with the kernel’s struct_size() helper, eliminating the use of sizeof on a flexible struct and removing related sparse warnings, thereby preventing possible integer overflow and heap overflow.",0,3,3,0,,,,,,,,,61.822,,,,,,
dcf23cca93,ollama_gpt-oss_120b,4,"The patch replaces calls to nodes_weight() with nodes_empty() in x86 code where only a presence test is needed, using early‑exit traversal for faster nodemask checks.",0,0,4,0,,,,,,,,,60.4,,,,,,
dd0be8278a,ollama_gpt-oss_120b,3,"The commit adds a dma-channel-mask property to the Tegra GPCDMA device‑tree node and expands the interrupts list to cover all 32 channels, correcting the previous driver limitation to 31 channels.",4,2,0,0,,,,,,,,,57.803,,,,,,
dd2319c618,ollama_gpt-oss_120b,3,"Adds runtime checks when a KVM x86 vendor module loads, using updated KVM_X86_OP annotations to warn if any kvm_x86_ops members are incorrectly NULL, preventing possible NULL‑pointer dereferences.",0,3,2,0,,,,,,,,,59.326,,,,,,
dd4516aee3,ollama_gpt-oss_120b,3,"The patch removes a generic vm_xsave_req_perm call from KVM self‑tests, moves it into amx_test, and adds a parameter to select the requested xsave bit, simplifying test setup and allowing future tests to customize the bit.",0,0,3,0,,,,,,,,,65.222,,,,,,
dd51d3a33c,ollama_gpt-oss_120b,3,"The patch updates HDMI detection for the hdmi_enable_4kp60 option by replacing clk_round_rate() with clk_get_max_rate() to correctly infer the parameter after a clock subsystem change, restoring 4K@60Hz output.",4,0,0,0,,,,,,,,,57.888,,,,,,
ddaefa209c,ollama_gpt-oss_120b,3,"The patch modifies the hwmon devm registration API so that the 'chip' argument of devm_hwmon_device_register_with_info() must be supplied, preventing callers from omitting or passing NULL, which previously allowed incorrect API conversion.",0,3,2,0,,,,,,,,,63.711,,,,,,
ddf2a6093c,ollama_gpt-oss_120b,4,"The patch modifies the lm90 hardware monitoring driver to replace explicit left‑shift expressions with the BIT macro, improving code readability without altering functionality.",0,0,4,0,,,,,,,,,56.999,,,,,,
de3d098dd1,ollama_gpt-oss_120b,3,"The commit overrides the generic module ELF check on powerpc/64 to verify the ELF ABI version, ensuring modules built with the correct ABI (including potential big‑endian ABI V2) are accepted.",0,4,2,0,,,,,,,,,59.888,,,,,,
de40c281fe,ollama_gpt-oss_120b,4,"The patch replaces simple‑KMS helper functions in the simpledrm driver with the standard DRM atomic helper APIs, removes unused CRTC enable/disable helpers, and always calls drm_atomic_helper_check_plane_state(). No functional behavior changes, only code restructuring for better architecture and reuse.",0,0,4,0,,,,,,,,,68.394,,,,,,
de85193cff,ollama_gpt-oss_120b,4,"The patch replaces manual cancellation of a delayed work in the sbs‑charger driver with devm_delayed_work_autocancel(), removing the explicit remove() that called cancel_delayed_work_sync() even when the work was never initialized.",4,2,2,0,,,,,,,,,66.102,,,,,,
de9d555cb8,ollama_gpt-oss_120b,3,"Adds a matching type_clear() call during cleanup for mlx4 devlink ports when type_set() was previously used, fixing missing cleanup.",4,2,1,0,,,,,,,,,60.933,,,,,,
dedc215003,ollama_gpt-oss_120b,4,"Adds a JPEG decode worker interface to the MediaTek MT8195 driver, enabling three hardware JPEG decoders to run in parallel.",0,0,1,4,,,,,,,,,63.533,,,,,,
df22168207,ollama_gpt-oss_120b,4,"The patch updates the cdce925 clock driver to use the new i2c simple probe API and i2c_match_id for driver data lookup, removing the old id argument and simplifying probe handling.",0,0,4,0,,,,,,,,,57.278,,,,,,
dfafa56029,ollama_gpt-oss_120b,3,"The patch replaces a custom delayed‑work implementation in the da9063 driver with the helper devm_delayed_work_autocancel(), reducing code size and leveraging device‑managed cleanup.",0,1,4,0,,,,,,,,,57.442,,,,,,
dff4ac75ee,ollama_gpt-oss_120b,3,"The patch moves the keep_towrite handling from ext4_writepage() to ext4_bio_write_page() so pages that cannot write all buffers retain the TOWRITE tag, preventing race‑condition data loss during writeback, especially for transaction‑commit writeback.",4,0,1,0,,,,,,,,,63.939,,,,,,
e004ea1059,ollama_gpt-oss_120b,3,"Moves snapshot lookup from devlink_nl_region_read_snapshot_fill to devlink_nl_cmd_region_read_dumpit, removes an unused attrs argument, and enables early exit on invalid snapshot IDs, simplifying the code flow.",0,2,3,0,,,,,,,,,57.0,,,,,,
e0d8259355,ollama_gpt-oss_120b,4,"The commit raises the deprecation delay for SELinux's checkreqprot and runtime‑disable knobs from 5 s to 15 s, making the deprecation notice more visible to users still employing these options.",0,0,3,0,,,,,,,,,68.033,,,,,,
e10ab8b394,ollama_gpt-oss_120b,3,"Updates the gs_usb CAN driver to support up to three CAN‑FD channels per device, aligning the driver with STM32G3 chips that expose three channels.",0,0,0,4,,,,,,,,,63.599,,,,,,
e137b81d30,ollama_gpt-oss_120b,4,"The patch deletes the unused variable 'found_devs' from the qla2xxx SCSI driver, as it is only incremented and never referenced elsewhere.",0,0,4,0,,,,,,,,,62.257,,,,,,
e1553351d7,ollama_gpt-oss_120b,4,"The patch deletes several VPRINTK() debug print statements and the ata_scsi_dump_cdb() helper because the same information is already emitted via tracepoints, reducing redundant logging.",0,0,4,0,,,,,,,,,92.038,,,,,,
e1a863cddb,ollama_gpt-oss_120b,3,"The patch corrects a kernel-doc comment in drivers/hv/vmbus_drv.c so the documented prototype matches __vmbus_child_driver_register, removing a compile‑time warning.",0,0,4,0,,,,,,,,,65.116,,,,,,
e1c6a7ec14,ollama_gpt-oss_120b,4,"The patch removes the mandatory back_lock when getting an iSCSI task, adding logic to detect the final put and only lock when freeing the task, thus reducing contention and improving performance while preserving correctness.",0,1,3,0,,,,,,,,,54.139,,,,,,
e1e7bc481d,ollama_gpt-oss_120b,4,"The patch rewrites DRM EDID logging to use device‑specific debug helpers, adds a uniform connector identifier format, passes connector pointers more widely, and condenses tile debug output to a single line.",0,0,4,0,,,,,,,,,58.034,,,,,,
e200904b27,ollama_gpt-oss_120b,3,"The patch extracts the post‑delay portion of pci_power_up() into a new helper pci_set_full_power_state(), called only by pci_set_power_state(), while the other caller continues to use pci_power_up() without the redundant work.",0,0,4,0,,,,,,,,,56.803,,,,,,
e20b77c14b,ollama_gpt-oss_120b,3,The patch updates the i915 driver to drop the Intel Ice Lake (ICL) specific Thunderbolt (TBT) power domain definitions and rename them to match the generic TBT1‑4 naming defined in the hardware specification.,0,1,3,0,,,,,,,,,58.974,,,,,,
e24ccaaf7e,ollama_gpt-oss_120b,4,"The commit deletes remaining IDE driver documentation files that were left after the driver removal, cleaning up the source tree.",0,0,4,0,,,,,,,,,67.703,,,,,,
e2b993302f,ollama_gpt-oss_120b,3,"Patch modifies amdgpu_display_framebuffer_init to skip tiling‑flag validation when virtual display (vkms) is enabled, because vkms lacks FB modifier support, eliminating the GFX9+ warning.",4,0,1,0,,,,,,,,,57.701,,,,,,
e2efb6359e,ollama_gpt-oss_120b,4,"The patch adds a hypervisor detection check in ACPICA’s sleep‑state handling and skips the WBINVD cache‑flush when running inside a VM, preventing the #VE exception on TDX guests and eliminating unnecessary flushes.",4,2,1,0,,,,,,,,,59.151,,,,,,
e3d5ea2c01,ollama_gpt-oss_120b,3,"The patch strengthens tcp_read_sock() by handling unexpected return values from recv_actor(), adding a one‑time warning and ensuring progress to avoid an infinite loop.",4,0,0,0,,,,,,,,,56.453,,,,,,
e47877c7aa,ollama_gpt-oss_120b,3,"The patch changes rhashtable’s internal locking from bh‑safe to irq‑safe, updating lock/unlock helpers to pass flags directly, so the hash table can now be accessed from interrupt context.",0,2,4,1,,,,,,,,,64.438,,,,,,
e52432e164,ollama_gpt-oss_120b,4,Adds an explicit length check before calling memset in vtpm_proxy_fops_read to silence GCC -Warray-bounds warnings and ensure future robustness against potential buffer overflows.,0,3,3,0,,,,,,,,,66.158,,,,,,
e5933cf487,ollama_gpt-oss_120b,3,"The commit updates the yas530 IIO magnetometer driver to use DEFINE_RUNTIME_DEV_PM_OPS() and pm_ptr() macros, enabling the compiler to drop the dev_pm_ops structure and related functions when CONFIG_PM is disabled, removing the need for __maybe_unused annotations.",0,0,4,0,,,,,,,,,62.311,,,,,,
e59b3c730b,ollama_gpt-oss_120b,3,"Updates RTC driver files to include <linux/kstrtox.h> where kstrto functions are used, reflecting their move from <linux/kernel.h>.",4,1,1,0,,,,,,,,,55.933,,,,,,
e5da651985,ollama_gpt-oss_120b,4,"The patch adjusts SDMA engine handling during driver shutdown and resume under SR‑IOV, disabling the engine on hw_fini and re‑enabling it when SR‑IOV is active to avoid premature use before initialization.",4,0,0,0,,,,,,,,,66.241,,,,,,
e5f969dd93,ollama_gpt-oss_120b,3,"The commit adds a generic timeout function interface for the MediaTek JPEG decoder, enabling handling of hardware timeouts and generalizing existing code.",0,1,2,4,,,,,,,,,58.264,,,,,,
e5fc78252c,ollama_gpt-oss_120b,4,"Adds AMD DRM driver support to enter zstate during extended vblank when FreeSync video state provides extra blank lines, calculating gained time and updating registers, restoring defaults on exit.",0,0,0,4,,,,,,,,,63.853,,,,,,
e60414644c,ollama_gpt-oss_120b,4,The commit deletes the ipa_fw_mem node from the trogdor device‑tree because the carveout is unused on trogdor boards and its presence triggers a memory‑region overlap warning at boot.,4,0,1,0,,,,,,,,,58.229,,,,,,
e63b81aef2,ollama_gpt-oss_120b,3,"The commit refactors Btrfs extent I/O tree merging code to replace direct rb_next/rb_prev traversal with the existing next_state/prev_state helper functions, simplifying the logic.",0,0,4,0,,,,,,,,,72.462,,,,,,
e688ba3e27,ollama_gpt-oss_120b,4,"The patch changes the prototype of the hqd_destroy() callback so its third argument type matches the actual implementations (enum kfd_preempt_type → uint32_t), eliminating a CFI type mismatch that caused a kernel panic on certain GPUs.",4,1,0,0,,,,,,,,,63.286,,,,,,
e6b0337513,ollama_gpt-oss_120b,4,"The patch updates the meson-sm1-odroid device tree to use the correct GPIO pin and set it to open‑drain for the tf‑io regulator, fixing a boot‑loop that occurs after a reboot.",4,0,0,0,,,,,,,,,77.164,,,,,,
e730558adf,ollama_gpt-oss_120b,3,"The patch consolidates handling of child events when a parent inode has a mark but the FS_EVENT_ON_CHILD flag is absent. It moves the exclusion logic into the mark‑type iterator preparation, ensuring the parent mark is not considered, which stops incorrect clearing of ignore masks and restores proper event reporting.",4,1,2,0,,,,,,,,,64.084,,,,,,
e75d5ae8ab,ollama_gpt-oss_120b,3,"The commit adds support for multiple BAR mapping configurations in the NTB endpoint function driver, storing BAR numbers in ntb_epf_data so different devices can select appropriate BAR layouts (config/scratchpad, doorbell, memory windows).",0,0,1,4,,,,,,,,,61.187,,,,,,
e79368b15d,ollama_gpt-oss_120b,4,"The commit updates the STM32 pinctrl device tree binding by renaming the property from 'reset' to the correct 'resets' and adds 'additionalProperties: false' to the schema, fixing the naming error and tightening validation.",4,3,2,0,,,,,,,,,79.85,,,,,,
e7b060460f,ollama_gpt-oss_120b,3,"Adds propagation of timestamp socket flags through ping6 so IPv6 ping sockets can return packet timestamps, a capability that was previously unavailable.",1,0,0,4,,,,,,,,,65.712,,,,,,
e8c81d649a,ollama_gpt-oss_120b,4,"Adds a new compatible string for Microchip's Icicle reference design in the RISC‑V dt‑bindings, documenting the FPGA fabric version.",0,0,0,4,,,,,,,,,60.314,,,,,,
e92a216d16,ollama_gpt-oss_120b,4,"Adds proper error handling in rio_register_mport(): on device_register() failure it calls put_device() to release the allocated name and removes the port from rio_mports list, preventing a resource leak.",4,1,0,0,,,,,,,,,64.138,,,,,,
e945c653c8,ollama_gpt-oss_120b,3,"The patch separates kernel‑only capability flags from the user‑visible device_cap_flags in the RDMA driver, adds a kernel_cap_flags field, documents each flag, and removes unused flags, clarifying the uapi bitmap.",0,0,4,0,,,,,,,,,56.813,,,,,,
e950329880,ollama_gpt-oss_120b,3,"Commit adds a compiler pragma to silence an array‑bounds warning in ath9k's mac.c for GCC 12, without altering runtime behavior.",0,0,3,0,,,,,,,,,87.226,,,,,,
e973746882,ollama_gpt-oss_120b,3,"The patch updates KVM’s CPUID handling for x86 so that when the base XFD feature flag is not reported, the XFD bits for each state component are cleared, aligning KVM’s CPUID output with Intel’s XFD specification.",3,1,0,0,,,,,,,,,65.395,,,,,,
e9b67ec2d3,ollama_gpt-oss_120b,4,"Adds explicit #include of linux/highmem.h and linux/swap.h where required in i915 driver, enabling removal of the broad linux/i2c.h include from i915_drv.h that previously pulled those headers indirectly.",0,1,4,0,,,,,,,,,61.869,,,,,,
ea5872dd6b,ollama_gpt-oss_120b,3,"Adds a boolean flag in the mlx5 driver to track whether the vport ACL namespace has been created, so it is only allocated once and freed only on driver unload or bare‑metal mode, avoiding unnecessary reallocation when switching eswitch modes.",0,1,3,0,,,,,,,,,55.515,,,,,,
eab25b4f93,ollama_gpt-oss_120b,3,"The commit adds logic for the bq25892 charger driver to read the usb_type property from an external power‑supply device and set the input‑current‑limit (IINLIM) accordingly, enabling charger‑type detection that the chip lacks.",0,1,0,4,,,,,,,,,65.899,,,,,,
eb47b59afb,ollama_gpt-oss_120b,3,"The commit replaces uses of SERIAL_XMIT_SIZE with UART_XMIT_SIZE throughout the serial driver, consolidating the macro name to a single definition.",0,0,4,0,,,,,,,,,56.623,,,,,,
ebca1b8056,ollama_gpt-oss_120b,3,"The patch rewrites the KVM self‑test xapic_ipi_test to create VCPUs with vm_create_with_vcpus() and pass struct kvm_vcpu pointers instead of numeric VCPU IDs, removing role‑specific macros.",0,0,4,0,,,,,,,,,61.323,,,,,,
ebddb14049,ollama_gpt-oss_120b,3,"Creates nf_nat_ovs.c, moves similar OVS and TC NAT functions there, exports nf_ct_nat() for shared use, and adjusts protocol extraction while keeping OVS/TC‑specific checks separate.",0,0,4,0,,,,,,,,,64.411,,,,,,
ebe62df7c5,ollama_gpt-oss_120b,3,"The patch removes direct calls to da7219_aad_jack_det() in the Rockchip ASoC driver and replaces them with the generic component->set_jack() API, enforcing proper abstraction.",0,2,4,0,,,,,,,,,68.106,,,,,,
ec1d7e6ab9,ollama_gpt-oss_120b,4,The patch deletes a set of AVIC‑related function prototypes from the KVM SVM operation table because their implementations were removed when AVIC was made optional static. No runtime behavior is altered; only dead declarations are cleaned up.,0,0,4,0,,,,,,,,,61.309,,,,,,
ec80906b0f,ollama_gpt-oss_120b,3,"The patch updates the self‑test script test_lirc_mode2.sh to return proper exit codes: non‑zero on execution failure and a skip code when the test is not run, and adds quoting to avoid always‑true condition.",4,0,0,0,,,,,,,,,58.432,,,,,,
ec868592f5,ollama_gpt-oss_120b,4,"The patch deletes the redundant enum odm_bw from the r8188eu driver, keeping ht_channel_width as the sole definition.",0,1,4,0,,,,,,,,,61.469,,,,,,
ec906102e5,ollama_gpt-oss_120b,4,"Updates the perf test suite's CSV output linter (test -F 83) to handle the different number of fields on s390 by replacing a Python comma‑counting script with a Bash function, allowing the test to succeed.",4,2,2,0,,,,,,,,,63.08,,,,,,
ed482dc8c7,ollama_gpt-oss_120b,4,"Adds an explicit include of the gpiolib header in the Samsung ASoC driver to ensure the code compiles even when the header is not pulled indirectly, avoiding build failures in certain configurations.",0,4,0,0,,,,,,,,,61.218,,,,,,
ed81d3de8e,ollama_gpt-oss_120b,4,"The commit updates the AD4130 driver sysfs documentation, reformatting the list of in_voltage-voltage_filter_mode_available modes into a proper bullet list with blank lines to satisfy Sphinx formatting.",0,0,4,0,,,,,,,,,55.317,,,,,,
ed823991c6,ollama_gpt-oss_120b,4,Adds support for the RPC‑IF module clock on the R8A779G0 SoC and corrects a table‑alignment typo in the clock definition.,0,0,2,4,,,,,,,,,55.201,,,,,,
edb854a368,ollama_gpt-oss_120b,3,"The patch changes the SCSI core to reallocate a device's budget_map after slave_configure() updates the queue depth, ensuring the map size matches the actual hardware limits instead of the static template values.",4,2,0,0,,,,,,,,,77.166,,,,,,
edc6938f7b,ollama_gpt-oss_120b,3,The patch removes an unnecessary register write in the GV100 init_shader_exceptions() routine of the Nouveau DRM driver to align the implementation with the reference model.,1,1,3,0,,,,,,,,,68.287,,,,,,
ee3e3ac05c,ollama_gpt-oss_120b,4,"Adds an extensible rseq ABI; kernel now reports supported rseq struct size and alignment via ELF auxiliary vectors, letting user-space register with the original 32‑byte struct or larger ones.",0,0,0,4,,,,,,,,,58.116,,,,,,
ee74fdf0ca,ollama_gpt-oss_120b,3,"Updates the sun8i-ss crypto driver to replace pm_runtime_get_sync with pm_runtime_resume_and_get, simplifying runtime power‑management handling.",0,0,4,0,,,,,,,,,63.225,,,,,,
ee9aded6d3,ollama_gpt-oss_120b,4,"The patch updates two macros in the vt6655 driver, renaming the variable wData to reg_value to comply with lower‑case naming and satisfy checkpatch.pl's CamelCase rule.",0,0,4,0,,,,,,,,,62.238,,,,,,
eed9f513bf,ollama_gpt-oss_120b,4,"The patch refactors the hisi_sas driver so that slave_configure_v3_hw() calls the existing hisi_sas_slave_configure() function, removing duplicated code.",0,0,4,0,,,,,,,,,54.732,,,,,,
ef1a0808a2,ollama_gpt-oss_120b,4,"The commit aligns the function amdgpu_ring_init's prototype and definition by renaming parameters in the header from ring_size to max_dw and prio to hw_prio, ensuring both use identical names.",0,0,4,0,,,,,,,,,59.03,,,,,,
ef61b6ea15,ollama_gpt-oss_120b,3,"The patch makes the Bluetooth driver always set the event mask after successful disconnects during suspend, avoiding premature wakeups when wakeup is disabled.",4,0,0,0,,,,,,,,,56.551,,,,,,
efb6402c3c,ollama_gpt-oss_120b,4,"Adds a 1 MiB upper bound for OSS period bytes and uses array_size helpers to detect multiplication overflows, preventing vmalloc() from being called with sizes > INT_MAX, thus fixing the overflow reported by syzbot.",4,2,2,0,,,,,,,,,61.015,,,,,,
f0052d7a1e,ollama_gpt-oss_120b,4,"Adds support for Quectel EM05-G USB modem in the option driver, handling its two USB configurations (RMNET and MBIM) by defining appropriate interfaces and descriptors.",0,0,0,4,,,,,,,,,53.979,,,,,,
f059b46e6f,ollama_gpt-oss_120b,4,"Adds a Linux power supply driver for the uPI uG3105 battery monitor, handling its coulomb counter and defining a placeholder property for future devicetree support.",0,0,0,4,,,,,,,,,65.77,,,,,,
f074732d59,ollama_gpt-oss_120b,3,"The patch updates hugetlb cgroup code to work with folios instead of pages, modifies __remove_hugetlb_page() accordingly, and deletes the unused hugetlb_cgroup_from_page_resv() helper.",0,1,3,0,,,,,,,,,64.793,,,,,,
f0b6d3cc29,ollama_gpt-oss_120b,4,"The patch modifies the Gaudi2 driver’s hard‑reset sequence, increasing the sleep delay from 500 ms to 2 s so firmware and preboot finish before the driver polls the PSOC BTM_FSM register, preventing premature register access.",4,2,0,0,,,,,,,,,62.53,,,,,,
f0e34d2625,ollama_gpt-oss_120b,4,"The patch modifies the jsa1212 light driver’s i2c remove callback to always return 0, suppressing the i2c core’s redundant error message because the driver already logs failures. It cleans up error handling and readies the code for a future void-return API.",0,0,3,0,,,,,,,,,58.212,,,,,,
f110ed8498,ollama_gpt-oss_120b,3,"The patch moves the fixed‑file install/remove helpers into the filetable subsystem and changes their signatures to accept a context (ctx) instead of an io_kiocb, reflecting that they operate on the ring rather than a specific request.",0,1,3,0,,,,,,,,,79.964,,,,,,
f1d0821bf3,ollama_gpt-oss_120b,4,"Adds an IOCTL interface to enable, disable, and query runtime-configurable firmware features for Xilinx devices.",0,0,0,4,,,,,,,,,60.807,,,,,,
f2701e0ffd,ollama_gpt-oss_120b,4,"Adds documentation for the ti,set-io-isolation property in the wkup-m3-ipc device tree bindings, describing its effect on IO isolation during low‑power transitions on am43xx platforms.",0,0,4,0,,,,,,,,,61.982,,,,,,
f28d42663e,ollama_gpt-oss_120b,3,"The patch modifies the i915 driver to allocate the scratch page in system RAM for all GPU platforms, providing a uniform configuration, freeing device memory, and removing the need for direct device initialization of that page.",0,2,3,0,,,,,,,,,69.236,,,,,,
f2c5092190,ollama_gpt-oss_120b,3,"The patch disables per‑CPU soft‑irq stacks when PREEMPT_RT is enabled, removing the unused do_softirq_own_stack() path and freeing memory.",0,1,4,0,,,,,,,,,54.211,,,,,,
f2fed022aa,ollama_gpt-oss_120b,3,"The patch updates the ia64 module to replace a hand‑written swap operation with the standard swap() macro from include/linux/minmax.h, simplifying the code and improving readability.",0,0,4,0,,,,,,,,,64.422,,,,,,
f30ff35f62,ollama_gpt-oss_120b,3,"The patch modifies jbd2_submit_inode_data() to call the filesystem's j_submit_inode_data_buffers hook instead of the hard‑coded jbd2_journal_submit_inode_data_buffers, enabling ext4 fastcommits to use ext4_writepages() rather than generic_writepages().",0,0,3,0,,,,,,,,,63.875,,,,,,
f3116f2e52,ollama_gpt-oss_120b,4,"Updates media dt‑bindings for NXP imx8mq VPU, splitting G1 and G2 decoder blocks into separate nodes and noting they are controlled by the vpu‑blk‑ctrl power‑domain, matching the new driver.",0,2,3,0,,,,,,,,,80.013,,,,,,
f31e3c204d,ollama_gpt-oss_120b,4,"Adds a free(soc_dev_attr) call before returning when of_property_read_string() fails in mxs_machine_init(), eliminating a memory leak.",4,0,0,0,,,,,,,,,64.88,,,,,,
f33b56d370,ollama_gpt-oss_120b,4,"The patch adjusts ov5640_try_frame_interval() to initialize maxfps with the per‑mode max_fps value instead of a hard‑coded 60 fps, ensuring the driver reports the correct maximum frame rate for each sensor mode.",4,0,0,0,,,,,,,,,58.437,,,,,,
f346f32701,ollama_gpt-oss_120b,4,"The commit updates the MAINTAINERS file to add Helge Deller as the fbdev subsystem maintainer, reflecting a change in responsibility for that layer.",0,0,2,0,,,,,,,,,69.932,,,,,,
f38b3c6a78,ollama_gpt-oss_120b,3,"The patch adjusts whitespace indentation of several lines inside the handle_ctrl_vlan() function in the vdpa/mlx5 driver, aligning them with surrounding code for better readability.",0,0,4,0,,,,,,,,,62.361,,,,,,
f3ac888fc5,ollama_gpt-oss_120b,3,"Adds conditional conversion of power values from micro‑Watts to milli‑Watts for SCMI v3.1 in the cpufreq SCMI driver, enabling correct reporting to the Energy Model.",0,2,1,4,,,,,,,,,57.162,,,,,,
f3c2682bad,ollama_gpt-oss_120b,3,"Adds a notifier_block in the random subsystem to inform drivers when a virtual machine forks, with register/unregister helpers; becomes a no‑op when VM‑fork detection is disabled.",0,2,1,3,,,,,,,,,65.75,,,,,,
f3e90c1ca9,ollama_gpt-oss_120b,4,"The patch deletes the Btrfs extent writepage address‑space operation callback, which was only used for single‑page writeback from kswapd memory reclaim. Since this path is rarely invoked and harms I/O patterns, the code is removed.",0,2,4,0,,,,,,,,,73.533,,,,,,
f4c6d22c6c,ollama_gpt-oss_120b,4,"The patch deletes a stray comment that was unintentionally introduced for a not‑yet‑implemented feature, restoring the source to its intended state.",0,0,4,0,,,,,,,,,63.704,,,,,,
f4d1f2142a,ollama_gpt-oss_120b,4,"The patch renames accesses to the TRCIDR3 register in the etm4x coresight driver to follow the sysreg.h naming convention (REGISTER_FIELD_MASK), improving readability without altering generated code.",0,0,4,0,,,,,,,,,60.892,,,,,,
f4e526ff7e,ollama_gpt-oss_120b,4,"The patch moves the PAS operations out of __mdt_load() into a separate helper, allowing callers to invoke PAS directly without changing qcom_mdt_load()'s prototype, improving modularity.",0,0,4,0,,,,,,,,,59.604,,,,,,
f51debc256,ollama_gpt-oss_120b,4,Adds a Chinese translation of the vm/page_frags.rst documentation file in the docs/zh_CN directory.,0,0,0,0,,,,,,,,,60.856,,,,,,
f55fbb6afb,ollama_gpt-oss_120b,4,"The patch replaces the fc_tos field in fib_config with the new dscp_t type and adds validation that IPv4 routes with ECN bits set in rtm_tos are rejected, aligning route acceptance with IPv4's ECN‑masking behavior.",4,2,1,0,,,,,,,,,65.975,,,,,,
f5c0b4f304,ollama_gpt-oss_120b,3,"The patch removes an unused 'task' argument from x86 arch_prctl helper functions, because these functions only operate on the current task, simplifying the API.",0,1,4,0,,,,,,,,,57.914,,,,,,
f624506f98,ollama_gpt-oss_120b,3,"The commit removes the EXPORT_SYMBOL for kthread_blkcg, limiting its visibility because it is only used internally by blk‑cgroup code.",0,0,4,0,,,,,,,,,67.245,,,,,,
f67be8b7ee,ollama_gpt-oss_120b,4,"Adds three regmap_field helper functions (set_bits, clear_bits, test_bits) as static inline or regular functions to simplify bit operations, extending the regmap API.",0,0,1,4,,,,,,,,,58.008,,,,,,
f6e109a0af,ollama_gpt-oss_120b,3,"The commit updates kernel documentation to highlight existing count API calls for fwnode and device property arrays, making developers aware of shortcuts for determining array element counts.",0,0,1,0,,,,,,,,,64.258,,,,,,
f716113aac,ollama_gpt-oss_120b,3,"Adds checks in AMDGPU discovery to validate table signatures, checksums and existence before use, and temporarily disables the MALL table.",0,4,2,0,,,,,,,,,63.324,,,,,,
f728eb3a50,ollama_gpt-oss_120b,4,"The patch makes many display driver functions static and removes an unused function to silence -Wmissing-prototypes warnings, improving internal linkage and code cleanliness.",0,1,4,0,,,,,,,,,75.418,,,,,,
f792a3629f,ollama_gpt-oss_120b,4,"The patch adds a missing free() for the fw_control_ex structure when pm8001_chip_fw_flash_update_build() fails, eliminating a memory leak in the pm8001 SCSI driver.",4,0,1,0,,,,,,,,,70.23,,,,,,
f93e2a100e,ollama_gpt-oss_120b,4,"The patch adds a NULL‑pointer check after kzalloc() in the SGI IP22 MIPS driver, returning an error if allocation fails, thus avoiding dereferencing a NULL pointer.",0,4,2,0,,,,,,,,,56.726,,,,,,
f9599127dd,ollama_gpt-oss_120b,3,"The commit removes the HMM_BO_SHARE enum/value from the atomisp driver because the HMM buffer object code never supports it, cleaning up dead/unused code.",0,0,4,0,,,,,,,,,57.26,,,,,,
f98c5ec251,ollama_gpt-oss_120b,3,"Adds a NULL‑pointer check before iterating over job->bo during error cleanup in v3d_lookup_bos and removes an unnecessary null test inside the cleanup loop, preventing crashes when BO allocation fails.",4,0,2,0,,,,,,,,,58.541,,,,,,
f9b0593dd4,ollama_gpt-oss_120b,3,"The patch rewrites the mixel,mipi-dsi-phy device‑tree binding from plain‑text to a JSON‑schema representation, adding assigned‑clocks, assigned‑clock‑parents, assigned‑clock‑rates and requiring a power‑domains property to satisfy dtbs_check.",0,2,4,0,,,,,,,,,61.094,,,,,,
f9b62f9843,ollama_gpt-oss_120b,3,"Adds checks in the wilc1000 Wi‑Fi driver to verify the IEEE80211_P2P_ATTR_CHANNEL_LIST attribute is large enough for struct wilc_attr_oper_ch, preventing out‑of‑bounds writes.",0,3,1,0,,,,,,,,,66.778,,,,,,
f9cdf41306,ollama_gpt-oss_120b,3,"The patch corrects the port‑selection logic for sending VBT packets on dual‑link DSI by using the per‑port bitmask stored in intel_dsi->ports, fixing incorrect packet routing.",4,0,0,0,,,,,,,,,58.585,,,,,,
fa1ef24ae2,ollama_gpt-oss_120b,3,"The commit modifies the thermal governor's userspace code to replace a deprecation warning with an informational message advising use of netlink thermal events, keeping the governor functional while reducing alarming output.",0,0,3,0,,,,,,,,,65.341,,,,,,
fa374ddba2,ollama_gpt-oss_120b,3,"The patch modifies the MSM DSI PHY driver to replace parent clock name strings with direct clk_hw pointers, eliminating string formatting and lookup overhead.",0,1,4,0,,,,,,,,,66.771,,,,,,
fa6fde350b,ollama_gpt-oss_120b,4,"The patch updates the xdp_bpf2bpf self‑test by deleting the obsolete CHECK macro and replacing its uses with the existing ASSERT* macros, cleaning up the test code.",0,0,4,0,,,,,,,,,65.217,,,,,,
faab292951,ollama_gpt-oss_120b,3,"The patch updates the rkisp1 driver to let the resizer sink pad accept any color space, propagate it unchanged, and enforce Rec 601 encoding and full‑range quantization when the input is Bayer in pass‑through mode.",0,2,0,4,,,,,,,,,62.579,,,,,,
fab6f4904e,ollama_gpt-oss_120b,4,"The patch deletes the IWL_DEVICE_BZ_COMMON macro from the iwlwifi configuration code and inlines its single use into the IWL_DEVICE_BZ macro, simplifying the macro definitions.",0,0,4,0,,,,,,,,,66.999,,,,,,
fb036ad7db,ollama_gpt-oss_120b,3,"The patch modifies the rcutorture torture.sh script, raising the default extra memory allocation from 1 GB to 2 GB so that KASAN‑enabled tests have enough memory.",4,0,0,0,,,,,,,,,67.762,,,,,,
fb197474ed,ollama_gpt-oss_120b,3,"The patch updates the device‑tree compatible strings for SSD130x I2C display controllers, removing the legacy “fb‑i2c” suffixes and adding newer, bus‑agnostic strings, while marking the old ones as deprecated.",0,2,4,0,,,,,,,,,62.825,,,,,,
fb4f4f4256,ollama_gpt-oss_120b,4,"The patch modifies the AMDGPU PSP driver termination code to always release allocated memory, even when the unload operation fails, eliminating a memory leak.",4,0,0,0,,,,,,,,,59.176,,,,,,
fba6767c2d,ollama_gpt-oss_120b,4,Adds speed‑bin handling for MSM A6xx driver to detect different A619 GPU SKUs and apply appropriate frequency ranges based on the hardware bin.,0,0,1,4,,,,,,,,,61.361,,,,,,
fbfc4ca465,ollama_gpt-oss_120b,3,"The patch moves the STM32MP15_BSEC_NUM_LOWER definition into the STM32 ROMEM configuration, preparing the codebase for the upcoming STM32MP SoC variant.",0,0,3,1,,,,,,,,,53.191,,,,,,
fc04dafd26,ollama_gpt-oss_120b,3,"The patch updates the mount ID‑mapping code to call the new type‑safe helper functions in mapped_fsgid() and mapped_fsuid(), replacing the old non‑type‑safe helpers that are slated for removal.",0,2,3,0,,,,,,,,,56.408,,,,,,
fc5004e5d4,ollama_gpt-oss_120b,3,"The commit changes the v4l2‑ctrls read‑only array range from a stack variable to a static definition, removing runtime allocation and shrinking the generated object code.",0,0,4,0,,,,,,,,,61.561,,,,,,
fcdc03f78d,ollama_gpt-oss_120b,4,Removes obsolete s390-specific declarations from compat_linux.h and tidies the header after switching to a generic UID16 implementation.,0,0,4,0,,,,,,,,,55.127,,,,,,
fd0fcdf33d,ollama_gpt-oss_120b,4,"The patch removes the unused, deprecated <linux/of_gpio.h> include from Mediatek DRM drivers, as the code never references symbols from that header.",0,0,4,0,,,,,,,,,67.28,,,,,,
fd3040b939,ollama_gpt-oss_120b,4,"Adds a network Ethernet driver for the Sunplus SP7021 SoC, introducing new source files and registration code to support the hardware in the kernel.",0,0,0,4,,,,,,,,,59.472,,,,,,
fd3d91ab1c,ollama_gpt-oss_120b,3,"The patch fixes a use‑after‑free in dvb‑core caused by a race between dvb_demux_open and dvb_dmxdev_release. It adds an exit‑flag check in dvb_demux_open and serializes the flag and sync with dmxdev->mutex in release, stopping a second open while the device is closing.",4,2,1,0,,,,,,,,,58.691,,,,,,
fd8b330ce1,ollama_gpt-oss_120b,3,"The patch removes an accidental duplicate definition of tcp_wmem_schedule, which caused compilation errors in the TCP subsystem.",4,0,0,0,,,,,,,,,56.257,,,,,,
fe23b6bbea,ollama_gpt-oss_120b,4,"The patch adds a check for the return value of alloc_workqueue() in nintendo_hid_probe() and introduces error handling when allocation fails, preventing a null‑pointer dereference.",4,0,1,0,,,,,,,,,59.352,,,,,,
fea62d370d,ollama_gpt-oss_120b,3,"Adds a helper to reset architecture‑specific per‑rmid storage and calls it when a new rmid is first allocated, preventing hidden state from persisting across rmid reuse or filesystem mounts.",3,1,0,0,,,,,,,,,61.133,,,,,,
ffc58bc4af,ollama_gpt-oss_120b,4,"The patch replaces explicit struct list_head initialization with the LIST_HEAD() macro in the Hyper-V utils driver, simplifying the code and improving readability.",0,0,4,0,,,,,,,,,77.078,,,,,,
