hash,annotator,understand,purpose,bfc,bpc,prc,nfc,specification,asc,obvious,safety,timing,memory,info,safety_exp,time,see_commit_clicked,lore_clicked,lore_founded,is_merge_commit,is_part_patchset,lore_found
002752af7b,ollama_gpt-oss_120b,4,"The patch makes fwnode APIs accept error pointers by adding IS_ERR_OR_NULL checks and adjusting macros, so callers no longer need separate error handling, preventing reference‑count and crash bugs.",0,4,0,0,,,,,,,,,76.112,,,,,,
00aaca3d07,ollama_gpt-oss_120b,4,"Updates the QMP PHY devicetree binding YAML to correct the child‑node description from per‑lane to per‑PHY, fixing an inaccurate documentation statement.",0,0,4,0,,,,,,,,,61.389,,,,,,
00fa7f031d,ollama_gpt-oss_120b,3,"Adds core data structures, driver functions, DMUB command definitions, and debug options needed to support Firmware Assisted Memory Switching (FAMS) in AMD display driver.",0,0,0,4,,,,,,,,,108.726,,,,,,
016017a195,ollama_gpt-oss_120b,4,"Adds conditional compilation guards around x86‑specific code in ttm_module.c so the DRM TTM driver builds on User‑Mode Linux (ARCH=um), avoiding compile errors from undefined boot_cpu_data.",4,0,0,0,,,,,,,,,63.358,,,,,,
01c3f0387c,ollama_gpt-oss_120b,4,"Adds const qualifier to static arrays of struct qcom_icc_bcm pointers in the sc8280xp interconnect driver, making the pointers immutable for safety.",0,4,0,0,,,,,,,,,77.836,,,,,,
0209b5830b,ollama_gpt-oss_120b,3,"Adds CONFIG_32BIT guards to SBI PMU ecall arguments so that 64‑bit values are split correctly on RV32, fixing incorrect argument passing for counter configuration and start.",4,0,0,0,,,,,,,,,71.579,,,,,,
0255571a16,ollama_gpt-oss_120b,4,"The patch replaces direct struct cpu map accesses in perf tools with the perf_cpu_map API, using helper functions and iterators to improve safety and consistency.",0,0,4,0,,,,,,,,,99.464,,,,,,
0263256791,ollama_gpt-oss_120b,4,"Adds DMA allocation/free tracepoints, passes caller name to tracing, and introduces wrapper macros to expose this tracing capability.",0,0,0,4,,,,,,,,,65.021,,,,,,
0285042fed,ollama_gpt-oss_120b,4,"Refactors the cs42l42 driver by splitting probe/remove into bus‑specific, common, and register‑initialisation stages, adds common_probe/init/remove helpers, introduces an init_done flag and irq field, and updates the I2C probe flow to support future SoundWire integration.",0,0,4,0,,,,,,,,,68.126,,,,,,
029d6586dc,ollama_gpt-oss_120b,4,"Adds a device‑tree entry for the Qualcomm SC7280 Data Capture and Compare (DCC) hardware, defining its compatible strings and register address ranges.",0,0,0,4,,,,,,,,,61.318,,,,,,
0301bcd599,ollama_gpt-oss_120b,4,"The patch replaces direct casts from const pointers to void* with casts via uintptr_t (or removes unnecessary casts) to avoid dropping the const qualifier, fixing compiler warnings on strict systems and ensuring proper de‑const handling in iwlwifi driver code.",0,0,4,0,,,,,,,,,68.611,,,,,,
034921cdea,ollama_gpt-oss_120b,4,"Refactors the vfio_ap driver to retrieve queue devices using the AP bus's ap_get_qdev() hash‑table lookup instead of iterating over the device list with driver_find_device, removing the match function and improving lookup efficiency.",0,0,4,0,,,,,,,,,72.163,,,,,,
038efb6348,ollama_gpt-oss_120b,4,Fixes NFSv4.2 CLONE handling where a zero-length clone incorrectly set the destination inode size to zero by computing the correct count from the server's reported size after GETATTR.,4,0,0,0,,,,,,,,,69.672,,,,,,
039d5d4db4,ollama_gpt-oss_120b,4,"Adds a static inline get_snr() function to extract SNR from the wcn36xx receive descriptor, enabling future use in mac80211 survey operations.",0,0,0,4,,,,,,,,,69.683,,,,,,
03a6b195e8,ollama_gpt-oss_120b,3,"The patch replaces partial bio initialization with full bio_init calls, removes the pre‑allocation loop, and switches bio_reset to bio_uninit, ensuring bios are correctly set up only when needed.",4,0,0,0,,,,,,,,,61.953,,,,,,
03eb65224e,ollama_gpt-oss_120b,4,"Removes an unnecessary line‑continuation backslash in the intel_idle driver’s spr_cstates definition, cleaning up the source without altering functionality.",0,0,4,0,,,,,,,,,75.953,,,,,,
03f16cd020,ollama_gpt-oss_120b,4,"Adds CONFIG_OBJTOOL as a new Kconfig option, replaces most CONFIG_STACK_VALIDATION checks with CONFIG_OBJTOOL, and updates Makefile, Kconfig files, source conditionals, scripts, and packaging to use the new flag, refactoring the build configuration for objtool.",0,0,4,0,,,,,,,,,81.583,,,,,,
03fdb11da9,ollama_gpt-oss_120b,4,"The patch corrects endianness type mismatches in moxart_ether.c by changing descriptor pointers from u32 to __le32 and using cpu_to_le32/le32_to_cpu, eliminating sparse warnings and ensuring proper byte order handling.",4,0,0,0,,,,,,,,,83.02,,,,,,
0414441259,ollama_gpt-oss_120b,4,"The commit corrects a misspelled word in the SCSI documentation ChangeLog, changing ""caste"" to ""cast"", fixing a typo.",0,0,4,0,,,,,,,,,55.058,,,,,,
044034efbe,ollama_gpt-oss_120b,4,"The commit updates the imx fracn GPPLL rate table, changing the mfd field from 0 to 1 for several entries to comply with hardware spec that disallows a zero value.",4,0,0,0,,,,,,,,,80.156,,,,,,
046545a661,ollama_gpt-oss_120b,4,"The patch corrects kill_accessing_process() to return -EHWPOISON when a page is already poisoned, fixing the wrong -EFAULT return that caused duplicate SIGBUS signals and misleading ""Memory error not recovered"" messages.",4,0,0,0,,,,,,,,,73.072,,,,,,
04c439b367,ollama_gpt-oss_120b,3,"Modifies the snvs-lpgpr devicetree binding YAML to document that i.MX8M compatible strings also contain the fallback ""fsl,imx7d-snvs-lpgpr"" by using a oneOf schema.",0,0,4,0,,,,,,,,,63.641,,,,,,
04e0456f77,ollama_gpt-oss_120b,4,"The patch deletes an unnecessary dev_err call in the aspeed SPI driver because devm_ioremap_resource already reports errors, simplifying the probe function.",0,0,4,0,,,,,,,,,65.702,,,,,,
04e551d66d,ollama_gpt-oss_120b,4,"Adds mrouter port support to the sparx5 driver: new is_mrouter flag, multicast flood handling, switchdev attribute, MDB updates, and PGID clear function.",0,0,0,4,,,,,,,,,66.677,,,,,,
0519f73adb,ollama_gpt-oss_120b,4,"The patch renames the driver’s main data structure from xilinx_pcie_port to xilinx_pcie and updates all related references, comments, and function signatures. It introduces no functional changes, only a naming convention adjustment.",0,0,4,0,,,,,,,,,64.262,,,,,,
0537692bbe,ollama_gpt-oss_120b,4,"Removes an unused variable and a verbose dev_vdbg call from the QMP combo PHY init function, cleaning up code.",0,0,4,0,,,,,,,,,60.579,,,,,,
0542aac494,ollama_gpt-oss_120b,4,"The commit replaces the legacy .txt device‑tree binding for a GPIO‑based IR LED transmitter with a new YAML schema file, deletes the old file, and updates MAINTAINERS to reference the YAML file.",0,0,4,0,,,,,,,,,63.735,,,,,,
059ee82b64,ollama_gpt-oss_120b,4,"The patch rewrites unx_lookup_cred() to allocate the rpc_cred structure with kmalloc using the task's GFP mask, falling back to the existing mempool only for asynchronous lookups, and returns proper error pointers. This aligns allocation with rpc_malloc() behavior.",4,0,0,0,,,,,,,,,63.003,,,,,,
05b90d2404,ollama_gpt-oss_120b,4,"Adds two compatible strings (lenovo,thinkpad-x13s and qcom,sc8280xp-crd) to the QCOM devicetree bindings YAML, documenting additional sc8280xp devices.",0,0,4,0,,,,,,,,,79.071,,,,,,
05f333b746,ollama_gpt-oss_120b,4,"Adds a device‑tree node for the Qualcomm SM8150 ethqos Ethernet controller, specifying compatible string, registers, clocks, interrupts, power domain, resets, IOMMU, and related properties.",0,0,0,4,,,,,,,,,69.002,,,,,,
069fc464f1,ollama_gpt-oss_120b,4,"Replaces a manual shift expression and explicit cast with the PAGE_SECTORS_SHIFT macro in read_part_sector, improving readability without altering behavior.",0,0,4,0,,,,,,,,,88.535,,,,,,
0704a8586f,ollama_gpt-oss_120b,4,"Switches the DASD sysfs kobj_type from default_attrs to default_groups, adds ATTRIBUTE_GROUPS macro, and removes the obsolete field, aligning with the newer kobject API.",0,0,4,0,,,,,,,,,58.445,,,,,,
079c4c0c6c,ollama_gpt-oss_120b,4,"The patch replaces manual read‑modify‑write sequences in DVO enable/disable with the generic intel_de_rmw() helper and uses intel_de_posting_read() for the required posting read, simplifying the code and using the standard register access utilities.",0,0,3,0,,,,,,,,,64.436,,,,,,
081e8432ad,ollama_gpt-oss_120b,4,"Deletes the hisilicon,hi6220-reset binding doc because the related controllers are already described in other binding files, removing duplicate/obsolete documentation.",0,0,4,0,,,,,,,,,85.168,,,,,,
085292c3d7,ollama_gpt-oss_120b,4,"Reverts the earlier commit that set num_pipe_per_me to 2, restoring it to 1 for specific GPU IP versions to stop graphics hangs on Navi 21 with GNOME Wayland.",4,0,0,0,,,,,,,,,64.379,,,,,,
088c840599,ollama_gpt-oss_120b,4,"Adds a wrapper struct to hold the __iomem register base, allocates it, stores it in cfg->priv, and updates map_bus to use the struct, eliminating sparse address‑space conversion warnings.",0,0,4,0,,,,,,,,,64.546,,,,,,
08a987a8a0,ollama_gpt-oss_120b,4,"Adds CRIU support to report AMD KFD SVM ranges by implementing svm_range_get_info, extending PROCESS_INFO ioctl, and defining struct fields for SVM range data.",0,0,0,4,,,,,,,,,81.846,,,,,,
09570c5010,ollama_gpt-oss_120b,4,"Adds a new boolean field submission_initialized to intel_guc, replaces the previous reliance on the LRC descriptor pool pointer as an init flag, updates checks and init/fini paths to set/clear this flag, ensuring correct tracking after the pool is removed.",4,0,0,0,,,,,,,,,72.318,,,,,,
0966d38583,ollama_gpt-oss_120b,4,"Adds riscv_insn_valid_32bit_offset to correctly validate the true 32‑bit PC‑relative range for auipc+jalr ([-2^31‑2^11, 2^31‑2^11)). Replaces previous simple s32 cast check in relocation handling, fixing mis‑handled edge offsets.",4,0,0,0,,,,,,,,,71.119,,,,,,
09e7af76db,ollama_gpt-oss_120b,4,"Adds error handling in davinci_mmcsd_resume: captures clk_enable return value, returns the error if it fails, ensuring proper handling of clock enable failures during resume.",4,0,0,0,,,,,,,,,79.639,,,,,,
0a068f4a71,ollama_gpt-oss_120b,4,"Adds missing asterisks in comment blocks of trace_events_hist.c to fix clang warnings; only comment changes, no functional impact.",0,0,4,0,,,,,,,,,58.301,,,,,,
0a3a4b9d2b,ollama_gpt-oss_120b,4,"Expands the char name array in exynos_mct driver from 10 to 11 bytes and adds a comment, allowing correct printing of timer identifiers on CPUs with 12 or more local timers.",4,0,0,0,,,,,,,,,75.104,,,,,,
0a5bfb824a,ollama_gpt-oss_120b,4,"Adjusts KVM PowerPC HV handling of the decrementer during VM migration by initializing dec_expires relative to the guest timebase when the timebase offset is set, and removes the previous unconditional initialization.",4,0,0,0,,,,,,,,,65.311,,,,,,
0adc2ab0e8,ollama_gpt-oss_120b,4,"The patch moves IO flag handling from the f2fs_io_info structure to the bio, introducing f2fs_io_flags() to compute REQ_META/REQ_FUA based on filesystem settings, and merges these flags when allocating the bio to avoid splitting IOs.",4,0,0,0,,,,,,,,,67.326,,,,,,
0b046e12ae,ollama_gpt-oss_120b,4,"Replaces redundant PageCompound+order check with PageHead in compound_range_next, simplifying logic and removing unnecessary test.",0,0,4,0,,,,,,,,,77.227,,,,,,
0b465150b3,ollama_gpt-oss_120b,4,"The commit removes the HAL_DEF_IS_SUPPORT_ANT_DIV case from GetHalDefVar8188EUsb, deletes the corresponding enum entry, and adds a new helper rtw_antenna_diversity that checks AntDivCfg directly, streamlining antenna‑diversity handling and eliminating an unnecessary HAL layer.",0,0,4,0,,,,,,,,,58.395,,,,,,
0b55f6bc46,ollama_gpt-oss_120b,4,"The patch fixes the DSC register programming by using the correct 6.4‑bit bits_per_pixel value directly, removing erroneous fractional‑bit extraction logic.",4,0,0,0,,,,,,,,,64.823,,,,,,
0b8ff0ba27,ollama_gpt-oss_120b,4,"The script now uses the built‑in perf workload ""thloop"" instead of compiling a custom C test program, removing the need for a compiler and simplifying the test harness.",0,0,4,0,,,,,,,,,58.485,,,,,,
0b94f2651f,ollama_gpt-oss_120b,4,"Adds a check in hci_cmd_sync_queue to return -ENODEV when the HCI_UNREGISTER flag is set, preventing commands from being queued after the device is being unregistered, which could cause a use‑after‑free.",4,0,0,0,,,,,,,,,75.479,,,,,,
0bd5ab511e,ollama_gpt-oss_120b,4,"The patch adds a likely() branch prediction hint to the check for ICE_XDP_TX or ICE_XDP_REDIR in ice_run_xdp_zc, restructures the conditional flow, and moves common bookkeeping (byte/packet counters and NTC bump) out of the conditional. This aims to improve compiler optimization and runtime performance of the XDP zero‑copy path.",0,0,4,0,,,,,,,,,75.57,,,,,,
0c51e12e21,ollama_gpt-oss_120b,4,"The patch changes arp_invalidate to accept a force flag and calls it from fib_add_ifaddr to drop stale unicast neighbour entries for broadcast addresses when broadcast routes are added, eliminating packet drops caused by those entries.",4,0,0,0,,,,,,,,,67.099,,,,,,
0c7833b9e8,ollama_gpt-oss_120b,4,"Removes the unnecessary #include <asm/termios.h> from drivers/tty/n_hdlc.c because linux/tty.h already pulls in the required termios definitions, simplifying the file's includes.",0,0,4,0,,,,,,,,,79.747,,,,,,
0c9ee5ba75,ollama_gpt-oss_120b,4,"The patch changes brcmstb_reset() from global to static, eliminating a -Wmissing-prototypes compiler warning without altering runtime behavior.",0,0,4,0,,,,,,,,,75.708,,,,,,
0c9f178778,ollama_gpt-oss_120b,4,"The patch deletes all guest PASID related UAPI functions, structs, and driver callbacks from the IOMMU subsystem, as they are unused and will be replaced by the new iommufd design, cleaning dead code.",0,0,4,0,,,,,,,,,91.239,,,,,,
0ca18d09c7,ollama_gpt-oss_120b,4,"The patch updates the moxart MMC driver to store the return value of mmc_add_host(). On failure it jumps to error handling that frees the allocated host, preventing a memory leak and kernel crash.",4,0,0,0,,,,,,,,,68.388,,,,,,
0d8928a94b,ollama_gpt-oss_120b,4,"The commit fixes a build failure on 32‑bit (i386) kernels where the compiler emitted an undefined reference to __umoddi3 by replacing the direct modulo operation with the kernel helper div_u64_rem, adding a remainder variable.",4,0,0,0,,,,,,,,,106.987,,,,,,
0dc33c6583,ollama_gpt-oss_120b,4,"The patch removes the storage of MACsec encryption keys in the flow structure, passing the key directly to the transformation routine and deleting the key field and related copies. It also drops the explicit zeroing on flow free.",0,4,0,0,,,,,,,,,87.878,,,,,,
0e3f72931f,ollama_gpt-oss_120b,4,"Switches packet buffer allocation in vhost/vsock and virtio_transport from kmalloc/kfree to kvmalloc/kvfree to avoid allocation failures for large (≈32 KB) packets, fixing SFTP over vsock transfer failures.",4,0,0,0,,,,,,,,,69.09,,,,,,
0e597e2aff,ollama_gpt-oss_120b,4,"The patch changes the dp83822 PHY driver to stop enabling the RX error high‑frequency interrupt. When the RCSR register fills, this interrupt floods the system, and the driver never clears it. Disabling the interrupt stops the flood.",4,0,0,0,,,,,,,,,72.017,,,,,,
0ebdc51787,ollama_gpt-oss_120b,4,"Adds the compatible string ""aries,m100pfsevp"" to the Microchip RISC‑V devicetree bindings YAML, documenting support for the Aries Embedded M100PFSEVP SOM/EVK platform.",0,0,4,0,,,,,,,,,74.31,,,,,,
0ef882074e,ollama_gpt-oss_120b,4,"Adds runtime DSP path handling for Intel AVS ASoC driver: new path.c implements creation, variant selection, pipeline/module/binding allocation and cleanup; updates Makefile, avs_dev struct, and header declarations to support path management during PCM hw_params and hw_free.",0,0,0,4,,,,,,,,,91.162,,,,,,
0f12a22f37,ollama_gpt-oss_120b,4,"Detects Vega20 GPUs with XGMI bridges and forces a TLB flush after page‑table updates because PTEs may be cached in the texture cache, causing stalls. Adds a condition to set the flush flag.",4,0,0,0,,,,,,,,,71.569,,,,,,
0f60740652,ollama_gpt-oss_120b,4,Adds support for the Allwinner H616 USB PHY by defining a new configuration struct with its specific quirks and registering a compatible device tree entry.,0,0,0,4,,,,,,,,,60.562,,,,,,
0f9fa5f58c,ollama_gpt-oss_120b,4,"Adds a new eDP panel entry for IVO M133NW4J-R3 in the panel-edp driver, using the delay_200_500_p2e100 timing table due to lack of documentation.",0,0,0,4,,,,,,,,,63.655,,,,,,
0fa32dad1e,ollama_gpt-oss_120b,4,"Renames the KVM self‑test file evmcs_test to hyperv_evmcs and updates .gitignore and Makefile entries accordingly, aligning the naming with other Hyper‑V tests.",0,0,4,0,,,,,,,,,68.475,,,,,,
10377bb293,ollama_gpt-oss_120b,4,"Adds the static keyword to the I2C and SPI of_device_id match tables in the Arizona MFD driver, making them file‑local now that they are no longer exported.",0,0,4,0,,,,,,,,,73.578,,,,,,
1038fd78a1,ollama_gpt-oss_120b,4,"Adds infrastructure for KPP template instances: defines struct kpp_instance, free handling, registration primitive, helper casts and context access, and documents them, enabling future template‑based key‑agreement algorithms.",0,0,0,4,,,,,,,,,64.631,,,,,,
10a2199caf,ollama_gpt-oss_120b,4,"The commit reorders operations in the i.MX RNG driver: it clears the interrupt mask before registering the IRQ handler, preventing handling of a stale SEED_DONE interrupt that could complete the RNG operation prematurely and crash the kernel during boot.",4,0,0,0,,,,,,,,,73.308,,,,,,
10a872375d,ollama_gpt-oss_120b,4,"The commit cleans up the QMP PHY device‑tree binding documentation by removing redundant description fields for supply, clock, and reset properties and replacing them with concise boolean or maxItems specifications, reducing duplication and improving readability.",0,0,4,0,,,,,,,,,54.917,,,,,,
1140f96cd4,ollama_gpt-oss_120b,4,"Updates the ADI ADC device‑tree binding documentation: adds AD7927 to the description, restructures the compatible property with oneOf, deprecates AD7924, and documents the relationship between AD7923 and AD7924.",0,0,4,0,,,,,,,,,59.57,,,,,,
116c3f4a78,ollama_gpt-oss_120b,4,"The commit raises the reported maximum LED brightness for the Dream Cheeky Webmail Notifier from 31 to 63 in the hid-led driver, correcting the value based on empirical testing.",4,0,0,0,,,,,,,,,75.751,,,,,,
11c2bf4a20,ollama_gpt-oss_120b,4,"Adds a default case to mvebu_pcie_hw_rd_conf() that returns 0xffffffff and PCIBIOS_BAD_REGISTER_NUMBER for unsupported read sizes, mirroring the write path handling.",4,0,0,0,,,,,,,,,62.988,,,,,,
1280d4b76f,ollama_gpt-oss_120b,4,"The patch removes the local bit_reverse implementation from lib/packing.c, replaces its usage with the kernel-provided bitrev8() macro, adds the BITREVERSE config option, and adjusts the shift logic accordingly, simplifying the code and avoiding duplication.",0,0,4,0,,,,,,,,,83.142,,,,,,
1299a129a9,ollama_gpt-oss_120b,4,"The patch reorders TLB handling in LoongArch: calls local_flush_tlb_all() right after setup_ptwalker() and before page allocation, and moves output_pgtable_bits_defines() into tlb_init(). This prevents stale TLB entries that caused the second kernel of kexec/kdump to fail booting SMP.",4,0,0,0,,,,,,,,,66.561,,,,,,
12a824dc67,ollama_gpt-oss_120b,4,"Introduces a cache for backref sharedness checks in btrfs fiemap, adds structs and helper functions, updates snapshot drop handling, and integrates the cache into extent_fiemap to avoid repeated expensive lookups, resulting in significant performance gains.",0,0,4,0,,,,,,,,,68.733,,,,,,
12aeaaba08,ollama_gpt-oss_120b,4,"Adds the 'N/A' store metric to the perf c2c documentation, explaining its meaning for store reference and store refs and updating the report table description.",0,0,4,0,,,,,,,,,70.954,,,,,,
1300eec9e5,ollama_gpt-oss_120b,4,"Moves the machine‑dependent RTC PLL function pointers and hwclk definition from setup files to time.c, ensuring they are compiled for nommu classic m68k builds, fixing undefined reference errors when CONFIG_RTC_DRV_GENERIC is enabled.",4,0,0,0,,,,,,,,,63.309,,,,,,
130fc180a4,ollama_gpt-oss_120b,4,"Adds a helper to free enclosure device structures and invokes it during driver unload and controller reset, preventing resource leaks.",4,0,0,0,,,,,,,,,54.508,,,,,,
131a79b474,ollama_gpt-oss_120b,3,"Fixes race and lock handling in hugetlb VMA operations, allocating a new vma lock on split, adjusting unmap handling, and ensuring lock presence for shared mappings.",4,0,0,0,,,,,,,,,77.302,,,,,,
133e2d3e81,ollama_gpt-oss_120b,4,"Enables switching to a different time namespace during a vfork+exec sequence by adjusting exec handling and fork checks, avoiding the need for a new clone flag.",0,0,0,4,,,,,,,,,91.168,,,,,,
1397af5bfd,ollama_gpt-oss_120b,3,"The patch eliminates the per‑CPU dying list, moves dying entries to a per‑net list, and adjusts when IPS_CONFIRMED is set to avoid double unlinking during conntrack destruction.",4,0,0,0,,,,,,,,,98.146,,,,,,
13a4223df8,ollama_gpt-oss_120b,4,"The commit corrects a duplicated word in a comment within ab8500_fg.c, changing ""is is"" to ""is"".",0,0,4,0,,,,,,,,,72.477,,,,,,
14b9397240,ollama_gpt-oss_120b,4,"The commit extends the DesignWare PCI I2C driver to obtain I2C timing parameters from firmware by calling i2c_parse_fw_timings(), replacing the previous hard‑coded default frequency.",0,0,0,4,,,,,,,,,66.521,,,,,,
15e15d64bd,ollama_gpt-oss_120b,3,"The commit adds a macro DISABLE_XENPV that disables the X86_FEATURE_XENPV bit unless CONFIG_XEN_PV is set, and incorporates it into DISABLED_MASK8, extending the disabled‑features handling.",4,0,0,0,,,,,,,,,71.782,,,,,,
15e67227c4,ollama_gpt-oss_120b,4,"Adds a CPU feature flag X86_FEATURE_RETHUNK and code to replace compiler‑generated return‑thunk jumps with plain RET instructions on CPUs where the thunk causes problems, effectively undoing the previous mitigation.",4,0,0,0,,,,,,,,,64.086,,,,,,
1634602627,ollama_gpt-oss_120b,4,"Adds AVDD-supply and MICVDD-supply properties to the rt5682s device‑tree binding YAML, documenting required regulators and updating the required list and example.",0,0,4,0,,,,,,,,,72.014,,,,,,
1644dfe727,ollama_gpt-oss_120b,4,"The patch removes redundant resetting of control arrays in set_mba_sc() and adds resetting of mbps_val[] in reset_all_ctrls(), simplifying the resctrl code and ensuring defaults are set only where needed.",0,0,4,0,,,,,,,,,64.694,,,,,,
1645e7b966,ollama_gpt-oss_120b,4,"The patch renames the vkms_composer struct to vkms_frame_info throughout the vkms driver, updating all references, comments, and allocation handling. It also mentions a fix to iosys_map_is_null verification, but the diff only shows the rename.",0,0,4,0,,,,,,,,,74.104,,,,,,
16a54d4ee7,ollama_gpt-oss_120b,3,"The patch updates fbcon sysfs attribute show functions to use sysfs_emit instead of snprintf, aligning with kernel sysfs conventions and simplifying buffer handling.",0,0,4,0,,,,,,,,,72.452,,,,,,
16b1941eac,ollama_gpt-oss_120b,4,"Removes assignments to udc->dev.driver in the USB gadget core to stop a race condition that caused a use‑after‑free in dev_uevent, fixing the bug reported by syzbot.",4,0,0,0,,,,,,,,,71.401,,,,,,
16ed828b87,ollama_gpt-oss_120b,4,"Adds missing iounmap() in zorro7xx_remove_one() to release I/O memory mapping allocated during probe, fixing a resource leak.",4,0,0,0,,,,,,,,,75.036,,,,,,
1724cc38e7,ollama_gpt-oss_120b,4,"Renames the .set_fmt_new field back to .set_fmt in the jz4740 I2S driver to match the core's new direct clock API, keeping the same implementation function.",0,0,4,0,,,,,,,,,64.314,,,,,,
17580de3e2,ollama_gpt-oss_120b,4,"Moves the non‑AP handling of disassociation to the top of OnDisassoc, returning early, and restructures the AP‑specific block, removing the else branch, to simplify and clarify the logic in the r8188eu driver.",0,0,4,0,,,,,,,,,64.679,,,,,,
176c0b55d9,ollama_gpt-oss_120b,4,"Introduces intel_async_flip_check_uapi to perform early async‑flip capability checks (CRTC active, modeset required, plane enabled) and restructures the existing async‑flip hardware check, moving validation earlier in the atomic path.",4,0,0,0,,,,,,,,,76.645,,,,,,
17edb8e1e3,ollama_gpt-oss_120b,4,"The patch removes kernel-doc comment blocks (/** ... */) from static functions in drm_edid.c and replaces them with regular C comments, preserving the explanatory text but dropping the kernel-doc markup.",0,0,4,0,,,,,,,,,72.125,,,,,,
1844c79c4d,ollama_gpt-oss_120b,4,"Switches the spear-keyboard driver to use DEFINE_SIMPLE_DEV_PM_OPS with pm_sleep_ptr, removing __maybe_unused from suspend/resume functions to avoid deprecated macro warnings and let the compiler drop unused code.",0,0,4,0,,,,,,,,,68.301,,,,,,
18451db82e,ollama_gpt-oss_120b,4,"Adds an inline helper rdma_get_udp_sport that computes a UDP source port from a GRH flow label, falling back to a derived label using local/remote QP numbers.",0,0,0,4,,,,,,,,,64.708,,,,,,
18489174e4,ollama_gpt-oss_120b,4,"Adds support for an on‑board RT711 SDCA audio codec on MeteorLake (MTL) platforms by extending DMI quirk table and defining ACPI endpoint/ADR structures, then registering a new machine entry with appropriate topology template.",0,0,0,4,,,,,,,,,62.671,,,,,,
192bb40f03,ollama_gpt-oss_120b,4,"Converts the firmware‑aware MCR wait function to manage the uncore lock internally, renames it, and updates its sole callsite, eliminating a race condition where the lock was not held and avoiding holding the lock during long waits.",4,0,0,0,,,,,,,,,63.238,,,,,,
1968f2be5c,ollama_gpt-oss_120b,4,"Adds support for a new AMD PMC controller version by defining a new CPU ID, handling it in various code paths, and registering its PCI and ACPI IDs.",0,0,0,4,,,,,,,,,62.438,,,,,,
1a048cde49,ollama_gpt-oss_120b,3,"The patch updates the r8188eu driver to replace a driver‑specific get_da call with the generic ieee80211_get_DA helper, adjusting the code to use the ieee80211_hdr pointer from the received frame.",0,0,4,0,,,,,,,,,64.382,,,,,,
1a8339c6bd,ollama_gpt-oss_120b,4,"Adds a new compatible string elan,ekth3915 for the Elan eth3915n touchscreen controller in the devicetree binding documentation, allowing the kernel to match this hardware.",0,0,0,4,,,,,,,,,72.365,,,,,,
1ab586f517,ollama_gpt-oss_120b,4,The patch replaces scnprintf with sysfs_emit in two mcdi_logging_show functions to follow sysfs guidelines for formatting data returned to userspace.,0,0,4,0,,,,,,,,,86.641,,,,,,
1ac7fd8159,ollama_gpt-oss_120b,4,"Adds support for Intel LBR format V7 by introducing capability flags, initializing them at boot, and simplifying LBR capability checks, enabling correct handling of LBR_INFO on Goldmont plus and Tremont CPUs.",0,0,0,4,,,,,,,,,64.969,,,,,,
1b0a54b3e8,ollama_gpt-oss_120b,4,"The patch removes the redundant LED_871x struct and merges its fields into led_priv, updating all references in rtw_led.c and rtw_led.h. This simplifies the LED handling code in the r8188eu driver.",0,0,4,0,,,,,,,,,69.258,,,,,,
1b0c84a32e,ollama_gpt-oss_120b,4,"The commit changes a 64‑bit read (nn_readq) of a 32‑bit capability word to a 32‑bit read (nn_readl) because the address is not qword aligned, preventing architecture‑specific unaligned access exceptions.",4,0,0,0,,,,,,,,,50.221,,,,,,
1b6345d416,ollama_gpt-oss_120b,3,"Adds validation in nf_tables_newset to require the NFT_SET_CONCAT flag when a set specifies multiple fields and to reject the flag when no field_count is given, returning -EINVAL.",4,0,0,0,,,,,,,,,66.123,,,,,,
1b929c02af,ollama_gpt-oss_120b,4,"The commit updates the kernel Makefile to reflect the 6.2 release candidate: increments PATCHLEVEL to 2, sets EXTRAVERSION to '-rc1', and changes the NAME string.",0,0,0,0,,,,,,,,,49.95,,,,,,
1bd9dfec9f,ollama_gpt-oss_120b,4,"Reverts the restrictive APIC‑write check in kvm_apic_write_nodecode, allowing non‑ICR MSR writes in x2APIC mode and restoring x2AVIC support.",4,0,0,0,,,,,,,,,61.734,,,,,,
1c075b192f,ollama_gpt-oss_120b,4,"The patch corrects the length check in tipc_nl_compat_name_table_dump_header by casting sizeof to int, ensuring proper signed comparison when TLV_GET_DATA_LEN can be negative, fixing a KMSAN-reported uninitialized‑value bug.",4,0,0,0,,,,,,,,,65.205,,,,,,
1c0bd03532,ollama_gpt-oss_120b,4,"Adds a compatible property to the Stratix10 SoC Development Kit device tree files, allowing the kernel to recognize and support this board.",0,0,0,4,,,,,,,,,66.698,,,,,,
1c33f8508b,ollama_gpt-oss_120b,4,"Adds avdd-0v9-supply and avdd-1v8-supply properties to the HDMI node in the rk3399-roc-pc device tree and renames the 1.8 V regulator node to match the schematic, eliminating a kernel dmesg warning.",4,0,0,0,,,,,,,,,69.107,,,,,,
1c796caff0,ollama_gpt-oss_120b,4,"Renames the KUnit test configuration symbols for the IIO formatting test to follow the required CONFIG_<name>_KUNIT_TEST pattern, updating both Kconfig and Makefile entries.",4,0,0,0,,,,,,,,,71.943,,,,,,
1cec8bbc17,ollama_gpt-oss_120b,4,"Updates KVM arm64 self‑test to disable single‑step by setting debug.control = KVM_GUESTDBG_ENABLE instead of SINGLE_STEP_DISABLE, correcting the constant used; no functional change.",0,4,0,0,,,,,,,,,68.251,,,,,,
1dcf37365e,ollama_gpt-oss_120b,4,"The commit replaces the legacy qcom,gsbi.txt device‑tree binding documentation with a new DT schema file qcom,gsbi.yaml, deleting the old text file and adding the YAML schema with properties, examples, and metadata.",0,0,4,0,,,,,,,,,67.868,,,,,,
1e029397d1,ollama_gpt-oss_120b,4,"The patch refactors the SCSI disk driver’s DIF/DIX handling by separating protection type reading from configuration, removing a redundant call to sd_revalidate_disk during device discovery, and simplifying log messages, so the integrity probing runs only once.",4,0,0,0,,,,,,,,,87.1,,,,,,
1ed914e341,ollama_gpt-oss_120b,4,"Enables audio on the RZ/G2UL SMARC board by adding SSI1 pinmux entries and linking the SSI1 DAI to the CPU DAI in the device tree, with conditional status handling for the audio nodes.",0,0,0,4,,,,,,,,,73.043,,,,,,
1ee6c5abeb,ollama_gpt-oss_120b,4,"The commit removes the hard‑coded IRQF_TRIGGER_RISING flag from ath10k SNOC driver, allowing the interrupt trigger type to be defined by the device tree, fixing bind failures on Qualcomm WCN3990 hardware.",4,0,0,0,,,,,,,,,70.866,,,,,,
1f2cfdd349,ollama_gpt-oss_120b,4,"Reverts a recent change that added an incorrect __user qualifier to the buffer argument of proc_dointvec_minmax_sysadmin(), restoring the correct void * type to eliminate sparse warnings.",4,0,0,0,,,,,,,,,66.533,,,,,,
1f4d8ae231,ollama_gpt-oss_120b,4,"Adds interrupt support to the Microchip PCI1xxxx GPIO driver by including interrupt header, defining register offsets, implementing IRQ ack, mask, unmask, set_type functions, an IRQ handler, and registering an irq_chip with the GPIO subsystem.",0,0,0,4,,,,,,,,,62.959,,,,,,
1f74399fd1,ollama_gpt-oss_120b,4,"Removes the unused 'work' field from struct mlx5e_async_ctx in the Mellanox mlx5e kTLS TX driver; no functional change, just dead code cleanup.",0,0,4,0,,,,,,,,,71.832,,,,,,
1fc4fa2ac9,ollama_gpt-oss_120b,4,"The commit corrects rxrpc congestion management by stopping the reuse of a zero cwnd, resetting to initial cwnd after idle > RTT, preserving ssthresh, and adding related fields and trace events.",4,0,0,0,,,,,,,,,86.695,,,,,,
1fe5ebc4e1,ollama_gpt-oss_120b,4,"Moves three root helper inline functions from accessors.h to ctree.h, aligning them with btrfs_root definitions and simplifying header synchronization with btrfs‑progs.",0,0,4,0,,,,,,,,,67.894,,,,,,
2019bf7cd2,ollama_gpt-oss_120b,4,"Adds support for SMUIO block version 13.0.9 by extending the IP version switch to assign the existing SMUIO function table, enabling the driver to recognize and use this new hardware block.",0,0,0,4,,,,,,,,,80.036,,,,,,
203bcac9bf,ollama_gpt-oss_120b,4,"The commit raises the max average DRAM bandwidth usage limit for DCN315 from 30% to 60% to satisfy DML validation when multiple HDR displays are connected, matching the value used for DCN31.",4,0,0,0,,,,,,,,,76.367,,,,,,
208cc9fe6f,ollama_gpt-oss_120b,4,"The commit corrects the 4 GB boundary check in the mpt3sas driver by using DMA addresses instead of virtual addresses, updating the helper function signature and all call sites to pass the DMA address fields.",4,0,0,0,,,,,,,,,87.36,,,,,,
20ea94bc53,ollama_gpt-oss_120b,4,"Adds a new device‑tree binding property `us-euro-gpios` for selecting CTIA/OMTP headset via a GPIO, updating the documentation accordingly.",0,0,0,4,,,,,,,,,53.405,,,,,,
21234e3a84,ollama_gpt-oss_120b,4,"Fixes a use‑after‑free bug in mlx5e_fs_init() by calling mlx5e_fs_vlan_free(fs) before kvfree(fs) on error paths, ensuring resources are released in correct order.",4,0,0,0,,,,,,,,,64.49,,,,,,
212ad7cb7d,ollama_gpt-oss_120b,4,"The patch restores proper peer cleanup when a station disconnects on QCA6390/WCN6855. It re‑introduces the peer delete call except when a hardware‑specific flag indicates the WMI_PEER_DELETE_CMDID should be skipped, and clears the stale peer->sta pointer to avoid use‑after‑free.",4,0,0,0,,,,,,,,,78.814,,,,,,
21457f4a91,ollama_gpt-oss_120b,4,"The commit deletes the unused rxrpc_kernel_get_reply_time function, its prototype, and documentation because the call issue time is now used, eliminating dead code from the RxRPC subsystem.",0,0,4,0,,,,,,,,,60.714,,,,,,
216d1a8013,ollama_gpt-oss_120b,4,"The commit updates the maintainer email address in three devicetree binding YAML files, replacing the old personal address with the preferred Bootlin address, thereby correcting documentation metadata.",0,0,4,0,,,,,,,,,71.954,,,,,,
21cdd6a0e8,ollama_gpt-oss_120b,4,"Fixes error handling in mpfs_probe(): adds proper negative error codes (-ENOMEM, PTR_ERR) for allocation and PHY registration failures, correcting previously returning success.",4,0,0,0,,,,,,,,,67.933,,,,,,
21ce2c121f,ollama_gpt-oss_120b,4,"The commit moves netdev notifier registration from each device probe to module initialization, preventing duplicate registrations when multiple ADIN1110/2111 devices are present, thus eliminating probe warnings and failures.",4,0,0,0,,,,,,,,,65.96,,,,,,
2274c3b281,ollama_gpt-oss_120b,4,"Removes the inefficient jfs_writepage function and sets ->migrate_folio to the generic buffer_migrate_folio helper, updating JFS address_space_operations accordingly.",0,0,4,0,,,,,,,,,81.528,,,,,,
227f25972c,ollama_gpt-oss_120b,4,"Adds support for a new firmware queue allocation command (SCD_QUEUE_CONFIG_CMD), introduces related enums and structs, updates driver configuration, adapts API to use station masks, and ensures queues are removed before stations as required by newer firmware.",0,0,0,4,,,,,,,,,70.643,,,,,,
228f324dc7,ollama_gpt-oss_120b,4,"Adds a helper library function virt_get_pte_hva() to KVM aarch64 self‑tests, exposing the host virtual address of a page‑table entry for a given guest virtual address, and updates addr_arch_gva2gpa to use it.",0,0,0,4,,,,,,,,,65.129,,,,,,
22dd7a58b2,ollama_gpt-oss_120b,4,"The commit removes deprecated perf buffer APIs, deletes compatibility wrappers, simplifies option structs, and updates the symbol map, cleaning up libbpf's perf buffer interface.",0,0,4,0,,,,,,,,,70.248,,,,,,
2307a0e1ca,ollama_gpt-oss_120b,4,"Adds support for Fiero SC-01 USB audio devices with firmware v1.0.0 (48 kHz and 96 kHz) by introducing corresponding quirks and flag entries, mirroring the existing handling for firmware v1.1.0.",0,0,0,4,,,,,,,,,66.556,,,,,,
2327337b88,ollama_gpt-oss_120b,4,"Removes the io_run_task_work() call at the start of the io_uring_enter syscall, deferring task work until after submissions to improve batching and reduce unnecessary work.",0,0,4,0,,,,,,,,,59.398,,,,,,
23347c90e2,ollama_gpt-oss_120b,4,"Rewrites OMAP3 clock nodes in DTS files to use the generic ti,clksel binding and adds clock-output-names, eliminating unique-unit-address and node-name warnings.",0,0,4,0,,,,,,,,,72.954,,,,,,
233eb8d689,ollama_gpt-oss_120b,4,"The commit corrects a misspelled word in a comment within fs/ocfs2/quota_global.c, changing ""exlusive"" to ""exclusive"" without altering any code logic.",0,0,4,0,,,,,,,,,71.61,,,,,,
2397f780e1,ollama_gpt-oss_120b,4,"The patch rewrites try_to_free_swap to operate on a folio instead of a page, adding folio_swapped and using folio_test_* macros, removing compound_head calls, and shrinking kernel text by 74 bytes.",0,0,4,0,,,,,,,,,85.713,,,,,,
23cc6d8c37,ollama_gpt-oss_120b,4,"Changes cfg80211_auth_request.key_idx from unsigned u8 to signed s8 so that a sentinel value -1 can be used when the key pointer is NULL, eliminating static analysis warnings.",0,0,4,0,,,,,,,,,75.161,,,,,,
23dca7a900,ollama_gpt-oss_120b,4,"Adds a bool reset argument to mtk_wed_tx_ring_setup and mtk_wed_wdma_rx_ring_setup, updates callers and header macros, and adjusts allocation logic to skip ring allocation when resetting. Prepares the driver for future Wireless Ethernet Dispatcher reset functionality.",0,0,0,4,,,,,,,,,92.249,,,,,,
23e085b2de,ollama_gpt-oss_120b,4,"Adds CAP_SYS_ADMIN checks to NVMe management ioctls (RESET, SUBSYS_RESET, RESCAN) so only privileged users can invoke disruptive operations.",4,0,0,0,,,,,,,,,56.753,,,,,,
2485c12c98,ollama_gpt-oss_120b,4,Adds support for restoring the original SDMA queue identifier during CRIU checkpoint/restore by passing an optional sdma_id through queue creation paths and allocating it if provided.,4,0,0,0,,,,,,,,,83.097,,,,,,
24873b8859,ollama_gpt-oss_120b,3,"The patch removes the HW_VAR_AC_PARAM_VI enum and its handling in SetHwReg8188EU(), replacing it with a direct rtw_write32() call to REG_EDCA_VI_PARAM, simplifying the driver code.",0,0,4,0,,,,,,,,,61.528,,,,,,
249369e931,ollama_gpt-oss_120b,4,Replaces snprintf calls in MHI sysfs attribute show functions with sysfs_emit/sysfs_emit_at to satisfy Coccinelle checks and use the proper sysfs helper.,0,0,4,0,,,,,,,,,55.538,,,,,,
24a3db53ec,ollama_gpt-oss_120b,4,"Reorganizes OMAP3 clock nodes in the device tree, grouping them under a ti,clksel node and adding clock-output-names to eliminate unique_unit_address and node_name_chars_strict warnings.",0,0,4,0,,,,,,,,,74.188,,,,,,
25097de7b2,ollama_gpt-oss_120b,4,"The commit introduces a new pinctrl/GPIO driver for Intel Meteor Lake platforms, adding Kconfig and Makefile entries and a large source file defining pins, pad groups, and ACPI matching to enable hardware support.",0,0,0,4,,,,,,,,,70.586,,,,,,
255d7a9581,ollama_gpt-oss_120b,4,"The commit extracts QCS404 peripheral authentication service device‑tree bindings from the generic ADSP bindings file into a dedicated qcom,qcs404-pas.yaml file, removing those entries from qcom,adsp.yaml and adding the new file with the full schema and examples.",0,0,4,0,,,,,,,,,63.776,,,,,,
2564aa7544,ollama_gpt-oss_120b,4,"Adds 'clocks' and 'clock-names' entries to the SDM845 camera clock controller devicetree binding documentation, indicating support for the bi-tcxo clock.",0,0,4,0,,,,,,,,,62.878,,,,,,
258030acc9,ollama_gpt-oss_120b,4,"Changes dsa_switch.num_ports from size_t to unsigned int, reducing struct size and eliminating padding; updates dev_err format string to match the new type.",0,0,4,0,,,,,,,,,61.514,,,,,,
25eb948601,ollama_gpt-oss_120b,4,"Removes unnecessary chip‑type comments from the FTDI USB‑serial driver, cleaning up the source without changing any functionality.",0,0,4,0,,,,,,,,,61.428,,,,,,
25fd735a4c,ollama_gpt-oss_120b,4,"The patch refactors address attribute checking in the RXE driver: introduces a generic chk_attr helper, splits rxe_av_chk_attr into qp‑specific and ah‑specific versions, updates callers, and replaces generic pr_warn messages with context‑aware rxe_dbg_* logging. Header declarations are updated accordingly.",0,0,4,0,,,,,,,,,74.047,,,,,,
26093ce14b,ollama_gpt-oss_120b,4,"The patch modifies amdgpu_ras_feature_enable to allocate and send RAS enable/disable commands only when the block is GFX, adding a block check and adjusting cleanup, thus correcting the previous unconditional handling.",4,0,0,0,,,,,,,,,106.552,,,,,,
260b5c694b,ollama_gpt-oss_120b,4,"The commit removes Jukka Rissanen from the MAINTAINERS file for the 6lowpan subsystem, reflecting his departure from the project.",0,0,0,0,,,,,,,,,68.932,,,,,,
26df39a9e5,ollama_gpt-oss_120b,4,"Initializes the variable 'next' to NULL in find_first_clear_extent_bit, removing a compile-time uninitialized variable error.",4,0,0,0,,,,,,,,,67.092,,,,,,
26ffcbbef7,ollama_gpt-oss_120b,4,"Adds tracking of CPU‑visible memory in the i915 TTM buddy allocator, introducing visible size/available/reserved counters, updating them on allocations, frees and reserves, exposing a helper to query visible size, and adjusting init to accept the visible size parameter.",0,0,0,4,,,,,,,,,75.537,,,,,,
2703c16c75,ollama_gpt-oss_120b,4,"Introduces a mechanism for CXL.mem drivers to enumerate ancestor CXL switch ports, track endpoint interest, handle race conditions, and clean up ports, plus refactors dport lookup into a shared helper.",0,0,0,4,,,,,,,,,78.805,,,,,,
272ac15003,ollama_gpt-oss_120b,4,"The patch deletes the deprecated function fscrypt_set_test_dummy_encryption() and its prototype after all callers have been switched to newer APIs, cleaning up dead code in the fscrypt subsystem.",0,0,4,0,,,,,,,,,64.374,,,,,,
27aeb91559,ollama_gpt-oss_120b,4,"The patch migrates initialization of the hisi-acc VFIO PCI driver to the new device life‑cycle helpers, adds a migration‑specific init callback, selects ops in probe based on VF ID, and removes the now‑unused vfio_pci_core_init/uninit helpers.",0,0,4,0,,,,,,,,,71.204,,,,,,
28793b194e,ollama_gpt-oss_120b,4,"The patch removes the unnecessary orig_bio and clone parameters from submit_stripe_bio, derives orig_bio from the btrfs_io_context, decides cloning based on the stripe index, and updates the call site, simplifying the function signature and logic.",0,0,4,0,,,,,,,,,67.808,,,,,,
287f1ee38a,ollama_gpt-oss_120b,3,"The patch rewrites the pinmux configuration tables for the Renesas r8a77470 pinctrl driver, replacing explicit zero entries for reserved bits with shorthand notation using negative field widths and merging consecutive reserved fields, thereby shrinking the compiled driver size.",0,0,4,0,,,,,,,,,69.139,,,,,,
29a051bd46,ollama_gpt-oss_120b,4,"Reorders the conditional chain in read_clock_frequency so that newer graphics versions (>=11) are handled first, simplifying future extensions and improving code clarity.",0,0,4,0,,,,,,,,,74.492,,,,,,
29f557d553,ollama_gpt-oss_120b,4,"Updates the self‑test header to reflect recent kernel changes by expanding vmcb_control_area with SEV‑ES field and reserved space, enabling tests of new virtualization features.",0,0,4,0,,,,,,,,,68.184,,,,,,
2a791f4412,ollama_gpt-oss_120b,4,"Removes the buddy prefetch logic from free_pcppages_bulk in mm/page_alloc, deleting the prefetch_buddy helper and related code, because the prefetch adds overhead and offers marginal benefit when the zone lock is held.",0,0,4,0,,,,,,,,,73.659,,,,,,
2ac05f8f2e,ollama_gpt-oss_120b,4,"Adds a new self‑test (bhrb_no_crash_wo_pmu_test) and updates the Makefile to include it, verifying that enabling PERF_SAMPLE_BRANCH_STACK does not crash on platforms without a PMU or with generic_compat_pmu.",0,0,4,0,,,,,,,,,73.115,,,,,,
2b7d07f7ac,ollama_gpt-oss_120b,4,"The init function now captures the return value of driver_register, and on failure it unregisters the platform driver before returning the error, correcting missing error handling.",4,0,0,0,,,,,,,,,64.272,,,,,,
2b947cf9e3,ollama_gpt-oss_120b,4,"The patch introduces a static serial_rs485 structure describing the RS‑485 capabilities of the MAX310x UART and assigns it to the port's rs485_supported field during probe, thereby exposing supported features to the serial core.",0,0,0,4,,,,,,,,,72.492,,,,,,
2ba75d3119,ollama_gpt-oss_120b,3,"The patch refactors the MMU V1 driver by replacing per‑hop address helper functions with a generic one that uses the hop mask/shift arrays, adds a MAX_HOPS macro, and rewrites map/unmap logic to iterate over hops, removing duplicated code.",0,0,4,0,,,,,,,,,79.988,,,,,,
2baad24963,ollama_gpt-oss_120b,4,"The patch replaces a dev_warn with dev_dbg in the Qualcomm thermal driver when devm_thermal_of_zone_register() returns -ENODEV, indicating the sensor is unused. This lowers log verbosity by demoting the message to debug level.",0,0,4,0,,,,,,,,,68.936,,,,,,
2c1eafc40e,ollama_gpt-oss_120b,4,"The patch replaces the hard‑coded 1000 ms timeout in udl_get_edid_block with the USB_CTRL_GET_TIMEOUT constant (5 seconds), making the driver use the standard USB control‑message timeout for EDID reads.",0,0,4,0,,,,,,,,,64.351,,,,,,
2c763f37d0,ollama_gpt-oss_120b,4,"Adds a guard in gfxhub_v3_0_3_init_system_aperture_regs to return early when running as an SR‑IOV virtual function, skipping programming of system aperture registers that are no longer accessible; these registers are now programmed by the host.",4,0,0,0,,,,,,,,,75.285,,,,,,
2d3bc87543,ollama_gpt-oss_120b,4,"The patch deletes the 'released' atomic field from intel_vgpu and removes its initialization and sanity‑check code in open/close paths, because VFIO core already handles the lifecycle, making the field redundant.",0,0,4,0,,,,,,,,,64.796,,,,,,
2d4daa549c,ollama_gpt-oss_120b,4,"The patch deletes the obsolete arch_has_empty_bitmaps flag from the resctrl cache structure, removes its initialization for Intel and AMD, and updates CBM validation to rely on min_cbm_bits, adding documentation that a zero value means zero CBM is supported.",0,0,4,0,,,,,,,,,67.497,,,,,,
2dd9032beb,ollama_gpt-oss_120b,4,"Introduces a helper function amdgpu_ras_query_poison_mode that encapsulates poison‑mode detection logic, adds early exit for SRIOV guests, and refactors amdgpu_ras_init to call this function, simplifying the code.",0,0,4,0,,,,,,,,,64.634,,,,,,
2e0aee8f0a,ollama_gpt-oss_120b,4,"Changes ata_port::fastdrain_cnt from unsigned long to unsigned int because it is only ever assigned from 32‑bit values, matching usage and reducing size.",0,0,4,0,,,,,,,,,69.312,,,,,,
2e7e80f7e7,ollama_gpt-oss_120b,4,"The commit changes the is_partially_uptodate API from page‑based to folio‑based, updates return type to bool, adjusts documentation, and modifies all callers (buffer.c, iomap, filemap) to use folio semantics and byte counts.",0,0,4,0,,,,,,,,,78.394,,,,,,
2fadc6ea4a,ollama_gpt-oss_120b,4,"The commit reorders the CONFIG_SURFACE_PLATFORMS entry in two RISC‑V defconfig files to match the ordering produced by savedefconfig, removing the original line and thereby only affecting file layout without changing kernel behaviour.",0,0,4,0,,,,,,,,,82.113,,,,,,
2fc092d4c7,ollama_gpt-oss_120b,4,"Corrects the selection of the microengine (me) and engine selector for the MAP_QUEUES packet based on the ring type, fixing incorrect handling that could send packets to the wrong engine.",4,0,0,0,,,,,,,,,90.77,,,,,,
302e9edd54,ollama_gpt-oss_120b,4,"The patch updates traceon/traceoff trigger handlers to detect if a trigger is associated with a specific trace_event_file and, when present, toggle tracing on that instance's tracer instead of the global tracing state, fixing the previous global‑only behavior.",4,0,0,0,,,,,,,,,61.182,,,,,,
3044a4f271,ollama_gpt-oss_120b,4,"Adds inline helper mcp251xfd_is_fd_mode() and replaces direct ctrlmode checks with calls to it, improving code readability and maintainability.",0,0,4,0,,,,,,,,,71.778,,,,,,
3084097c36,ollama_gpt-oss_120b,4,"The patch deletes the setns_by_fd helper that performed a series of mount/unmount operations when switching network namespaces in BPF selftests, replacing it with a direct setns call and fd close, simplifying the code.",0,0,4,0,,,,,,,,,85.891,,,,,,
30b1a0797e,ollama_gpt-oss_120b,4,"The patch replaces direct access to plane->state with the drm_atomic_get_new_plane_state() helper in the SSD130x driver, also renames the atomic state parameter. No functional changes, only API usage correction.",0,4,0,0,,,,,,,,,74.421,,,,,,
30b6ab45f8,ollama_gpt-oss_120b,4,"The patch removes the bool sysregs_loaded_on_cpu from kvm_vcpu_arch, adds a generic state flag SYSREGS_ON_CPU, and updates all related code to use vcpu_get/set/clear_flag, improving consistency and reducing per‑vcpu storage.",0,0,4,0,,,,,,,,,62.111,,,,,,
30d024b505,ollama_gpt-oss_120b,3,Adds a forward declaration for struct folio in include/linux/cacheflush.h to eliminate implicit‑declaration warnings for code that includes this header.,0,0,4,0,,,,,,,,,79.468,,,,,,
3128ea0169,ollama_gpt-oss_120b,4,"The patch relaxes a validation check in mt7921_mac_fill_rx, changing the limit from MCS index >9 to >11, allowing reception of VHT MCS10‑11 frames that the hardware can handle.",4,0,0,0,,,,,,,,,99.532,,,,,,
31354121bf,ollama_gpt-oss_120b,4,"Adds a syscon binding and a clk-phase-sd-hs property to the SDMMC node in device‑tree files for Stratix10, Agilex and N5X platforms, allowing the driver to adjust the CIU clock phase via the system manager.",0,0,0,4,,,,,,,,,64.501,,,,,,
316f710172,ollama_gpt-oss_120b,4,"Adds a call to free(params) before exiting osnoise_top, releasing the memory allocated for parsed command‑line arguments that was previously leaked.",4,0,0,0,,,,,,,,,60.81,,,,,,
319568d75f,ollama_gpt-oss_120b,4,"Adds firmware command for DRR manual trigger, updates SubVP pipe control to avoid locking for DRR VSYNC flips, and integrates these changes into the timing generator functions for DCN32/321.",0,0,0,4,,,,,,,,,76.126,,,,,,
3197706abd,ollama_gpt-oss_120b,4,"The commit renames the reference‑counting helpers in the RXE driver from rxe_add_ref/rxe_drop_ref to rxe_get/rxe_put, updates the macro definitions in rxe_pool.h, and replaces all call sites accordingly, improving code readability without altering functionality.",0,0,4,0,,,,,,,,,86.523,,,,,,
322842ea3c,ollama_gpt-oss_120b,4,"Adds swap_free(entry) when arch_unmap_one fails, undoing a prior swap_duplicate to prevent leaked swap cache entries and memory corruption in try_to_unmap.",4,0,0,0,,,,,,,,,68.214,,,,,,
3233b978af,ollama_gpt-oss_120b,4,"Adds support for exposing Cirrus Logic CS_DSP DSP controls as ALSA controls. Introduces a new Kconfig option, makefile entry, and implements a library (hda_cs_dsp_ctl.c/h) that creates ALSA kcontrols for DSP coefficient controls.",0,0,0,4,,,,,,,,,66.432,,,,,,
32346491dd,ollama_gpt-oss_120b,4,"Updates the kernel version string in Makefile from -rc5 to -rc6, marking the next release candidate.",0,0,0,0,,,,,,,,,64.304,,,,,,
3255530ab1,ollama_gpt-oss_120b,3,"The patch modifies tdp_mmu_set_spte_atomic to capture the value returned by cmpxchg when it fails and store it in iter->old_spte, removing the need for callers to manually reload the SPTE. Call sites are updated accordingly, simplifying the code and ensuring they operate on fresh data.",4,0,0,0,,,,,,,,,68.041,,,,,,
3256412fc5,ollama_gpt-oss_120b,4,"Adds optional clock handling to the Hisilicon I2C driver: obtains a clk object, uses its rate, and falls back to the legacy clk_rate property, updating the driver struct accordingly.",0,0,0,4,,,,,,,,,64.73,,,,,,
327c348988,ollama_gpt-oss_120b,4,"Adds a variable to capture the end address of a GAP hole and prints its size (as number of address bits) in the kernel log, enhancing diagnostics for the UV platform.",0,0,4,0,,,,,,,,,79.662,,,,,,
32f1b53fe8,ollama_gpt-oss_120b,4,"Initializes the missing vqs_list_lock in vdev_info_init, preventing virtio_test from hanging due to an uninitialized spin lock.",4,0,0,0,,,,,,,,,61.406,,,,,,
33024536ba,ollama_gpt-oss_120b,4,"Implements a new hot‑page selection algorithm for NUMA memory tiering by recording scan timestamps in struct page, computing hint‑page‑fault latency, and using a configurable hot‑threshold to decide promotion. Adds sysctl/debugfs entry, reuses page bits, and updates migration logic accordingly.",0,0,0,4,,,,,,,,,74.085,,,,,,
330f5a3005,ollama_gpt-oss_120b,4,Adds a Chinese translation of Documentation/Devicetree/changesets.rst and updates the Chinese devicetree index to list the new file.,0,0,4,0,,,,,,,,,63.937,,,,,,
3364c6ce23,ollama_gpt-oss_120b,4,"Adjusts the cast used in LSE atomic compare‑exchange macros to use a size‑matched type (u##sz) instead of unsigned long, eliminating -Warray-bounds warnings without altering generated code.",4,0,0,0,,,,,,,,,63.346,,,,,,
340a02535e,ollama_gpt-oss_120b,4,"The commit moves the extract‑cert helper from scripts/ to certs/, updates MAINTAINERS, .gitignore, certs/Makefile and scripts/Makefile, adds host build rules, and removes the old script, making the tool built on demand. No kernel runtime code is changed.",0,0,4,0,,,,,,,,,62.751,,,,,,
3470079687,ollama_gpt-oss_120b,4,"Allows changing the MTU of a stmmac Ethernet interface while it is up by restarting the driver and reinitializing the DMA configuration, removing the previous requirement to bring the interface down.",4,0,0,0,,,,,,,,,62.944,,,,,,
34886e796c,ollama_gpt-oss_120b,4,"Moves the pmu_ops pointer from kvm_x86_ops to kvm_x86_init_ops and marks the pmu_ops structures as __initdata, reducing init‑time memory and making the ops unreachable after initialization to avoid post‑init modifications.",0,4,0,0,,,,,,,,,68.106,,,,,,
34b1a65ec1,ollama_gpt-oss_120b,4,"Removes an erroneous MAINTAINERS entry for max77693.txt that was re‑added by a merge conflict, restoring the correct list of documentation files.",4,0,0,0,,,,,,,,,71.799,,,,,,
34b88934e6,ollama_gpt-oss_120b,4,"The commit updates the QCOM SM8350 pinctrl devicetree binding YAML to make the 'function' property required only for GPIO pins, removing the unconditional requirement and adding a conditional schema.",4,0,0,0,,,,,,,,,72.587,,,,,,
35cc9d622e,ollama_gpt-oss_120b,3,"Adds a self‑test that reproduces a BTF decl_tag misuse causing a WARN_ON_ONCE, verifying that loading such BTF fails with “Invalid return type”. The change inserts raw BTF definitions and expected error into the BPF self‑tests.",0,0,4,0,,,,,,,,,69.873,,,,,,
35eee9a363,ollama_gpt-oss_120b,4,"Adds checks to selftest RTC code to skip tests when the RTC device file is absent, preventing false test failures on platforms without RTC.",4,0,0,0,,,,,,,,,77.178,,,,,,
362e54e48b,ollama_gpt-oss_120b,4,"The commit updates fbtft_init_display() to use fbtft_par_dbg_hex() for printing init sequence values, correctly handling the s16 type instead of the previous generic hex dump.",0,0,4,0,,,,,,,,,62.531,,,,,,
365e1ececb,ollama_gpt-oss_120b,4,"Adds a completion to net_device_context and synchronizes VF registration with host association, preventing a race that could break the VF data path during VM boot.",4,0,0,0,,,,,,,,,70.868,,,,,,
367c9b0f1b,ollama_gpt-oss_120b,4,"Ensures the mm_struct stays referenced while processing deferred SVM range work, adding mmget when queuing ranges and releasing after handling, and moving list removal inside mmap lock to avoid use‑after‑free and race bugs.",4,0,0,0,,,,,,,,,83.036,,,,,,
36c6f1fb2e,ollama_gpt-oss_120b,4,"Adds optional prepare_streaming and unprepare_streaming callbacks to videobuf2, updates counters, calls them in streamon/streamoff paths, and documents the new ops.",0,0,0,4,,,,,,,,,64.79,,,,,,
37be3f9d69,ollama_gpt-oss_120b,4,"Ensures that when the authentication app starts, any existing N2N session is cleared and the link reset, preventing remote devices from logging in with stale state.",4,0,0,0,,,,,,,,,86.743,,,,,,
3809db6430,ollama_gpt-oss_120b,4,"Adds buffer reference counting and synchronization to snd_rawmidi_drain_output, checks validity before draining, and waits for refcount zero on close to avoid races with buffer resize.",4,0,0,0,,,,,,,,,64.914,,,,,,
3883001838,ollama_gpt-oss_120b,4,"The patch relocates two helper functions (find_first_clear_extent_bit and lock_extent_bits) from extent_io.c to extent-io-tree.c, adds a missing header, and deletes the original definitions, consolidating all exported extent_io_tree helpers in one file.",0,0,4,0,,,,,,,,,70.6,,,,,,
38d4a385a3,ollama_gpt-oss_120b,4,"Adds a __vcpu_run() inline helper that wraps the KVM_RUN ioctl, updates self‑test code to use it, and removes direct ioctl calls, simplifying test logic and avoiding duplicate error‑handling.",0,0,4,0,,,,,,,,,61.663,,,,,,
39cdf080ce,ollama_gpt-oss_120b,4,"Adds support for background radar detection (zero‑wait DFS) on mt7915 by introducing new MCU commands, data structures, and driver functions, and integrating them into init and the ieee80211_ops.",0,0,0,4,,,,,,,,,67.828,,,,,,
3a52471206,ollama_gpt-oss_120b,4,"Adds gamma LUT memory region definitions to RK3399 VOP device tree entries, allowing the kernel to control gamma correction on the hardware.",0,0,0,4,,,,,,,,,69.655,,,,,,
3a55f72924,ollama_gpt-oss_120b,4,"Adds a guard in kvm_pv_clock_pairing to reject the hypercall when the vCPU has tsc_always_catchup set, avoiding an infinite pvclock_read_retry loop.",4,0,0,0,,,,,,,,,61.493,,,,,,
3ac5f2f257,ollama_gpt-oss_120b,4,"Adds missing @server parameter description to kernel-doc comment for smb311_update_preauth_hash(), eliminating kernel-doc W=1 warning.",0,0,4,0,,,,,,,,,61.809,,,,,,
3b1611f252,ollama_gpt-oss_120b,4,"Adds six new Qualcomm SoC identifier macros to the dt-bindings header, enabling device tree support for QDU1000, QRU1000 and related variants.",0,0,0,4,,,,,,,,,63.992,,,,,,
3b49ae380c,ollama_gpt-oss_120b,4,"The commit corrects the error‑handling check for platform_get_irq() in ipaq-micro driver, changing the condition from a null check to a negative‑value check, ensuring proper failure detection.",4,0,0,0,,,,,,,,,68.791,,,,,,
3b9cb4ba4b,ollama_gpt-oss_120b,4,"The patch replaces the three‑step thread creation (kthread_create_on_node, kthread_bind, wake_up_process) with the single helper kthread_run_on_cpu, simplifying rcutorture_booster_init.",0,0,4,0,,,,,,,,,64.141,,,,,,
3bea83b68d,ollama_gpt-oss_120b,3,"The patch refactors the lpfc driver’s SLI‑3/SLI‑4 handling for RSCN/SCR/RDF/EDC/FARPR paths, replacing direct iocb field accesses with new generic get/set helpers and adding SLI‑4 specific sections, consolidating code and using local variables.",0,0,4,0,,,,,,,,,89.426,,,,,,
3cf0507625,ollama_gpt-oss_120b,4,"The commit separates VBT data into per‑panel structures, moves panel‑specific VBT parsing to the output probing stage, updates code to reference connector->panel.vbt instead of the global dev_priv->vbt, and removes an unused DRRS type check, improving modularity and maintainability.",0,0,4,0,,,,,,,,,103.827,,,,,,
3cffb26fbb,ollama_gpt-oss_120b,4,"The patch removes an unnecessary assignment to the variable 'bytes' in snd_echo_midi_output_write, leaving only 'sent = 0'. The variable was overwritten later, so the initial store was dead code, causing a clang static analysis warning.",0,0,4,0,,,,,,,,,85.459,,,,,,
3d8d3504d2,ollama_gpt-oss_120b,4,Adds support for Intel Agilex DWC2 USB controller by defining platform‑specific parameters (disable clock gating) and registering the compatible string in the OF match table.,0,0,0,4,,,,,,,,,64.72,,,,,,
3dd9c8b5f0,ollama_gpt-oss_120b,3,"The commit replaces all spin_lock_bh / spin_unlock_bh and related *_bh lock calls with their non‑_bh versions across the rxrpc driver, because packet handling now runs in an I/O thread instead of soft‑irq context, making the _bh annotation unnecessary.",0,0,4,0,,,,,,,,,86.549,,,,,,
3de8dd69fa,ollama_gpt-oss_120b,4,"Switches the TI DAC5571 I2C driver to use the newer .probe_new callback, removing the i2c_device_id argument and obtaining it via i2c_client_get_device_id; updates driver struct accordingly.",0,0,4,0,,,,,,,,,59.445,,,,,,
3e1865ba38,ollama_gpt-oss_120b,4,"The patch removes unused fields, tables, reset handling, DP‑specific code, and related conditionals from the Qualcomm QMP UFS PHY driver, simplifying structures and eliminating dead code paths without altering functional behavior.",0,0,4,0,,,,,,,,,74.815,,,,,,
3e5a8e8494,ollama_gpt-oss_120b,4,"Adds a GCC_SDCC_BCR hardware reset in the sdhci-msm driver probe, using the reset controller API, to clear previous power states and avoid observed software reset timeouts during MMC initialization.",4,0,0,0,,,,,,,,,67.089,,,,,,
3f64510e3d,ollama_gpt-oss_120b,4,"Splits the K210 timer nodes in the device tree, adjusts reg and interrupt ranges, and adds proper clock and reset references to match hardware, eliminating dtbs_check warnings about non‑standard interrupt lists.",4,0,0,0,,,,,,,,,71.688,,,,,,
3fe012f482,ollama_gpt-oss_120b,4,"Adds the 'qcom,msm8974-cci' compatible string to the i2c‑qcom‑cci device‑tree binding documentation and updates the description to list MSM8974 as supporting two I2C masters.",0,0,4,0,,,,,,,,,62.668,,,,,,
3fe3fd5f30,ollama_gpt-oss_120b,4,"The patch adds loading of the actual VA bits (vabits_actual) into register x0 during the CPU resume path for ARM64 when VA_BITS > 48, ensuring __cpu_setup receives the correct VA size. This corrects boot failures on 52‑bit configurations such as Juno.",4,0,0,0,,,,,,,,,61.385,,,,,,
3ffa9f713c,ollama_gpt-oss_120b,4,"The patch modifies ssi_init() to store the return value of platform_driver_register(&ssi_port_pdriver); if it fails, it unregisters the previously registered ssi_pdriver before returning the error, ensuring proper cleanup.",4,0,0,0,,,,,,,,,61.266,,,,,,
403d50341c,ollama_gpt-oss_120b,4,"The patch modifies bio_copy_data_iter to map both source and destination bio_vecs, copy the exact byte range, and unmap them, restoring correct handling of destination offsets that bcache relies on.",4,0,0,0,,,,,,,,,57.877,,,,,,
40758e493f,ollama_gpt-oss_120b,4,"Adds optional reset‑GPIO handling to the onboard USB hub driver: introduces pdata with reset timing, parses OF match data, acquires reset GPIO, toggles it on power‑on/off, and updates driver structures.",0,0,0,4,,,,,,,,,68.782,,,,,,
4088ca3edc,ollama_gpt-oss_120b,4,"The patch cleans up header includes in the 8250_dw serial driver: it removes unused of_irq.h and of_platform.h and adds the needed mod_devicetable.h, without altering driver logic.",0,0,4,0,,,,,,,,,54.696,,,,,,
40e4eb324c,ollama_gpt-oss_120b,4,"The patch replaces a signed left‑shift (1 << i) with the BIT(i) macro to avoid undefined behavior when i can be 31, fixing a UBSAN shift‑out‑of‑bounds warning in __mdiobus_register.",4,0,0,0,,,,,,,,,65.44,,,,,,
4194442daf,ollama_gpt-oss_120b,4,"The patch adds const qualifiers to detailed_timing pointers in EDID parsing callbacks, updating typedefs, function signatures, and related variable declarations to enforce read‑only access throughout drm_edid.c.",0,0,4,0,,,,,,,,,73.521,,,,,,
424140d31b,ollama_gpt-oss_120b,4,"The patch updates the Intel tier policy check in the xhci driver to also block U2 link power management when U1 is disallowed, removes an obsolete early‑return, adds a combined debug message, and moves the policy check earlier to avoid unnecessary MEL commands.",4,0,0,0,,,,,,,,,55.687,,,,,,
42475735ad,ollama_gpt-oss_120b,4,"Removes an unused return variable in rtw_wx_get_essid, simplifying the function to return 0 directly.",0,0,4,0,,,,,,,,,61.033,,,,,,
426d15ad11,ollama_gpt-oss_120b,4,"The patch modifies the condition that decides whether to start the ext4 lazy‑init request, moving the read‑only check out of the option‑dependent test so that on read‑only filesystems the lazy‑init thread is never started, avoiding unnecessary block bitmap prefetch.",0,0,4,0,,,,,,,,,71.005,,,,,,
42da167bbd,ollama_gpt-oss_120b,4,"The commit updates STM32 device‑tree files, renaming pinctrl node labels from 'pin-controller…' to 'pinctrl…' to align with the new pinctrl.yaml bindings and eliminate DTS node‑name warnings.",4,0,0,0,,,,,,,,,75.204,,,,,,
435beb4110,ollama_gpt-oss_120b,4,"The commit removes an outdated maintainer email from the NTC thermistor devicetree binding documentation, updating the maintainers list.",0,0,4,0,,,,,,,,,50.623,,,,,,
43caf1a682,ollama_gpt-oss_120b,4,"The commit updates the kernel-doc Perl script to import Pod::Usage and replace its custom usage() calls with pod2usage, providing standardized handling of missing or unknown arguments and printing usage via the POD system.",0,0,4,0,,,,,,,,,75.47,,,,,,
43cf36974d,ollama_gpt-oss_120b,4,"Adds support for multiple clock consumers to the TPS68470 driver by introducing a consumer array in platform data, looping over it to register each consumer, and populating this array from ACPI consumer devices.",0,0,0,4,,,,,,,,,64.298,,,,,,
43da2f0762,ollama_gpt-oss_120b,4,"Adds a new SocketCAN line‑discipline driver (can327) for ELM327 OBD‑II adapters, accompanying documentation, Kconfig entry, Makefile update, and MAINTAINERS entry.",0,0,0,4,,,,,,,,,73.844,,,,,,
442ec1e5bb,ollama_gpt-oss_120b,4,"The commit adjusts the spacing in the heading row of the ext4 blockmap documentation table to align cells, eliminating a malformed table warning and allowing the doc to load correctly.",4,0,0,0,,,,,,,,,87.22,,,,,,
44b5554d98,ollama_gpt-oss_120b,4,"The patch updates the MMIO thermal driver to use the new generic OF registration API. It changes the temperature callback signature, switches the ops struct type, replaces devm_thermal_zone_of_sensor_register with devm_thermal_of_zone_register, and adjusts calls accordingly.",0,0,4,0,,,,,,,,,64.39,,,,,,
44e36d7552,ollama_gpt-oss_120b,4,"Updates the MT8365 mutex module array to reference the newly added DDP_COMPONENT_DITHER0 enum, matching other SoCs; the change is purely for consistency and introduces no functional behavior change.",0,0,4,0,,,,,,,,,73.109,,,,,,
450deb93df,ollama_gpt-oss_120b,4,"The patch changes blk_crypto sysfs registration functions to accept a struct gendisk instead of a request_queue, updates prototypes, implementations, and callers, and adjusts inline stubs, preparing the block layer for future sysfs handling changes.",0,0,4,0,,,,,,,,,59.521,,,,,,
46307fd6e2,ollama_gpt-oss_120b,4,"The patch removes an unnecessary spinlock around kernfs_walk_and_get, adds a lock‑free helper for default hierarchy cgroup lookup, and adjusts assertions, fixing a bug where a sleeping function was called while holding css_set_lock.",4,0,0,0,,,,,,,,,69.711,,,,,,
463be3cb35,ollama_gpt-oss_120b,4,"Adds the rockchip,enable-strobe-pulldown property to the emmc_phy node in the NanoPi4 device tree, re‑enabling the internal pull‑down for the strobe line that was previously disabled and caused HS400 I/O errors.",4,0,0,0,,,,,,,,,58.856,,,,,,
4665770407,ollama_gpt-oss_120b,4,"The commit extends the fsl_sai driver header to include DSD audio formats (DSD_U8, DSD_U16_LE, DSD_U32_LE) by adding corresponding format bits to the supported format mask.",0,0,0,4,,,,,,,,,62.572,,,,,,
466c1e6d05,ollama_gpt-oss_120b,4,"Adds proper cleanup on error paths in the sun8i_a83t MIPI CSI2 driver: resources_setup now releases exclusive clock and returns error, and probe now calls resources_cleanup on failure, preventing leaks.",4,0,0,0,,,,,,,,,69.81,,,,,,
470308d9d2,ollama_gpt-oss_120b,4,"The patch renames several GPIO-related macros in gpio-f7188x.c by adding a f7188x_ prefix, updating all uses accordingly. This cleans the driver’s macro namespace without altering functionality.",0,0,4,0,,,,,,,,,66.326,,,,,,
48bff1053c,ollama_gpt-oss_120b,3,"Adds a best‑effort call to try_to_generate_entropy() in urandom_read when the CRNG is not ready, allowing the RNG to become initialized automatically on fast‑counter architectures, improving safety without making it mandatory.",0,4,0,0,,,,,,,,,65.601,,,,,,
4919d3eb2e,ollama_gpt-oss_120b,4,"The commit reorders initialization in the rtc-cmos driver so that cmos_do_probe runs before cmos_wake_setup, ensuring the driver data is set before the ACPI fixed event handler is registered, preventing a NULL pointer dereference on boot.",4,0,0,0,,,,,,,,,69.208,,,,,,
4967a7803c,ollama_gpt-oss_120b,4,"Corrects a spelling mistake in the MODULE_PARM_DESC string of the ioat DMA driver, changing ""idel"" to ""idle"" without altering code logic.",0,0,3,0,,,,,,,,,52.293,,,,,,
49fd9b6df5,ollama_gpt-oss_120b,4,"Updates comments and renames identifiers in mm/vmscan.c from 'page' to 'folio' to reflect the recent conversion of shmem handling to the folio abstraction, fixing inaccurate documentation and aligning code naming.",0,0,4,0,,,,,,,,,78.598,,,,,,
4b2b4370a8,ollama_gpt-oss_120b,4,"Updates the AD5380 I2C driver to use the newer .probe_new() callback, removing the i2c_device_id argument and fetching the ID via i2c_client_get_device_id, and adjusts the driver struct accordingly.",0,0,4,0,,,,,,,,,59.408,,,,,,
4b9f8ce4d5,ollama_gpt-oss_120b,4,"Renames iscsi_conn_queue_work() to iscsi_conn_queue_xmit() across the iSCSI driver, updating call sites, exported symbol, and header to better describe its role of queuing transmissions only.",0,0,4,0,,,,,,,,,86.886,,,,,,
4ccc6db090,ollama_gpt-oss_120b,4,"The patch replaces the atomic_long_cmpxchg loop with atomic_long_try_cmpxchg in __io_account_mem, removing an unnecessary compare and move, simplifying code while keeping behavior unchanged.",0,0,4,0,,,,,,,,,91.074,,,,,,
4d26ba671e,ollama_gpt-oss_120b,4,"The commit removes now‑redundant validation and fwspec‑freeing code from various IOMMU release_device implementations, because release_device is only invoked after successful probe and core code handles fwspec cleanup.",0,0,4,0,,,,,,,,,72.867,,,,,,
4d2a3c169b,ollama_gpt-oss_120b,4,"The patch corrects a misspelled word in comments of three QIB driver source files, changing 'postion' to 'position' without altering any code logic.",0,0,4,0,,,,,,,,,42.254,,,,,,
4d352eb91a,ollama_gpt-oss_120b,4,"Adds '#reset-cells' property with const 1 to MT8192 and MT8195 sys-clock device‑tree binding YAML files, documenting reset cell count for infra_ao reset.",0,0,0,4,,,,,,,,,80.673,,,,,,
4d40ceef47,ollama_gpt-oss_120b,4,"Adds PCI device ID 0x3b57 to the HDA driver, enabling HDMI/DP audio on that Intel chipset by reusing existing driver capabilities.",4,0,0,0,,,,,,,,,61.306,,,,,,
4d8f52ac5f,ollama_gpt-oss_120b,4,The patch corrects how the self‑test clocksource‑switch harness interprets the return value of system(): it now uses WIFEXITED/WEXITSTATUS to propagate child errors instead of returning the raw waitpid status.,4,0,0,0,,,,,,,,,89.39,,,,,,
4dc84c06a3,ollama_gpt-oss_120b,4,"Adds tx_push support to ethtool ring parameter APIs, updating docs, kernel structs, netlink definitions, and handling code so users can get/set tx_push via ethtool -G/g.",0,0,0,4,,,,,,,,,74.929,,,,,,
4dd9989164,ollama_gpt-oss_120b,4,"Removes an unnecessary 'return;' from a void function in the VIA HDA driver, cleaning up the code.",0,0,4,0,,,,,,,,,59.422,,,,,,
4df002d908,ollama_gpt-oss_120b,4,"The patch makes rcuscale independent of the RCU Tasks subsystem by conditionally compiling the tasks_ops code and removing the Kconfig dependency, updating test configs accordingly, thus avoiding unnecessary inclusion of RCU Tasks in PREEMPT_NONE kernels.",0,0,4,0,,,,,,,,,73.333,,,,,,
4e05a4b329,ollama_gpt-oss_120b,4,"Adds checks for rxe_get() in tasklet functions to return -EAGAIN when the qp reference cannot be obtained, preventing use of a qp whose refcount has dropped.",0,4,0,0,,,,,,,,,89.032,,,,,,
4e0c19fcb8,ollama_gpt-oss_120b,4,"Introduces dsa_switch_teardown_tag_protocol that calls tag_ops->disconnect to free tagger-owned storage during switch teardown, and invokes it from dsa_switch_teardown, fixing a leak that occurred on driver unbind.",4,0,0,0,,,,,,,,,62.347,,,,,,
4e5bc0a9a1,ollama_gpt-oss_120b,4,"The patch changes the io_kiocb structure to replace the existing hlist_node with a union that can hold either the original hash node or two new 64‑bit fields (extra1, extra2). These fields are used to store additional return values required for the CQE32 feature in io_uring.",0,0,0,4,,,,,,,,,68.608,,,,,,
4ec25b49f4,ollama_gpt-oss_120b,4,"The patch modifies the BPF self‑test script to generate unique temporary network‑namespace names with mktemp, replacing hard‑coded names, and updates all references accordingly, preventing name collisions.",0,0,4,0,,,,,,,,,77.348,,,,,,
4efb98e963,ollama_gpt-oss_120b,3,"The patch refactors the calculation of the module list size in audioreach_alloc_graph_pkt, removing a separate division and computing the size incrementally within the container loop, then aligning the total.",0,0,4,0,,,,,,,,,59.246,,,,,,
4f03dcc6b9,ollama_gpt-oss_120b,4,"Adds a sanity check that prevents DSA master network devices from being linked to unknown upper interfaces, allowing only DSA slave uppers or bridge masters, to enforce correct topology for LAGs.",0,4,0,0,,,,,,,,,65.353,,,,,,
4f3701fc59,ollama_gpt-oss_120b,4,"Adds qca8k_bulk_read/write helpers that use the management Ethernet path for bulk register access, and updates the FDB read/write code to use these helpers, reducing the register count from 4 to 3.",0,0,4,0,,,,,,,,,72.934,,,,,,
4f57332d6a,ollama_gpt-oss_120b,4,"Adds a workqueue and mutex to query VHCA state and probe active Subfunctions (SFs) during driver initialization, fixing a regression where SFs were not recreated after driver reload.",4,0,0,0,,,,,,,,,59.1,,,,,,
4f9f531e15,ollama_gpt-oss_120b,4,"Replace custom qed_set_coherency_mask with dma_set_mask_and_coherent, remove dead code, and simplify driver initialization in the qed driver.",0,0,4,0,,,,,,,,,55.853,,,,,,
4fb35936a3,ollama_gpt-oss_120b,4,"Adds a Kconfig option and Makefile entries to enable building of the AMD RPL platform ACP6x audio driver, including a new Makefile for the driver source.",0,0,0,4,,,,,,,,,62.559,,,,,,
507f788d05,ollama_gpt-oss_120b,4,"Updates arch/arm64/lib/strcmp.S by importing the latest upstream Arm Optimized Routines version, adding Memory Tagging Extension (MTE) support, adjusting big‑endian handling, register usage, and updating licensing.",0,0,0,4,,,,,,,,,73.453,,,,,,
5099478e43,ollama_gpt-oss_120b,4,"The commit changes LPFC driver VMID handling to derive registration flags from fabric (FLOGI_ACC) parameters instead of static module parameters, adding a new flag and updating code paths that check priority tagging.",4,0,0,0,,,,,,,,,87.44,,,,,,
50a7d025ca,ollama_gpt-oss_120b,4,"Adds dedicated interrupt handlers for RAS poison creation and UMC errors, and updates the main RAS interrupt handler to dispatch to them, separating poison‑creation handling from UMC handling.",0,0,0,4,,,,,,,,,71.777,,,,,,
50cfde3349,ollama_gpt-oss_120b,4,"Updates the maintainer list in the rockchip,rk3395-cru.yaml binding, replacing a former author with the current Rockchip clock maintainer.",0,0,4,0,,,,,,,,,88.886,,,,,,
50f094a558,ollama_gpt-oss_120b,4,"The patch stops ext4 from incrementing the i_version counter for EA inodes, which use i_version to store part of their reference count, fixing a regression observed in xfstest ext4/026 when iversion is enabled.",4,0,0,0,,,,,,,,,70.643,,,,,,
512865d83f,ollama_gpt-oss_120b,4,"Adds support for PSCI version 1.1 in KVM on arm64 by defining a new constant, updating the latest version macro, implementing a generic call handler with a minor version argument, and exposing the version through PSCI_VERSION to guests.",0,0,0,4,,,,,,,,,69.064,,,,,,
5192e395c5,ollama_gpt-oss_120b,4,"Replace strlcpy calls with strscpy in several misc drivers where the return value is unused, following kernel coding guidance.",0,0,4,0,,,,,,,,,61.713,,,,,,
51cd31ae20,ollama_gpt-oss_120b,4,"The commit replaces the old .txt pinctrl binding documentation for Qualcomm MSM8960 with a new .yaml file that follows the DT schema, keeping the same semantics but updating format and naming conventions.",0,0,2,0,,,,,,,,,62.141,,,,,,
51e76a232f,ollama_gpt-oss_120b,4,"Adds a call to put_mount_options(sbi->options) in ntfs_fill_super() error handling, freeing mount options when superblock initialization fails, eliminating a kmemleak reported by syzbot.",4,0,0,0,,,,,,,,,50.0,,,,,,
526e6ca5d1,ollama_gpt-oss_120b,3,"The patch removes a call that sends SMU_MSG_EnableGfxImu when enabling system features, because this message is already sent elsewhere. It keeps only the unload message when disabling and not in s0ix, eliminating a redundant firmware command.",4,0,0,0,,,,,,,,,106.097,,,,,,
528ef2d996,ollama_gpt-oss_120b,4,"Adds a macro DEFINE_DAMON_MODULES_DAMOS_STATS_PARAMS that generates module parameters for DAMON statistics, consolidating duplicated code in DAMON_RECLAIM and DAMON_LRU_SORT.",0,0,4,0,,,,,,,,,73.036,,,,,,
534bd70374,ollama_gpt-oss_120b,4,"The commit corrects the CC_HAS_ASM_GOTO_TIED_OUTPUT Kconfig test by removing an embedded newline that caused a syntax error when /bin/sh is dash, ensuring the test correctly detects compiler support.",4,0,0,0,,,,,,,,,58.774,,,,,,
537f8ffbdf,ollama_gpt-oss_120b,4,"The patch deletes duplicated MT8195 mutex register definitions and updates the mt8195 driver data to reuse the existing MT8183 definitions, adjusting the struct accordingly.",0,0,4,0,,,,,,,,,78.605,,,,,,
546a5d6122,ollama_gpt-oss_120b,4,"Adds a guard in ceph_mds_client to stop retrying a request after the retry count exceeds the 8‑bit limit (256), preventing overflow of the MDS retry sequence and returning -EMULTIHOP.",0,4,0,0,,,,,,,,,60.183,,,,,,
54739cc6b4,ollama_gpt-oss_120b,4,"Renames several io_uring request handler functions to follow a consistent naming scheme (prep vs issue) and updates all call sites accordingly, without altering logic.",0,0,4,0,,,,,,,,,58.107,,,,,,
550842cc60,ollama_gpt-oss_120b,4,"Adds a NULL check around DLM connection cleanup in ocfs2_dlm_shutdown and always calls the shutdown routine, preventing a kernel crash when mount fails and no DLM resource was initialized.",4,0,0,0,,,,,,,,,64.645,,,,,,
552b7cb0ee,ollama_gpt-oss_120b,4,"The commit relocates the entire 'calcs' subdirectory into the 'dml' directory, updates Makefiles to reflect the new location, deletes the old calcs Makefile, and adjusts compile flags. No code logic is changed; the change is purely structural to isolate FPU code.",0,0,4,0,,,,,,,,,81.059,,,,,,
560f7736b9,ollama_gpt-oss_120b,3,"Adds a defensive re‑lookup of the data attribute when layout changes cause attr_b to become NULL, handling errors and marking the inode bad, fixing a crash in fragmented cases.",4,0,0,0,,,,,,,,,68.928,,,,,,
5614dc3a47,ollama_gpt-oss_120b,4,"The patch fixes a memory leak in Btrfs backref walking. It introduces free_leaf_list to release inode lists attached to ulist nodes before freeing the ulist, and replaces the previous ulist_free call in resolve_indirect_refs error handling.",4,0,0,0,,,,,,,,,64.936,,,,,,
562f5bc48a,ollama_gpt-oss_120b,4,"The patch corrects a duplicated phrase in a comment within spte.h, changing ""be split be split"" to ""be split"" without altering code logic.",0,0,4,0,,,,,,,,,71.184,,,,,,
569c746b8a,ollama_gpt-oss_120b,4,"Adds a static helper create_pidcomm in perf's timechart tool to centralize allocation and list‑linking of per_pidcomm structures, and replaces duplicated code with calls to this helper.",0,0,4,0,,,,,,,,,70.473,,,,,,
570a4bf744,ollama_gpt-oss_120b,4,"Fixes a rare bug in the RXE RDMA driver where read_reply() could use a NULL memory region (mr) during replay, causing the rping benchmark to fail. Adds a recheck of the MR when res->replay is true and returns an error if invalid.",4,0,0,0,,,,,,,,,67.251,,,,,,
571650b3a3,ollama_gpt-oss_120b,4,"The patch clears regulator_init_data when registering the vsys regulator, because that init_data is only for the vbus regulator. This prevents duplicate consumer supply names that caused regulator_register to fail, fixing the driver probe.",4,0,0,0,,,,,,,,,61.116,,,,,,
577be05c89,ollama_gpt-oss_120b,4,"Ensures migrate_pages correctly handles -ENOSYS from THP/hugetlbfs migration by moving failed THP pages to ret_pages, preventing double counting and making error handling consistent.",4,0,0,0,,,,,,,,,75.282,,,,,,
57ded5fc98,ollama_gpt-oss_120b,4,"Adds runtime‑PM wakeref handling in i915_pxp_tee_component_unbind so that intel_pxp_fini_hw runs with a held wakelock, fixing the ""RPM wakelock ref not held during HW access"" warning during shutdown.",4,0,0,0,,,,,,,,,79.615,,,,,,
5877b7ddbc,ollama_gpt-oss_120b,4,The commit swaps the numeric values of PSP_BL__LOAD_DBGDRV and PSP_BL__LOAD_INTFDRV in the PSP bootloader command enum to align them with the definitions used in the trusted OS.,4,0,0,0,,,,,,,,,74.089,,,,,,
58e0be1ef6,ollama_gpt-oss_120b,4,"Changes IP/IPv6 header copy helpers to use __struct_group, fixing incorrect memcpy that caused compiler overflow warnings and aligning UAPI structs accordingly.",4,0,0,0,,,,,,,,,59.421,,,,,,
590a8e564c,ollama_gpt-oss_120b,4,"Adds a flag to track aborted in‑progress CEC transmits and updates transmit handling logic to avoid retries and buffer overwrites, fixing data corruption when a transmit is cancelled.",4,0,0,0,,,,,,,,,73.853,,,,,,
593c5ba288,ollama_gpt-oss_120b,4,"Adds Justin Chen as a maintainer for three Broadcom USB driver sections in the MAINTAINERS file, replacing Al Cooper as internal maintainer.",0,0,4,0,,,,,,,,,65.92,,,,,,
59915143e8,ollama_gpt-oss_120b,4,"The commit extracts all timeout‑related structures, functions, and logic from io_uring.c into a new file timeout.c (with header timeout.h), updates the Makefile to compile it, and adds necessary prototypes, reorganizing the code without changing runtime behavior.",0,0,4,0,,,,,,,,,83.783,,,,,,
59a811faa7,ollama_gpt-oss_120b,4,"The patch renames the driver‑specific structure udl_drm_connector to udl_connector, updates all its usages, introduces a to_udl_connector helper macro for upcasting, and adjusts header includes. No functional behavior is changed.",0,0,4,0,,,,,,,,,64.265,,,,,,
5a0893088a,ollama_gpt-oss_120b,4,"The patch deletes two unused extern declarations of __arch_set_user_pkey_access from arch/x86/include/asm/pkeys.h, eliminating dead code that was never defined or referenced.",0,0,4,0,,,,,,,,,80.262,,,,,,
5a420ed964,ollama_gpt-oss_120b,4,"The patch deletes the static helper functions reg_from_user and reg_to_user in arch/arm64/kvm/sys_regs.c and replaces their usage with the standard get_user/put_user macros, simplifying the code without changing its behavior.",0,0,4,0,,,,,,,,,62.238,,,,,,
5a48b7433a,ollama_gpt-oss_120b,4,"The commit modifies the DSA documentation file, fixing typographical errors, grammar, and punctuation to improve readability; it does not alter any kernel code or behavior.",0,0,4,0,,,,,,,,,65.996,,,,,,
5a5866c28b,ollama_gpt-oss_120b,4,"Updates Documentation/process/changes.rst, replacing the hard‑coded ""4.x"" kernel version with the generic term ""current"" so the document stays accurate for future kernel releases.",0,0,4,0,,,,,,,,,73.84,,,,,,
5a709a46e4,ollama_gpt-oss_120b,4,Removes the unnecessary mutex lock/unlock around the bvalid IRQ handler in the Rockchip USB2 PHY driver because clearing the IRQ is atomic.,0,0,4,0,,,,,,,,,77.044,,,,,,
5b2c5540b8,ollama_gpt-oss_120b,4,"Aligns tcp_bpf_recvmsg_parser error handling with the TCP stack, adding checks for socket state, errors, shutdown, and timeouts to return correct error codes.",4,0,0,0,,,,,,,,,44.716,,,,,,
5b3dc949f5,ollama_gpt-oss_120b,4,"The patch updates alcor_pci driver to use ida_alloc/ida_free instead of deprecated ida_simple_get/remove and adds a missing ida_free call in the probe error path when pci_request_regions fails, ensuring the allocated ID is released and fixing a resource‑leak bug.",4,0,0,0,,,,,,,,,62.443,,,,,,
5b45b1c8b8,ollama_gpt-oss_120b,4,"Reverts a recent change that populated the DCN315 clock table using DCFCLK values, because when DCFCLK states are disabled the firmware provides empty entries, leading to underflow. Restores previous logic that avoids using those values.",4,0,0,0,,,,,,,,,79.086,,,,,,
5bd8d53f6f,ollama_gpt-oss_120b,4,"Adds a debugfs file amdgpu_reset_level, defines reset level bits, stores a mask in amdgpu_device, and uses it to enable/disable mode2 and soft‑recovery resets, defaulting to soft‑recovery only.",0,0,0,4,,,,,,,,,75.201,,,,,,
5bfa685e62,ollama_gpt-oss_120b,4,Fixes incorrect reporting of pending state for level‑mapped hardware interrupts in KVM's VGIC by reading the physical distributor state instead of the virtual state.,4,0,0,0,,,,,,,,,62.845,,,,,,
5c190e5394,ollama_gpt-oss_120b,4,"Replace direct bitwise operations with REG_FIELD_PREP and REG_FIELD_GET macros for PLANE_WM_BLOCKS_MASK in write and read functions, improving correctness and consistency.",0,0,4,0,,,,,,,,,72.519,,,,,,
5c8dca9740,ollama_gpt-oss_120b,4,"Removes an unnecessary forward declaration of struct seq_file from include/linux/pwm.h, which was only required before a prior commit dropped the per‑chip dbg_show callback. No functional behavior is altered.",0,0,4,0,,,,,,,,,78.128,,,,,,
5cb76899fb,ollama_gpt-oss_120b,4,"The patch refactors ipa_table_init_add() to take only two boolean flags (filter, ipv6) instead of opcode and memory IDs, computes opcode and memory regions internally via ipa_table_mem(), and updates all call sites accordingly. It also guards against missing hashed tables.",0,0,4,0,,,,,,,,,85.571,,,,,,
5cf2c75b5b,ollama_gpt-oss_120b,4,"The patch extracts all devlink‑related functions and definitions from net/dsa/dsa.c and dsa2.c, places them into new files net/dsa/devlink.c and devlink.h, updates the Makefile to build devlink.o, and removes the duplicated code, thereby cleaning up the DSA core files.",0,0,4,0,,,,,,,,,90.756,,,,,,
5d543f13e2,ollama_gpt-oss_120b,4,"Fixes a race in NR_FILE_MAPPED accounting for huge pages by initializing nr to 0 and moving __mod_lruvec_page_state() calls so updates are not missed, preventing spurious growth in /proc/meminfo.",4,0,0,0,,,,,,,,,87.451,,,,,,
5d7943d99d,ollama_gpt-oss_120b,3,"Adds an issue_flags argument to io_try_cancel, io_poll_cancel and related functions, propagating whether the uring lock is held, and passes the appropriate flag from timeout handling. This enables correct lock handling during poll cancellation.",4,0,0,0,,,,,,,,,91.088,,,,,,
5dc6ce767d,ollama_gpt-oss_120b,4,"Adds the Renesas RZ/V2L (r9a07g054) Mali‑G31 GPU compatible string to the arm,mali-bifrost devicetree binding documentation and updates the schema to accept it.",0,0,3,0,,,,,,,,,80.906,,,,,,
5f24d5a579,ollama_gpt-oss_120b,4,"Adds support for “high” userspace addresses in hugetlbfs by using arch_get_mmap_end/base macros and moving their default definitions to sched/mm.h, fixing a regression where hugetlb_get_unmapped_area could return addresses above the allowed range on ARM64.",4,0,0,0,,,,,,,,,66.755,,,,,,
5f334d88c2,ollama_gpt-oss_120b,4,"The patch updates perf's printing code to pass a struct outstate pointer through various helper functions, changing signatures and call sites. It adjusts iostat and stat-display files to use the new argument, removing local struct constructions. No new functionality or bug fix is introduced.",0,0,4,0,,,,,,,,,59.781,,,,,,
5f8981d699,ollama_gpt-oss_120b,4,"The commit corrects diagnostic messages in the Habana Labs drivers by converting firmware-provided 32‑bit values from little‑endian to CPU endianness with le32_to_cpu() and prints the consumer index using %d after atomic_read(), fixing inaccurate log output for out‑of‑sync and packet‑failure events.",4,0,0,0,,,,,,,,,59.317,,,,,,
5fd6c4f0a6,ollama_gpt-oss_120b,4,"Adds support for AMD platforms by introducing an ACPI device ID table and linking it to the ucsi_ccg I2C driver, enabling enumeration of Cypress CCGX PD controllers via the system I2C controller.",0,0,0,4,,,,,,,,,69.027,,,,,,
602a4eda68,ollama_gpt-oss_120b,4,"Updates the aer-inject download URL in Kconfig and source comment to a current repository, fixing broken documentation links.",0,0,4,0,,,,,,,,,73.101,,,,,,
6076dc349b,ollama_gpt-oss_120b,4,"Introduces do_patch_entry_fixups() to replace duplicated loops that patch entry fixup instructions in several functions, updating calls accordingly. No functional change, only code consolidation.",0,0,4,0,,,,,,,,,60.923,,,,,,
607c04a044,ollama_gpt-oss_120b,3,"The commit updates the MMP DMA driver to read the new ""dma-channels"" DT property, falling back to the deprecated ""#dma-channels"" for compatibility, and sets a default if neither is present.",0,0,4,0,,,,,,,,,62.408,,,,,,
609cc5e1a8,ollama_gpt-oss_120b,5,The commit clearly updates the Mediatek clock driver infrastructure to use the newer `clk_hw_onecell_data` API instead of the older `clk_onecell_data`. All changes are systematic and well‑documented across the affected files.,2,2,2,0,,,,,,,,,88.444,,,,,,
60b3c27fb9,ollama_gpt-oss_120b,4,"Renames the DesignWare PCIe port structure from pcie_port to dw_pcie_rp across the driver, updating all declarations, definitions and function signatures for naming consistency.",0,0,4,0,,,,,,,,,78.797,,,,,,
60f6fe665e,ollama_gpt-oss_120b,3,Updates the DCN315 clock manager to build its bandwidth/clock table from DCFCLK instead of FCLK and adds checks so an empty PMFW table does not produce invalid clocks.,3,0,0,0,,,,,,,,,71.759,,,,,,
610b17b05c,ollama_gpt-oss_120b,4,"Adds a missing @ab parameter description to the kernel-doc comment of dump_common_audit_data, eliminating documentation warnings.",0,0,4,0,,,,,,,,,57.945,,,,,,
6124cec530,ollama_gpt-oss_120b,4,"Fixes a typo in the sc8180x GPIO wake IRQ map where gpio37 was assigned the same wakeirq number as gpio36, preventing its interrupts. The entry is changed from 43 to 44, restoring proper interrupt functionality.",4,0,0,0,,,,,,,,,61.487,,,,,,
616c4a83b6,ollama_gpt-oss_120b,4,"The patch only modifies a comment in drivers/net/ipa/gsi_trans.c, removing a reference to allocating command‑info entries that are no longer allocated. No functional code is changed.",0,0,4,0,,,,,,,,,71.501,,,,,,
617a0d9fe6,ollama_gpt-oss_120b,4,"Removes the regulator-always-on flag from the LDO2 node in the at91-sama5d27_wlsom1 device tree, preventing the regulator from being forced on at boot because no consumer uses it.",4,0,0,0,,,,,,,,,60.341,,,,,,
618f5df1f6,ollama_gpt-oss_120b,4,"The patch lowers the severity of a diagnostic in i915 uncore code from a WARN to a debug message, because the WARN was triggered for harmless cases introduced by a previous commit.",4,0,0,0,,,,,,,,,72.177,,,,,,
619064afa9,ollama_gpt-oss_120b,4,"Refactors KVM ARM64 VGIC attribute handling by moving common get/set calls into the default switch case, consolidating pending table handling, and deduplicating register access functions, resulting in cleaner, more maintainable code.",0,0,4,0,,,,,,,,,62.595,,,,,,
61a9fa154d,ollama_gpt-oss_120b,4,"The patch changes the variable ret in tve200_modeset_init from being implicitly zero‑initialized to being explicitly set to -EINVAL before the error‑handling goto, removing an smatch warning about an ambiguous return value.",4,0,0,0,,,,,,,,,62.566,,,,,,
6215a7c8f5,ollama_gpt-oss_120b,4,Adds support for a newly identified ADL‑S GPU by inserting its PCI identifier (0x468B) into the i915 driver's PCI ID table.,0,0,0,4,,,,,,,,,74.426,,,,,,
63198aaa91,ollama_gpt-oss_120b,4,"The patch removes the use of the __func__ macro from dev_dbg calls in the Intel SoundWire driver, replacing them with static text strings, simplifying debug messages.",0,0,4,0,,,,,,,,,61.123,,,,,,
632d069852,ollama_gpt-oss_120b,4,"Updates self‑refresh timing parameters (sr_exit_time_us, sr_enter_plus_exit_time_us) in watermark tables for DDR5, LPDDR5 and FPU structures to match hardware‑requested values for DCN314.",4,0,0,0,,,,,,,,,65.805,,,,,,
6344e66970,ollama_gpt-oss_120b,4,"The patch makes the vfs_setxattr() value argument const-correct, updates its prototype, adjusts callers (overlayfs and cap conversion) to remove unnecessary casts, and updates the header. It reflects a code‑quality improvement after translation handling was moved out of vfs_setxattr.",0,0,4,0,,,,,,,,,64.542,,,,,,
635dcd1684,ollama_gpt-oss_120b,4,"Updates thunderbolt driver KUnit tests to use the new kunit_test_suite() macro, removes old test init/exit functions, and adjusts Kconfig to enable tests when KUNIT_ALL_TESTS is set.",0,0,4,0,,,,,,,,,89.326,,,,,,
63c34cb4c6,ollama_gpt-oss_120b,4,"Adds a helper that asserts no ordered extents exist in a given inode range and integrates it into fallocate, hole punching, zero range and reflink paths to catch unexpected ordered extents.",0,4,0,0,,,,,,,,,74.205,,,,,,
6407cf5332,ollama_gpt-oss_120b,4,"Rewrites i915 selftest threads to use kthread_worker/kthread_work instead of kthread_stop(), avoiding signal‑assertion failures introduced by recent kthread_stop() changes.",4,0,0,0,,,,,,,,,73.761,,,,,,
6440a6c23f,ollama_gpt-oss_120b,4,"Adds command‑line options to the xdpsock sample allowing users to specify destination and source MAC addresses for transmitted packets, parses them, stores in static structs, and uses them when building Ethernet headers.",0,0,0,4,,,,,,,,,47.826,,,,,,
647df0d41b,ollama_gpt-oss_120b,4,"Changes the printk format specifier in xgbe driver from %hx to %x to match the promoted int type, eliminating a clang -Wformat warning.",0,0,4,0,,,,,,,,,85.357,,,,,,
64ac0befe7,ollama_gpt-oss_120b,4,"The patch casts the upper bound of the branch offset check to long, ensuring a signed comparison and preventing false WARN_ON triggers for negative offsets in MIPS jump label handling.",4,0,0,0,,,,,,,,,80.084,,,,,,
6598b91b5a,ollama_gpt-oss_120b,4,"The patch replaces the single spi_statistics structure protected by a spinlock with per‑CPU instances using u64_stats_t and u64_stats_sync, adds allocation helpers, and updates all accesses. This removes lock contention in the SPI hot path, yielding a measurable latency reduction.",0,0,4,0,,,,,,,,,77.627,,,,,,
65b462fc7e,ollama_gpt-oss_120b,4,"Adds writes to CP and MEC interrupt control registers to enable the GENERIC0_INT field when IRQ state is enabled, allowing the RLC to receive interrupts for indirect register access.",0,0,0,4,,,,,,,,,77.757,,,,,,
65d012e415,ollama_gpt-oss_120b,4,"The commit removes the unused reg pointer from the r8a73a4_cpg struct, makes it a local variable in the init function, and updates r8a73a4_cpg_register_clock() to receive the base address as a parameter, adjusting all register reads accordingly.",0,0,4,0,,,,,,,,,80.878,,,,,,
65ea840afd,ollama_gpt-oss_120b,4,"The commit corrects error handling in s10_ops_write_init(): it replaces a NULL check with IS_ERR() and returns the proper error code using PTR_ERR(), because stratix10_svc_allocate_memory() returns ERR_PTR on failure.",4,0,0,0,,,,,,,,,61.602,,,,,,
672d6ca758,ollama_gpt-oss_120b,4,"Adds a workaround that reloads eDP link rates from the sink when the Parade PS8461E MUX loses its cached rates, preventing unstable high link rates during link training.",4,0,0,0,,,,,,,,,60.981,,,,,,
67ec2c75f3,ollama_gpt-oss_120b,4,"Replaces hand‑written swaps of DMA descriptor pointers with the generic swap() macro, removing temporary variables and simplifying the queue_dma function in net2280 USB gadget driver.",0,0,4,0,,,,,,,,,54.887,,,,,,
67fda6c2df,ollama_gpt-oss_120b,4,"The patch removes the HW_VAR_H2C_FW_P2P_PS_OFFLOAD case from SetHwReg8188EU(), calls rtl8188e_set_p2p_ps_offload_cmd() directly in the callers, and deletes the corresponding enum entry, simplifying the driver code.",0,0,4,0,,,,,,,,,86.285,,,,,,
690b2549b1,ollama_gpt-oss_120b,4,"Adds a validation check in the i2c-ismt driver to cap the user‑provided block length to I2C_SMBUS_BLOCK_MAX, returning -EINVAL if exceeded, preventing out‑of‑bounds writes to the DMA buffer.",4,0,0,0,,,,,,,,,60.177,,,,,,
6961b5e028,ollama_gpt-oss_120b,4,"The patch fixes a naming collision in NVMe block devices when multipath is enabled and namespaces are shared. It initializes the 'shared' flag in nvme_ns_head before allocation, passing it via a new argument to nvme_alloc_ns_head, ensuring nvme_is_unique_nsid() works correctly.",4,0,0,0,,,,,,,,,61.824,,,,,,
696c390115,ollama_gpt-oss_120b,4,"Adds BPF selftests for __user pointer tags, introducing new test programs and harness code to verify that such accesses are rejected by the verifier.",0,0,0,4,,,,,,,,,75.841,,,,,,
6a0abf8ff9,ollama_gpt-oss_120b,4,"The commit removes the SAVEKMSG_MAGIC1 and SAVEKMSG_MAGIC2 entries from the magic-number documentation (and translations) because they are not true magic numbers, correcting the documentation.",0,0,4,0,,,,,,,,,61.28,,,,,,
6a47a16dce,ollama_gpt-oss_120b,4,"Changes tfp410_fini() to return void instead of int, updates remove callbacks to ignore the return value and return 0, cleaning up API because the function always succeeded; also notes future change for i2c/platform remove callbacks.",0,0,4,0,,,,,,,,,72.271,,,,,,
6a6f457ed5,ollama_gpt-oss_120b,4,Adds a null‑pointer check for sta->rates in mt7615_sta_rate_tbl_update to avoid dereferencing a NULL pointer when minstrel_ht_update_rates fails to allocate the rates array.,4,0,0,0,,,,,,,,,68.447,,,,,,
6b2748ada2,ollama_gpt-oss_120b,4,"Adds a new devicetree binding YAML file describing the LoongArch CPU interrupt controller, documenting its compatible string, interrupt cells, and example usage.",0,0,4,0,,,,,,,,,66.707,,,,,,
6c1f41afc1,ollama_gpt-oss_120b,4,"The patch adjusts batman-adv's handling of iflink indices, recognizing that ifindex values are not unique across network namespaces and adding explicit checks for iflink == 0 and self‑referencing links to stop recursion correctly.",4,0,0,0,,,,,,,,,61.281,,,,,,
6c98ac4212,ollama_gpt-oss_120b,4,"Adds an INV flag for inverted MFSEL bits, updates pin configuration for scs3 and kbcc pins to include this flag, and modifies wpcm450_update_mfsel to invert the value when the flag is set, correcting the driver’s handling of those pins.",4,0,0,0,,,,,,,,,60.928,,,,,,
6cc2714e85,ollama_gpt-oss_120b,4,The commit corrects a compile‑time size check in the Mellanox kTLS TX driver by replacing the wrong constant TLS_OFFLOAD_CONTEXT_SIZE_TX with the proper TLS_DRIVER_STATE_SIZE_TX in a BUILD_BUG_ON assertion.,4,0,0,0,,,,,,,,,62.314,,,,,,
6ccaaf59c3,ollama_gpt-oss_120b,4,"Adds a const qualifier to the 'path' parameter of do_sys_name_to_handle, making the function treat the argument as read‑only.",0,0,4,0,,,,,,,,,69.959,,,,,,
6d9b32fb3e,ollama_gpt-oss_120b,4,"The commit replaces explicit dev_err() handling with dev_err_probe() in the Qualcomm QMP UFS PHY probe function, simplifying error reporting and automatically handling -EPROBE_DEFER by setting a defer reason for debugfs.",0,0,4,0,,,,,,,,,61.044,,,,,,
6dd3be6923,ollama_gpt-oss_120b,4,"The patch removes a duplicated word in a comment within bcache.h, changing ""we we"" to ""we"". No code logic or behavior is altered.",0,0,4,0,,,,,,,,,58.825,,,,,,
6ddf5f165f,ollama_gpt-oss_120b,4,"Implements a new GETVXATTR operation in the Ceph client, adding a function to request virtual xattrs from the MDS, parsing its reply, updating operation tables, and integrating it into the generic getxattr handling.",0,0,0,4,,,,,,,,,80.741,,,,,,
6e1e59c1ca,ollama_gpt-oss_120b,4,"The commit deletes the unused irq_prepare_beacon_tasklet field from struct recv_priv in the r8188eu driver, cleaning up dead code.",0,0,4,0,,,,,,,,,63.692,,,,,,
6e1ff1459e,ollama_gpt-oss_120b,4,"Adds support for a separate headphone‑enable GPIO on the Intel SOF ES8336 board driver. Introduces a new quirk flag, GPIO descriptor, ACPI mappings, and logic to drive the headphone GPIO alongside the speaker GPIO.",0,0,0,4,,,,,,,,,67.295,,,,,,
6e87c8f074,ollama_gpt-oss_120b,4,"Adds support for Qualcomm SM6125 display clock controller by adding a Kconfig option, Makefile entry, and a new driver file that defines clocks, PLLs, and power domains, allowing display drivers to probe and control clocks on SM6125 devices.",0,0,0,4,,,,,,,,,65.642,,,,,,
6eaf08770e,ollama_gpt-oss_120b,4,"Adds a runtime warning in acpi_ex_system_do_sleep when the requested sleep exceeds 10 ms, alerting firmware developers to excessive delays that can affect boot time.",0,0,4,0,,,,,,,,,75.79,,,,,,
6ee3c393ee,ollama_gpt-oss_120b,4,"The commit modifies batman‑adv's hard‑interface code to replace an error log about a missing parent device with a warning and clearer text, because the condition is only a skipped sanity check, not a failure.",0,0,4,0,,,,,,,,,70.428,,,,,,
6f3c9dbb65,ollama_gpt-oss_120b,4,Adds a null-pointer guard in amdgpu_smu_stb_debug_fs_init to avoid dereferencing the SMU context when the SMU block is not enabled.,4,0,0,0,,,,,,,,,78.095,,,,,,
6fb271f1bc,ollama_gpt-oss_120b,4,"Adds a conditional restart of the NVMe admin queue after aborting outstanding I/Os; when start_queues is true the admin queue is re‑started, fixing a situation where the controller could not handle admin requests and caused I/O hangs.",4,0,0,0,,,,,,,,,71.914,,,,,,
6fd1d51cfa,ollama_gpt-oss_120b,4,"Adds SO_RCVMARK socket option to expose SO_MARK as ancillary data on recvmsg, defines the constant for multiple architectures, introduces SOCK_RCVMARK flag, renames sock_recv_ts_and_drops to sock_recv_cmsgs to also send the mark, updates all callers and setsockopt/getsockopt handling.",0,0,0,4,,,,,,,,,87.095,,,,,,
700f7e2909,ollama_gpt-oss_120b,4,"The commit removes a duplicated word in a comment within rtllib_softmac.c, changing ""new new"" to ""new"" without altering any executable code.",0,0,4,0,,,,,,,,,65.583,,,,,,
7058e68c2f,ollama_gpt-oss_120b,4,"The commit removes the OMAP debug‑leds driver, its Kconfig option and Makefile entry, deleting dead code that could never be selected.",0,0,4,0,,,,,,,,,68.374,,,,,,
70868c6b8f,ollama_gpt-oss_120b,4,"The commit adjusts the underline lengths in Documentation/security/SCTP.rst to satisfy reStructuredText rules, eliminating 'title underline too short' warnings during 'make htmldocs'.",0,0,4,0,,,,,,,,,61.22,,,,,,
710c8d6c02,ollama_gpt-oss_120b,4,"Adds the static qualifier to the cavium_erratum_23154_cpus array in arch/arm64/kernel/cpu_errata.c, fixing sparse warnings about the symbol not being declared static and limiting its linkage to the file.",0,0,4,0,,,,,,,,,66.916,,,,,,
71702c495b,ollama_gpt-oss_120b,4,"The patch modifies vc4_hdmi bind to set scdc_enabled only when the hardware supports pixel clocks above HDMI 1.4, avoiding SCDC register accesses on Pi0‑3 which lack them.",4,0,0,0,,,,,,,,,64.79,,,,,,
7198cf0f1c,ollama_gpt-oss_120b,4,"Updates the lis3lv02d I2C driver to use the newer .probe_new() callback, removing the unused i2c_device_id argument and adjusting the driver struct accordingly.",0,0,4,0,,,,,,,,,65.326,,,,,,
719ca37972,ollama_gpt-oss_120b,3,"The commit updates two devicetree binding YAML files, removing interrupt flag cells from MDSS consumer nodes because the provider supplies a single cell, and adds a label to the MDSS node.",0,3,0,0,,,,,,,,,71.765,,,,,,
71feb6f901,ollama_gpt-oss_120b,4,"The patch restores proper initialization of the engine workaround list on Gen2-3 GPUs by always running the generic init path and early‑returning only inside the engine-specific helper, fixing a regression that left the list uninitialized.",4,0,0,0,,,,,,,,,62.308,,,,,,
727e60604f,ollama_gpt-oss_120b,4,"The patch deletes an outdated comment in btrfs_search_slot() that referred to obsolete locking semantics, leaving the functional code unchanged.",0,0,4,0,,,,,,,,,63.585,,,,,,
72907bff3b,ollama_gpt-oss_120b,4,"Adds definitions for two new DPCD bit fields required for PSR2 support per eDP 1.5, updating drm_dp_helper.h and fixing a typo.",0,0,0,4,,,,,,,,,71.761,,,,,,
72b3588e27,ollama_gpt-oss_120b,3,"The patch removes an unused wrapper function for HDP RAS late initialization, updates the struct to call the core init directly, and fixes the call in amdgpu_gmc to pass the proper ras interface instead of NULL.",4,0,0,0,,,,,,,,,80.349,,,,,,
72de208f2b,ollama_gpt-oss_120b,4,"The patch removes an unnecessary cast from of_device_get_match_data() in the j721e PCI driver and changes the pointer type to const, simplifying the code without altering functionality.",0,0,4,0,,,,,,,,,62.303,,,,,,
72e560cb8c,ollama_gpt-oss_120b,4,"Makes tcp_cdg_release idempotent by initializing and clearing the gradients pointer, preventing double‑free when tcp_disconnect is called on an already disconnected flow.",4,0,0,0,,,,,,,,,71.662,,,,,,
7392d87a9f,ollama_gpt-oss_120b,3,"Adds allocation support for array controls in v4l2_ctrl_ref, renames dynamic‑array fields to generic array fields, and updates related logic to enable drivers to change array sizes.",0,0,4,0,,,,,,,,,78.994,,,,,,
73ab99aad5,ollama_gpt-oss_120b,4,"Switches the Ethernet RMII clock source on DHCOM SoM from internal ETHCK_K to MCO2, updates pinctrl and RCC clock assignments, sets PLL4_P to 100 MHz and MCO2 to 50 MHz, improving SDMMC speed and reducing EMI.",0,0,0,4,,,,,,,,,76.274,,,,,,
73ad6a9dd5,ollama_gpt-oss_120b,4,"Adds WARN_ON_ONCE checks in the Qualcomm QMP PCIe PHY driver probe to verify that the configuration provides pwrdn_ctrl and phy_status masks, warning if they are absent.",0,4,0,0,,,,,,,,,60.737,,,,,,
73b4476562,ollama_gpt-oss_120b,4,"Adds an additional compatible string to the AST2600 EVB A1 device‑tree, allowing the board to be matched by drivers that look for the generic ""aspeed,ast2600-evb"" identifier.",0,0,0,4,,,,,,,,,68.846,,,,,,
74333c7d87,ollama_gpt-oss_120b,4,"Adds a lockdep assertion that the extent map tree lock is held in write mode before clearing the logging flag in clear_em_logging, ensuring proper synchronization.",0,0,4,0,,,,,,,,,70.508,,,,,,
7460ade1fc,ollama_gpt-oss_120b,4,"The patch modifies RCU‑tasks trace code to ensure the currently running task on each CPU is added to the holdout list during a grace‑period pre‑step, by passing a list_head to callbacks, adding a preparation helper, and invoking an IPI handler per CPU.",4,0,0,0,,,,,,,,,89.376,,,,,,
747c7cf159,ollama_gpt-oss_120b,3,"Updates BMA400 driver macros for scale min/max to reflect correct sensor sensitivity per LSB, adding explanatory comments.",4,0,0,0,,,,,,,,,74.817,,,,,,
7498a457ec,ollama_gpt-oss_120b,4,Fixes incorrect checksum handling for packets whose length is not a multiple of 4 by converting the extracted value to network byte order when byte swapping is disabled.,4,0,0,0,,,,,,,,,64.226,,,,,,
753df96be5,ollama_gpt-oss_120b,3,"The patch simplifies the boundary checks in find_va_links() of vmalloc.c by removing redundant comparisons, relying on the invariant that both vmap_areas have start ≤ end, resulting in fewer conditionals and cleaner code.",0,0,4,0,,,,,,,,,87.292,,,,,,
75448ff73f,ollama_gpt-oss_120b,4,"Adds a central definition for the 'linux,input-type' property in the input devicetree binding and updates existing bindings to use it, removing duplicated definitions and descriptions.",0,0,4,0,,,,,,,,,72.578,,,,,,
75554fe00f,ollama_gpt-oss_120b,4,"Changes the return type of sparx5_mact_find from bool to int in both implementation and header to reflect that the function returns error codes, correcting a type mismatch.",4,0,0,0,,,,,,,,,83.192,,,,,,
75c96ccea2,ollama_gpt-oss_120b,4,Corrects a spelling mistake in a comment of the protection_keys selftest; no functional code change.,0,0,4,0,,,,,,,,,67.471,,,,,,
7651d6b250,ollama_gpt-oss_120b,4,"Replace call_rcu with call_rcu_hurry in rcu_sync to avoid slowdown introduced by power‑saving changes to call_rcu, restoring original behavior.",4,0,0,0,,,,,,,,,64.581,,,,,,
76ee15ae1b,ollama_gpt-oss_120b,4,Adds entries for new Qualcomm SoCs and PMIC models to the socinfo driver by extending static lookup tables.,0,0,0,4,,,,,,,,,49.185,,,,,,
77072b0f4b,ollama_gpt-oss_120b,4,"Replace the multiline macro vt6655_mac_word_reg_bits_on with an equivalent function, adding its definition in mac.c and declaration in mac.h, to satisfy checkpatch style rules.",0,0,4,0,,,,,,,,,68.552,,,,,,
77b2d26805,ollama_gpt-oss_120b,4,"The patch replaces manual Tx queue pointer updates in omap_8250_dma_tx_complete with a call to uart_xmit_advance, aligning the driver with the generic UART API for better consistency and robustness.",0,0,4,0,,,,,,,,,61.294,,,,,,
77c11720a4,ollama_gpt-oss_120b,4,"The patch removes dead code in the device‑mapper driver: deletes the unused bio_setup_sector helper, eliminates bio_advance calls, and directly sets bio size fields, because earlier changes eliminated the need for looping over bios.",0,0,4,0,,,,,,,,,87.271,,,,,,
797efbc523,ollama_gpt-oss_120b,4,Adds support in perf to record the guest CPU for hypervisor (QEMU) threads by extending the thread structure with a guest_cpu field and setting it when processing id_index events.,0,0,0,4,,,,,,,,,65.726,,,,,,
7984b43542,ollama_gpt-oss_120b,4,"Adds the P1 Gen 3 (LEN040f) identifier to the Synaptics driver so that the InterTouch (rmi4) touchpad is enabled on ThinkPad P1 G3, allowing the driver to recognize and initialize the device.",0,0,0,4,,,,,,,,,72.785,,,,,,
79af2404e5,ollama_gpt-oss_120b,4,"Adds a hardware workaround Wa_16013835468 for Intel display pipelines, introducing a helper to select register bits per pipe, adjusting PSR enable code to set/clear the bit based on vblank timing, and updating register definitions.",4,0,0,0,,,,,,,,,81.665,,,,,,
79cac25e51,ollama_gpt-oss_120b,4,"The commit adds the const qualifier to many static initialization tables and to function parameters/struct fields that reference them, making the data read‑only and updating signatures accordingly.",0,0,4,0,,,,,,,,,84.202,,,,,,
79dcd4e840,ollama_gpt-oss_120b,4,"Updates the mt8195 pinctrl device-tree binding YAML to allow subnodes within pinctrl groups, adds schema refinements and examples showing multiple pin configuration nodes.",0,0,4,0,,,,,,,,,67.463,,,,,,
7a70d9a1cf,ollama_gpt-oss_120b,4,"The commit adds a runtime check for the presence of Xilinx ZynqMP SHA3 hardware via firmware API, updates Kconfig to depend on ZYNQMP_FIRMWARE, and simplifies driver registration with module_platform_driver, preventing the driver from loading on unsupported platforms.",4,0,0,0,,,,,,,,,63.625,,,,,,
7a7b0b4865,ollama_gpt-oss_120b,4,"Adds a version field to the EDIF BSG interface, updates code to verify this version, removes unused fields and adjusts struct sizes, refactoring the driver to clean up and prepare for future extensions.",0,0,4,0,,,,,,,,,85.369,,,,,,
7ac7bfe746,ollama_gpt-oss_120b,4,"The commit corrects a misspelled word in a comment within include/rdma/opa_vnic.h, changing 'structrue' to 'structure' without altering any code logic.",0,0,4,0,,,,,,,,,76.792,,,,,,
7afc1f6977,ollama_gpt-oss_120b,4,"Adds Device Tree bindings and a header file for the Qualcomm SM6350 camera clock controller, defining compatible string, properties, and clock identifiers.",0,0,0,4,,,,,,,,,62.66,,,,,,
7b0ac469e3,ollama_gpt-oss_120b,4,"The patch modifies rtl8xxxu_print_chipinfo to compute the chip cut character directly (using 'A' + chip_cut for values 0‑15) and removes the previous switch that printed ""unknown"" for cuts beyond E, improving the logging of chip version.",0,0,4,0,,,,,,,,,71.231,,,,,,
7b45b51e77,ollama_gpt-oss_120b,4,"The patch separates the handling of HK_FLAG_WQ and HK_FLAG_DOMAIN when obtaining the housekeeping cpumask, replacing a combined flag call with two distinct calls and an AND, to allow independent manipulation of each cpumask for future cpuset support.",0,0,4,0,,,,,,,,,73.312,,,,,,
7b7c22ccdf,ollama_gpt-oss_120b,4,The commit updates the email address of John Garry in the MAINTAINERS file for the arm64 perf tooling section.,0,0,0,0,,,,,,,,,58.099,,,,,,
7b8b82224c,ollama_gpt-oss_120b,4,"Removes the .owner field from the Sunplus Ethernet platform driver struct because the core sets it automatically, silencing a Coccinelle warning.",0,0,4,0,,,,,,,,,97.183,,,,,,
7ba63521a1,ollama_gpt-oss_120b,4,"Adds power‑management support to the Microchip PCI1XXXX SPI driver by implementing suspend and resume callbacks, storing hardware configuration before suspend and restoring it on resume, and registering the PM ops in the PCI driver structure.",0,0,0,4,,,,,,,,,62.013,,,,,,
7bd7ad3c31,ollama_gpt-oss_120b,3,"The commit adjusts the baud‑rate handling in ftdi_sio.c, replacing a post‑switch check with a default case to correctly support the historic 300 bps rate that was mistakenly mapped to 9600 bps.",4,0,0,0,,,,,,,,,61.333,,,,,,
7c10dd0a88,ollama_gpt-oss_120b,4,"Adds handling of PERF_SAMPLE_DATA_SRC in AMD IBS perf events by converting IBS raw fields into perf_mem_data_src structures, exposing detailed memory operation information to perf tools.",0,0,0,4,,,,,,,,,74.467,,,,,,
7c8881b779,ollama_gpt-oss_120b,4,"The commit adds a vfree() call for the memory allocated by vzmalloc() when ice_read_flash_module() fails, preventing a leak in ice_get_orom_civd_data().",4,0,0,0,,,,,,,,,65.92,,,,,,
7cb29b1c99,ollama_gpt-oss_120b,4,"Adds self‑test cases for BPF that verify passing read‑only memory to global functions is rejected, introduces a new test program, and adjusts test harness to exercise two handlers.",0,4,0,0,,,,,,,,,73.954,,,,,,
7cbb6681d7,ollama_gpt-oss_120b,4,"The commit adds a standard sysfs ""label"" attribute for ChromeOS EC sensors based on known locations, removes the custom ""location"" attribute and the loc field from core structures, and updates drivers to use the new label.",0,0,0,4,,,,,,,,,75.333,,,,,,
7cbeeb0553,ollama_gpt-oss_120b,4,"Updates the fsl,clk-source property in the LX2160A device tree to use the required '/bits/ 8 <0>' syntax, fixing a warning about property length.",4,0,0,0,,,,,,,,,68.419,,,,,,
7d547dcf97,ollama_gpt-oss_120b,4,Adds Roman Gushchin as a co-maintainer for the memory controller subsystem by inserting a line in the MAINTAINERS file.,0,0,0,0,,,,,,,,,61.058,,,,,,
7dae459f5e,ollama_gpt-oss_120b,4,"Replaces iscsi_create_conn with iscsi_alloc_conn and adds the connection to sysfs only after dd_data is initialized, removing the unused create function. This stops a NULL‑pointer dereference when userspace accesses connection attributes.",4,0,0,0,,,,,,,,,87.902,,,,,,
7dc65e3c0e,ollama_gpt-oss_120b,4,The patch changes the cast of of_device_get_match_data(&pdev->dev) from (enum mxcmci_type) to (uintptr_t) to silence a clang warning about casting a void pointer to a smaller integer type.,0,0,4,0,,,,,,,,,84.405,,,,,,
7e193a42c3,ollama_gpt-oss_120b,4,"The patch adds the missing bitrate_const check to can_changelink(), allowing CAN devices with fixed bit rates to be configured via netlink without a dummy do_set_bittiming callback.",4,0,0,0,,,,,,,,,68.281,,,,,,
7e271f42a5,ollama_gpt-oss_120b,4,"The patch adds cleanup of the stream context array on allocation failure in xhci_alloc_stream_info(), preventing a memory leak by calling xhci_free_stream_ctx() before freeing the stream info structure.",4,0,0,0,,,,,,,,,61.384,,,,,,
7e47607133,ollama_gpt-oss_120b,4,"Adds NULL checks after ioremap calls for SRAM, rmem, and amem in the ray_cs driver; on failure it jumps to the existing error handling to avoid later NULL dereference.",4,0,0,0,,,,,,,,,69.098,,,,,,
7e97cfed99,ollama_gpt-oss_120b,4,"The patch changes vsock_connect to use mod_delayed_work instead of schedule_delayed_work and adds a sock_put when the work was already pending, correcting an unbalanced sock_hold that caused a memory leak reported by syzbot.",4,0,0,0,,,,,,,,,72.695,,,,,,
7ea75dd386,ollama_gpt-oss_120b,4,"The commit replaces the legacy i2c-at91 text binding with a new Device Tree JSON‑schema YAML file, adding structured validation and modern documentation while removing the old .txt file.",0,0,4,0,,,,,,,,,68.965,,,,,,
7f8170686d,ollama_gpt-oss_120b,4,"Adds a macro for the LCOUNT mask in sdw_intel.h and replaces inline GENMASK(2,0) uses with this macro in driver code, improving readability.",0,0,4,0,,,,,,,,,61.556,,,,,,
7fa6c0fe8b,ollama_gpt-oss_120b,4,"The patch updates the habanalabs driver’s map_block function to initialize output parameters, call get_hw_block_id, and only set the handle when that call succeeds, returning an error otherwise, thus preventing a spurious valid handle from being returned.",4,0,0,0,,,,,,,,,64.255,,,,,,
7fe05e125d,ollama_gpt-oss_120b,4,"Fixes the WARN_ON condition in ice_vsi_rebuild to correctly detect a missing VF pointer for VF-type VSIs, preventing a kernel warning and error during VF reset.",4,0,0,0,,,,,,,,,68.574,,,,,,
8001fa240f,ollama_gpt-oss_120b,4,"Removes dead fallback DMA‑32 mask code from hisi_sas driver, because a 64‑bit mask never fails when dma_mask is set, simplifying the driver.",0,0,4,0,,,,,,,,,67.105,,,,,,
8007935305,ollama_gpt-oss_120b,4,"Adds a call to set_counter_value in the armada_37xx_wdt_set_timeout function so that the hardware watchdog counter used for timeout is updated when the WDIOC_SETTIMEOUT ioctl is invoked, correcting the previous omission.",4,0,0,0,,,,,,,,,70.59,,,,,,
801179b670,ollama_gpt-oss_120b,4,"Removes the redundant is_enabled field and its associated enable/disable/is_enabled functions from the ux500 PRCMU clock driver, relying on the core's existing enable count, and updates clk_ops tables accordingly.",0,0,4,0,,,,,,,,,85.715,,,,,,
805a3ebed5,ollama_gpt-oss_120b,4,"The patch reorganizes XIP‑related conditional code in arch/riscv/mm/init.c, moving extern declarations and macro definitions, grouping them to minimise #ifdef CONFIG_XIP_KERNEL usage, without altering runtime behaviour.",0,0,4,0,,,,,,,,,76.806,,,,,,
80890c5ea0,ollama_gpt-oss_120b,4,"The patch introduces a device counter and mutex to allow changing the target driver database root directory only when no SCSI target devices are registered, fixing the previous overly strict restriction.",4,0,0,0,,,,,,,,,92.652,,,,,,
8094029330,ollama_gpt-oss_120b,4,"Adds error‑handling to libbpf's legacy kprobe attachment: if determining the perf type or opening the perf event fails, the previously created kprobe_event is removed, avoiding stale events and -EBUSY errors.",4,0,0,0,,,,,,,,,70.926,,,,,,
80d691854f,ollama_gpt-oss_120b,4,"Adds Mediatek mt8186 SCP support to the remoteproc driver by defining new registers, implementing a before_load routine, providing of_data for mt8186, and registering the compatible string in the device match table.",0,0,0,4,,,,,,,,,67.428,,,,,,
81188dd195,ollama_gpt-oss_120b,4,"The patch refactors the speakup_dummy driver to use an indexed var_t array and adds module parameters exposing each driver variable’s default value, allowing these defaults to be set at module load time.",0,0,0,4,,,,,,,,,65.563,,,,,,
8262499426,ollama_gpt-oss_120b,4,"Adds a deprecated ""riscv,clint0"" compatible string to the sifive,clint devicetree binding to stop dt-validate errors with QEMU-generated DTBs.",4,0,0,0,,,,,,,,,73.453,,,,,,
82806744fd,ollama_gpt-oss_120b,4,"The patch modifies swiotlb_max_mapping_size() to subtract the rounded‑up minimum alignment mask, ensuring the reported maximum DMA mapping size respects the alignment constraints. This corrects a boot‑time failure on Hyper‑V where the previous calculation allowed an impossible buffer size.",4,0,0,0,,,,,,,,,88.097,,,,,,
829ec038c9,ollama_gpt-oss_120b,4,"The patch replaces the legacy command‑buffer manager with the unified memory manager, removing cb_mgr structures and updating all CB handling code to use hl_cb_get via the mem_mgr, effectively a large refactor of the CB flow.",0,0,4,0,,,,,,,,,85.385,,,,,,
82cd4bacff,ollama_gpt-oss_120b,4,"The patch changes vmbus_request_addr to return VMBUS_RQST_ERROR when the transaction ID is zero, preventing a NULL dereference in netvsc_send_completion, and updates comments about ID 0 being reserved for Hyper-V.",4,0,0,0,,,,,,,,,62.541,,,,,,
831f87424d,ollama_gpt-oss_120b,4,"Adds fields to source buffer and a helper to detect and apply JPEG resolution changes, moving the previous inline logic into a dedicated function to support dynamic source changes.",4,0,0,0,,,,,,,,,74.475,,,,,,
836e49e103,ollama_gpt-oss_120b,4,"Replace memcpy with copy_map_value in bpf_selem_alloc to avoid overwriting the spin‑lock field in map values, ensuring correct initialization of the lock.",4,0,0,0,,,,,,,,,58.142,,,,,,
837cf45df1,ollama_gpt-oss_120b,4,"Caches the remote address early and uses the cached copy when announcing it, preventing the remote address from being overwritten after the PM lock is released during processing of consecutive ADD_ADDR options.",4,0,0,0,,,,,,,,,61.269,,,,,,
8450813136,ollama_gpt-oss_120b,4,"The commit separates Zynq A05 DDR controller support from the Synopsys DW uMCTL2 DDRC binding by updating the existing YAML schema, adding a new Zynq‑A05 binding file, and adjusting MAINTAINERS.",4,0,0,0,,,,,,,,,68.492,,,,,,
849c19d149,ollama_gpt-oss_120b,3,"Removes the 'status = ""okay""' line from the i2s1 node in the Rock Pi 4 device tree, keeping the I2S1 controller disabled so the pins can function as GPIO, matching the hardware's default behavior.",4,0,0,0,,,,,,,,,58.809,,,,,,
84c9829d16,ollama_gpt-oss_120b,4,"The commit adds definitions for ADC clock and reset lines in the Renesas r9a07g043 CPG driver, extending the driver to support the ADC hardware block.",0,0,0,4,,,,,,,,,88.615,,,,,,
84d46e1fc3,ollama_gpt-oss_120b,4,"The patch deletes the declaration and assignment of the variable 'mdss' in msm_drv.c because the code that used it was removed, eliminating a clang -Wunused-but-set-variable warning.",0,0,4,0,,,,,,,,,64.531,,,,,,
8512559741,ollama_gpt-oss_120b,4,"Adds new skb drop reason enums and trace mappings, and modifies tcp_v4_rcv to set a drop_reason and call kfree_skb_reason, enabling detailed logging of why a packet is dropped.",0,0,4,0,,,,,,,,,53.394,,,,,,
854d8e3616,ollama_gpt-oss_120b,4,"The patch deletes an obsolete comment and a negative‑value check in highmem_dirtyable_memory() because a previous commit guarantees the variable cannot be negative or overflow. It results in no functional change, only code cleanup.",0,0,4,0,,,,,,,,,73.354,,,,,,
8551ed70dd,ollama_gpt-oss_120b,4,"Updates the MAINTAINERS entry for the Mediatek JPEG driver to point to the new yaml bindings and broadens the pattern to include both decoder and encoder files, fixing a broken reference used by get_maintainer.pl.",4,3,0,0,,,,,,,,,75.459,,,,,,
85c73bf726,ollama_gpt-oss_120b,4,"The commit refactors the xfs_buf_incore API to return an error code and place the buffer in an out‑parameter, adds the XBF_INCORE flag, removes the old function, and updates all callers to use the new signature, aligning it with other buffer APIs.",0,0,4,0,,,,,,,,,86.215,,,,,,
862a876c3a,ollama_gpt-oss_120b,4,"Fixes a DSC slice calculation bug where resetting min_slices_h to 0 could incorrectly keep DSC enabled even when max slice cannot fit the pixel clock, by reordering the is_dsc_possible check.",4,0,0,0,,,,,,,,,65.954,,,,,,
868695e43b,ollama_gpt-oss_120b,4,"Adds clock and reset definitions for PWM channels 8‑14 in the Renesas R9A09G011 CPG driver and marks the CPERI_GRPF_PCLK as critical, enabling Linux to manage those PWM clocks.",0,0,0,4,,,,,,,,,62.229,,,,,,
872ad758f9,ollama_gpt-oss_120b,4,"Corrects MTU handling in the LAN966x driver by reading the hardware MTU, adding missing header/FCS and skb_shared_info space, and fixing the rollback write, preventing FDMA allocation failures when MTU changes.",4,0,0,0,,,,,,,,,65.598,,,,,,
879e5ac7b2,ollama_gpt-oss_120b,4,"Adds per‑CPU structures and functions to record hypervisor stack base, overflow stack, frame pointer and PC for non‑protected nVHE, enabling the host to unwind the hypervisor backtrace from EL1.",0,0,0,4,,,,,,,,,63.184,,,,,,
886e09c77d,ollama_gpt-oss_120b,4,"The patch corrects a typo in an error log string within the ASoC mchp-spdifrx driver, changing ""PMC"" to ""PCM"".",0,0,4,0,,,,,,,,,53.253,,,,,,
89b3554782,ollama_gpt-oss_120b,4,"The commit sets the fb_modifiers_not_supported flag in the amdgpu virtual KMS driver, indicating that framebuffer modifiers are unsupported, which stops GDM3 from failing to set a mode on virtual displays.",4,0,0,0,,,,,,,,,64.679,,,,,,
89c30dd221,ollama_gpt-oss_120b,4,"The commit corrects a Chinese translation of the devicetree usage-model documentation, ensuring the term ""machine_desc"" remains untranslated to avoid a half‑translated word.",0,0,4,0,,,,,,,,,73.909,,,,,,
8a85007c83,ollama_gpt-oss_120b,4,"Adds internal helper functions to read a block register and to verify its presence, enabling safe checking of block registers when PEC is used.",0,4,0,0,,,,,,,,,78.119,,,,,,
8af028c2b2,ollama_gpt-oss_120b,4,"Replaces the multiline macro vt6655_mac_word_reg_bits_off with a regular function, adding its definition in mac.c and declaration in mac.h to satisfy checkpatch.",0,0,4,0,,,,,,,,,66.696,,,,,,
8b1ac84dcf,ollama_gpt-oss_120b,4,"Adjusts the sysfs-fs-erofs ABI documentation to eliminate Sphinx indentation and block‑quote warnings by adding a missing colon, a blank line, and fixing list indentation.",0,0,4,0,,,,,,,,,65.889,,,,,,
8b1b4730b0,ollama_gpt-oss_120b,4,"The patch adds support for BA CAM version 1 chips (e.g., 8852c) by extending chip info, adjusting the H2C BA CAM command to use the correct fields, and initializing additional dynamic BA CAM entries during driver start. It also updates chip descriptors for 8852a/8852c.",4,0,0,0,,,,,,,,,82.216,,,,,,
8b3120dfc1,ollama_gpt-oss_120b,4,"The patch only adjusts whitespace/indentation in dcn32_hwseq.c to fix a smatch warning, without altering any logic or functionality.",0,0,4,0,,,,,,,,,75.865,,,,,,
8b3a9ad862,ollama_gpt-oss_120b,4,"Adds independent TX/RX FIFO flush bits for newer JZ SoCs, introduces a flag to distinguish shared vs independent flush behavior, and updates startup logic to flush the correct FIFO, fixing missing RX flush on those SoCs.",4,0,0,0,,,,,,,,,59.29,,,,,,
8bad51c689,ollama_gpt-oss_120b,4,"Enables QUP and GPI DMA nodes in the sm6350 device tree by setting their status to ""okay"", allowing I2C peripherals to be functional on the Sony Xperia Lena platform.",0,0,0,4,,,,,,,,,61.419,,,,,,
8c70bd5802,ollama_gpt-oss_120b,4,"Adds PCI device IDs for Intel Raptor Lake PCH‑S to the intel‑lpss driver, enabling the driver to recognize and bind to these new LPSS devices.",0,0,0,4,,,,,,,,,70.4,,,,,,
8c8e5b6ae4,ollama_gpt-oss_120b,4,"The commit removes a duplicated word in a comment within drivers/crypto/n2_core.c, changing 'to to' to 'to' without altering any code logic.",0,0,4,0,,,,,,,,,72.817,,,,,,
8cbd4725ff,ollama_gpt-oss_120b,4,"Adds the USB ID of Accuphase DAC-60 option card to the DSD format quirk switch, enabling native DSD up to DSD256 for that device when the correct altsetting is selected.",4,0,0,0,,,,,,,,,63.32,,,,,,
8da1170a16,ollama_gpt-oss_120b,4,"Adds support for the VCN 4.0 IP block, including firmware handling, register definitions, initialization, power/clock gating, ring management, and interrupt handling.",0,0,0,4,,,,,,,,,87.34,,,,,,
8db41f733d,ollama_gpt-oss_120b,4,"The patch adds EXPORT_SYMBOL_GPL statements for six decoder power-management functions in the MediaTek VCodec driver, enabling other kernel modules to reference them when the decoder is built as a loadable module.",4,0,0,0,,,,,,,,,61.199,,,,,,
8ebcc62c73,ollama_gpt-oss_120b,4,The patch adds READ_ONCE() around all reads of sysctl_igmp_qrv in IGMP and AMT code to eliminate data races caused by concurrent modifications of this sysctl variable.,4,0,0,0,,,,,,,,,63.066,,,,,,
8ef6e1ba71,ollama_gpt-oss_120b,4,"Adds a local boolean rx_timeout to the IRQ handler to make the timeout check clearer; no functional change, only code readability improvement.",0,0,4,0,,,,,,,,,54.786,,,,,,
8f0588e80e,ollama_gpt-oss_120b,4,"The patch adds proper error handling for nvmem_device_find in the PTP OCP driver: it checks for IS_ERR pointers before using them, returns the error code, and avoids calling nvmem_device_put on error pointers.",4,0,0,0,,,,,,,,,62.539,,,,,,
8f40baded4,ollama_gpt-oss_120b,4,"The commit renames the ID_AA64MMFR2_EL1.VARange field from the historic LVA identifier to VARange across assembler macros, sysreg definitions, CPU feature tables, and early boot code, aligning kernel naming with the ARM DDI0487H.a specification without altering functionality.",0,0,4,0,,,,,,,,,69.316,,,,,,
8f5a9371e6,ollama_gpt-oss_120b,4,"The patch updates comments in rzg2l_thermal.c: replaces an unclear comment with a clearer one, fixes a typo (caliberation → calibration), and adjusts comment formatting to match kernel coding style.",0,0,4,0,,,,,,,,,79.648,,,,,,
901a30cf5f,ollama_gpt-oss_120b,4,"Removes a duplicated 'the' in a comment within vas.c, fixing a typo in the code documentation.",0,0,4,0,,,,,,,,,71.909,,,,,,
905eebcf28,ollama_gpt-oss_120b,4,"The patch deletes the unused local variable `cnt` in `recv_func` of the r8188eu driver, simplifying the loop that processes pending frames. No functional change, only removal of dead code.",0,0,4,0,,,,,,,,,64.067,,,,,,
907862e9ae,ollama_gpt-oss_120b,4,"The patch changes igc_release_swfw_sync_i225 to stop spinning on a hardware semaphore. If the semaphore cannot be obtained (e.g., hardware surprise‑removed), it now logs an error and returns instead of looping forever.",4,0,0,0,,,,,,,,,58.612,,,,,,
9087c6ff8d,ollama_gpt-oss_120b,3,"Moves maybe_wait_bpf_programs() out of the per‑element loop in generic_map_delete_batch, so the RCU barrier runs only once after all deletions, reducing unnecessary synchronization before returning to userspace.",0,0,4,0,,,,,,,,,70.214,,,,,,
90b13cdde1,ollama_gpt-oss_120b,4,"Refactors KVM selftest state_test to eliminate hard‑coded VCPU_ID, using vm_create_with_one_vcpu()/vm_recreate_with_one_vcpu() and passing a struct kvm_vcpu pointer; also switches to vcpu_run(). No kernel code change.",0,0,4,0,,,,,,,,,61.875,,,,,,
90b8c2c8f9,ollama_gpt-oss_120b,4,"The patch removes CONFIG_PM_SLEEP #ifdef guards around suspend/resume functions, replaces SIMPLE_DEV_PM_OPS with DEFINE_SIMPLE_DEV_PM_OPS, and sets the driver .pm field via pm_sleep_ptr(). This lets the compiler drop the PM code when sleep support is disabled, simplifying the driver and reducing guard‑related errors.",0,0,4,0,,,,,,,,,61.353,,,,,,
9102b78b6f,ollama_gpt-oss_120b,4,"The commit updates the header of tools/testing/radix-tree/maple.c, changing the file description line and extending the copyright notice to cover 2018-2022 and adding an author line.",0,0,4,0,,,,,,,,,61.165,,,,,,
913c4a3e19,ollama_gpt-oss_120b,4,"Converts the rc5t583 I2C driver probe to use the .probe_new callback, removing the unused i2c_device_id argument and aligning with the newer I2C driver API.",0,0,4,0,,,,,,,,,50.459,,,,,,
914813cc52,ollama_gpt-oss_120b,4,"The patch refactors vchiq_get_state to check g_state.remote and its initialization separately, returning NULL early and simplifying the final return, improving code readability without changing external behavior.",0,0,4,0,,,,,,,,,61.298,,,,,,
91592b5c0c,ollama_gpt-oss_120b,4,"Moves the efi32_pe_entry assembly routine from the __HEAD section to the .text section, adjusting relative address calculations so it can later be compiled as a separate unit. No functional behavior change, only code organization.",0,0,4,0,,,,,,,,,72.266,,,,,,
91776af1d8,ollama_gpt-oss_120b,4,"Moves two constant arrays defining CEC register headers/lengths from adv7511.h to adv7511_cec.c because they are only used there, eliminating unused‑variable warnings when the CEC config is disabled.",0,0,4,0,,,,,,,,,62.07,,,,,,
92039e8c08,ollama_gpt-oss_120b,4,"Adds CLK_OPS_PARENT_ENABLE flag to pixel and byte clock sources in the SM6350 driver so the parent clock is enabled during set_rate, fixing failures where set_rate could not succeed.",4,0,0,0,,,,,,,,,71.976,,,,,,
9231bb1b25,ollama_gpt-oss_120b,4,"Renames driver variables and logic to use the newer ASoC DAI clock provider/consumer terminology, updating format masks and error messages accordingly, without altering functionality.",0,0,4,0,,,,,,,,,85.908,,,,,,
92f78f81ac,ollama_gpt-oss_120b,4,"Adds a boolean flag to gsi_channel_data_valid and runtime checks that ensure a command channel is TX, its TLV count fits the FIFO size, and TRE limits are respected, preventing misconfiguration of IPA command channels.",0,4,0,0,,,,,,,,,69.073,,,,,,
932be3e95b,ollama_gpt-oss_120b,4,"The patch corrects the layout of struct result_data_desc by removing mixed non‑bit‑field members and converting them to u32 bit‑fields, eliminating unwanted padding that affected zero‑ing and configuration calculations.",4,0,0,0,,,,,,,,,89.597,,,,,,
93a8417088,ollama_gpt-oss_120b,4,"Adds vcap_entry_get calls before moving VCAP filter entries so that hardware hit counters are read back and not overwritten with stale values during filter reordering, correcting inaccurate statistics.",4,0,0,0,,,,,,,,,68.015,,,,,,
944d95f766,ollama_gpt-oss_120b,4,"The patch deletes a conditional definition of IS_SWAPFILE in fs/nfs/file.c because the macro is already always defined elsewhere, making the code dead and unnecessary.",0,0,4,0,,,,,,,,,80.997,,,,,,
947934e389,ollama_gpt-oss_120b,4,"The patch corrects tps65219_set_bypass to use the regulator's is_enabled() callback instead of checking the presence of the enable operation, ensuring proper detection of an enabled regulator, and removes an unused ret variable.",4,0,0,0,,,,,,,,,66.052,,,,,,
949cd0b5c2,ollama_gpt-oss_120b,4,"Adds a completed_id field to the IPA GSI transaction info structure and updates the transaction handling code to advance and verify this ID, removing temporary WARN checks that were only there for debugging.",4,0,0,0,,,,,,,,,77.378,,,,,,
9536923d3f,ollama_gpt-oss_120b,4,"The patch deletes the now‑unused tstamp pointer from struct mlx5e_txqsq and removes the corresponding assignments in the driver, cleaning up dead code introduced after a prior PTP migration.",0,0,4,0,,,,,,,,,68.127,,,,,,
9577fc5fdc,ollama_gpt-oss_120b,4,"The patch updates the NXP NCI I2C driver to detect i2c_master_recv errors (negative return) and exit without printing a misleading ""Invalid frame length"" error, returning the error code directly.",4,0,0,0,,,,,,,,,66.855,,,,,,
957f60273a,ollama_gpt-oss_120b,4,"Adds devicetree binding entries qcom,smem-states and qcom,smem-state-names to the ath11k documentation to enable Wake‑on‑Wireless support for the WCN6750 chipset.",0,0,0,4,,,,,,,,,85.009,,,,,,
95b39792c6,ollama_gpt-oss_120b,4,"Introduces AGGREGATOR_MAX_GPIOS=512 and replaces ARCH_NR_GPIOS in bitmap allocation, parsing and iteration, limiting the bitmap size used by the gpio-aggregator driver.",3,0,0,0,,,,,,,,,70.627,,,,,,
95b8f316ae,ollama_gpt-oss_120b,4,"Reformats comment blocks in the r8188eu driver to follow the drivers/net coding style, without altering code behavior.",0,0,4,0,,,,,,,,,55.442,,,,,,
96fed779d3,ollama_gpt-oss_120b,4,"Adds a new device‑tree binding YAML file for the Renesas RZ/G2L (IA55) interrupt controller, defining compatible strings, required properties, and an example node, thereby enabling kernel support for this hardware.",0,0,0,4,,,,,,,,,73.169,,,,,,
97115f5f0f,ollama_gpt-oss_120b,4,"Changes PS_RDY_CHECK return type from u8 to bool, matching its true/false semantics; updates the function signature in the r8188eu driver.",0,0,4,0,,,,,,,,,63.449,,,,,,
97236ad5a6,ollama_gpt-oss_120b,4,"Adds a guard in gfs2_glock_dq() to verify the holder is still queued before dequeuing, preventing a race where an async lock request that already failed is dequeued again.",4,0,0,0,,,,,,,,,61.033,,,,,,
972aa1a161,ollama_gpt-oss_120b,4,"The patch removes the driver‑specific yesno() helper, adds <linux/string_helpers.h>, and replaces all its calls with the generic str_yes_no() function, cleaning up the code.",0,0,4,0,,,,,,,,,78.101,,,,,,
97558d170a,ollama_gpt-oss_120b,4,"The commit removes an out-of-bounds array write in imx-jpeg driver error handling. When parsing fails, the slot index may be the default MXC_MAX_SLOTS, causing jpeg->slot_data[ctx->slot] access beyond the array, corrupting num_domains and leading to kernel panic on reload. Deleting the write fixes this.",4,0,0,0,,,,,,,,,60.792,,,,,,
9794c30841,ollama_gpt-oss_120b,4,"Adds two new compatible strings for DH electronics i.MX8M Plus DHCOM SoM and PDK2 board to the arm/fsl.yaml DT binding document, updating documentation to reflect supported hardware.",0,0,4,0,,,,,,,,,79.28,,,,,,
98047313cd,ollama_gpt-oss_120b,4,"The commit corrects translate_desc() in the vhost driver by storing the original end address (last) before the loop and using it unchanged in each vhost_iotlb_itree_first() call, fixing incorrect range handling.",4,0,0,0,,,,,,,,,49.867,,,,,,
9847f21225,ollama_gpt-oss_120b,4,"Adds a guard `i > 0` before accessing `args[i-1]` in next_arg, preventing out‑of‑bounds read that caused a kernel page fault when parsing a quoted argument at the start of the command line.",4,0,0,0,,,,,,,,,66.453,,,,,,
984fed5686,ollama_gpt-oss_120b,4,"Reorders functions and static symbols in the via686a hardware monitoring driver to eliminate unnecessary forward declarations, improving code layout and avoiding cyclic dependencies without altering runtime behavior.",0,0,4,0,,,,,,,,,65.916,,,,,,
99387b0160,ollama_gpt-oss_120b,4,The patch modifies acpi_processor_get_platform_limit() to skip QoS updates when the _PPC value hasn't changed and adds safety checks; it also resets the stored limit during init and uses a default QoS value for consistency.,0,0,4,0,,,,,,,,,63.143,,,,,,
994b7ac169,ollama_gpt-oss_120b,4,"The commit deletes the arm64 head.o entry from scripts/head-object-list.txt, removing unnecessary special link ordering because the linker script already ensures the required .head.text is first.",0,0,4,0,,,,,,,,,64.153,,,,,,
997b99e3b3,ollama_gpt-oss_120b,4,"The patch moves RAS‑DES register definitions to the common header and changes the Tegra194 driver to discover the RAS‑DES capability offset at runtime instead of using per‑controller hard‑coded offsets, updating all accesses accordingly.",0,0,4,0,,,,,,,,,84.707,,,,,,
9995c1d096,ollama_gpt-oss_120b,4,"Adds be_pause counter and fe_pause flag to correctly transition backend (BE) state to PAUSE instead of STOP when all front‑end streams are paused, fixing incorrect PAUSE_RELEASE handling and improving resource management.",4,0,0,0,,,,,,,,,92.672,,,,,,
99bd995655,ollama_gpt-oss_120b,4,"Adds an optional kernel configuration to track and record each module that taints the kernel when it is unloaded, storing name, taint bits, and unload count, and prints this information alongside loaded modules.",0,0,0,4,,,,,,,,,82.7,,,,,,
99df7a2810,ollama_gpt-oss_120b,4,"Adds a lockdown check to the /proc/powerpc/ofdt write path, preventing untrusted device‑tree modifications when the kernel is in lockdown mode.",4,0,0,0,,,,,,,,,65.603,,,,,,
9a34161a0b,ollama_gpt-oss_120b,4,"Adds .legacy_dai_naming = 1 to two ADI ASoC component driver structs, switching from the previous opt‑in non‑legacy naming flag to the new opt‑out legacy flag, aligning drivers with the updated naming scheme.",0,0,4,0,,,,,,,,,62.27,,,,,,
9a7a1be6b6,ollama_gpt-oss_120b,4,"Switches allocation of an array of 4 ptp_pin_desc structures from kzalloc to kcalloc, adding overflow protection and using the semantically correct API.",0,4,0,0,,,,,,,,,68.983,,,,,,
9a938eba8d,ollama_gpt-oss_120b,3,"The patch removes the redundant regs pointer from coredump_params, deletes the struct field, and updates ELF core dump code to use task_pt_regs(current) directly, simplifying core dump handling.",0,0,4,0,,,,,,,,,67.771,,,,,,
9a9acdccdf,ollama_gpt-oss_120b,4,"The commit adds a dma_release_channel() call in emac_probe() to clean up a DMA channel when probe fails, fixing a resource‑leak error handling path.",4,0,0,0,,,,,,,,,62.571,,,,,,
9ad1230533,ollama_gpt-oss_120b,4,"The patch modifies several Btrfs ioctl helper functions to take a struct inode * directly instead of a struct file *, removing redundant file_inode() calls. Callers in btrfs_ioctl and send code are updated to pass the existing inode, improving code reuse and clarity.",0,0,4,0,,,,,,,,,62.147,,,,,,
9ae551ded5,ollama_gpt-oss_120b,4,"The patch updates the i2c‑scmi driver to use device_get_match_data() instead of a manual loop over ACPI IDs, and changes the methods pointer to const, simplifying acpi_smbus_cmi_add() and improving code clarity.",0,0,4,0,,,,,,,,,62.189,,,,,,
9aeb7f99a1,ollama_gpt-oss_120b,4,"Adds a helper rdev_mdlock_deref that wraps rcu_dereference_protected with a lockdep check, replaces direct dereferences in raid5 code, and adds lock assertions, to correctly annotate accesses protected by mddev_lock and silence sparse warnings.",0,0,4,0,,,,,,,,,80.491,,,,,,
9af41cc334,ollama_gpt-oss_120b,4,"Implements kernel‑side handling of GTP Echo Request/Response for GTPv0 and GTPv1-U, adding restart counter support and netlink attributes, so devices created without a userspace daemon comply with the GTP specification.",4,0,0,0,,,,,,,,,71.633,,,,,,
9b392e0e0b,ollama_gpt-oss_120b,4,"Adds a safe macro bt_dev_name to handle NULL hdev and updates Bluetooth logging macros to use it, preventing null‑pointer dereference when printing device name.",4,0,0,0,,,,,,,,,69.198,,,,,,
9b51d9d866,ollama_gpt-oss_120b,4,"Replaces cpumask_next* calls with cpumask_first* where start is -1, adds cpumask_first_zero helper, and updates several drivers and core files accordingly, improving code clarity and efficiency.",0,0,4,0,,,,,,,,,78.61,,,,,,
9b60b67519,ollama_gpt-oss_120b,4,"The commit adds a BROKEN dependency to the CLEVO_MAIL LED driver in Kconfig, marking it as broken until the interface issue (using brightness to set blink rate) is fixed, and updates the help text wording.",0,4,0,0,,,,,,,,,70.897,,,,,,
9b6bf4d612,ollama_gpt-oss_120b,4,"The patch modifies nl80211_associate to set the BSS pointer to NULL when the lookup returns an error, preventing later code from attempting to free an error pointer.",4,0,0,0,,,,,,,,,71.287,,,,,,
9b7fd1670a,ollama_gpt-oss_120b,4,The commit corrects the Aquantia PHY driver to stop advertising 2.5 Gbps and 5 Gbps modes when the interface is limited to ≤1 Gbps. It adds bit definitions and updates aqr_config_aneg to set those bits only if the corresponding ethtool advertising bits are requested.,4,0,0,0,,,,,,,,,74.222,,,,,,
9b80ccda23,ollama_gpt-oss_120b,4,"Adds missing RCU read lock and reference handling in bond_ethtool_get_ts_info, fixing a race when the function is invoked via setsockopt, as reported by syzbot.",4,0,0,0,,,,,,,,,98.795,,,,,,
9c818d8491,ollama_gpt-oss_120b,4,"Adds detailed logging of codec quirks (SSP, DMIC, GPIO) in the sof_es8336 driver, exposing the full quirk mask and conditional messages.",0,0,4,0,,,,,,,,,53.481,,,,,,
9d19d966b4,ollama_gpt-oss_120b,4,"The commit renames the misspelled variables maxpctksize and maxpcktsize to the correct wMaxPacketSize in USB gadget UAC2 code, updating only debug/warn messages.",0,0,4,0,,,,,,,,,68.037,,,,,,
9d895e4684,ollama_gpt-oss_120b,3,Adds code to include tracepoint probe fields when converting perf data to JSON by iterating over event fields and printing each name/value pair.,4,0,0,0,,,,,,,,,58.791,,,,,,
9db056e950,ollama_gpt-oss_120b,4,Corrects two typographical errors in kernel log messages: 'algorithm' and 'secret' in NVMe authentication code.,0,0,4,0,,,,,,,,,90.153,,,,,,
9dd4545f65,ollama_gpt-oss_120b,4,"Corrects a duplicated word in a comment of amdgpu_fence.c and removes an extra 'the' in atombios.h documentation, improving comment clarity.",0,0,4,0,,,,,,,,,75.35,,,,,,
9ec9b79a2b,ollama_gpt-oss_120b,4,"Refactors conv_uni_to_pc in consolemap.c to improve readability by extracting the pointer, adding explicit null checks, splitting a large conditional into smaller ones, and removing an unnecessary newline.",0,0,4,0,,,,,,,,,72.751,,,,,,
9ed11999f9,ollama_gpt-oss_120b,4,"Adds a new MAINTAINERS entry for the Allwinner A31 MIPI CSI-2 bridge driver, listing maintainer, mailing list, and source file locations.",0,0,4,0,,,,,,,,,61.287,,,,,,
9f22f95951,ollama_gpt-oss_120b,4,"Adds device‑specific entries for two Chicony EasyCamera USB webcams, assigning a power‑line‑control‑limited quirk to work around their incorrect implementation.",4,0,0,0,,,,,,,,,61.478,,,,,,
9f92c20279,ollama_gpt-oss_120b,4,"The patch removes the obsolete odm_2to1_policy_applied flag and its checks, fixing a false detection of ODM combine mode changes that caused unnecessary stream reprogramming and intermittent black screens on HDMI.",4,0,0,0,,,,,,,,,75.349,,,,,,
a014f0ecdd,ollama_gpt-oss_120b,4,"The commit removes the unit address suffix from the panel endpoint nodes in the am335x device tree files, changing `endpoint@0` to `endpoint`. This corrects the DTS so the endpoint no longer requires a `reg` property, fixing a validation error.",4,0,0,0,,,,,,,,,64.018,,,,,,
a01befa0a2,ollama_gpt-oss_120b,4,"Replace drm_mode_copy with drm_mode_init for on‑stack drm_mode structures, ensuring the list head is cleared and no leftover stack data remains.",4,0,0,0,,,,,,,,,73.703,,,,,,
a0c5149088,ollama_gpt-oss_120b,4,"The patch replaces a direct uncore register read-modify-write call with the intel_de_rmw accessor in the display power initialization, ensuring display code uses the proper DE register interface instead of low‑level uncore access.",0,0,4,0,,,,,,,,,62.649,,,,,,
a0ccc717c4,ollama_gpt-oss_120b,4,"Adds bounds checking for VCN and SDMA instance counts during AMDGPU discovery, ensuring they do not exceed driver-defined maximums and emitting an error if firmware reports too many instances.",0,4,0,0,,,,,,,,,59.916,,,,,,
a156f09c90,ollama_gpt-oss_120b,4,"Adds early sorting of the amode31 exception table and removes the later sorting, ensuring the table is ready before the early program check handler runs.",4,0,0,0,,,,,,,,,89.122,,,,,,
a17b984115,ollama_gpt-oss_120b,4,"The commit removes the xpad driver's reset_resume callback, allowing the USB core to rebind the wireless controller after suspend/resume. This stops a hung URB that broke LED control and force‑feedback, restoring correct behavior on resume.",4,0,0,0,,,,,,,,,72.602,,,,,,
a189b2ee93,ollama_gpt-oss_120b,4,"Changes fb_modesetting_disabled in fb.h to a static inline function, eliminating multiple definition linker errors when the header is included in multiple source files.",4,0,0,0,,,,,,,,,63.412,,,,,,
a2ab95a313,ollama_gpt-oss_120b,4,"Adds Clause‑45 MDIO support to the lan743x Ethernet driver by defining MMD access constants, implementing helper functions for Clause‑45 reads/writes, and configuring the mii_bus to use C45 operations, along with related register definitions.",0,0,0,4,,,,,,,,,69.015,,,,,,
a2e3fe5f24,ollama_gpt-oss_120b,4,Adds a new stub header tools/include/linux/pfn.h defining PFN macros needed by test code.,0,0,0,4,,,,,,,,,64.015,,,,,,
a2ed70d0ec,ollama_gpt-oss_120b,4,"The patch stops calling acpi_video_set_dmi_backlight_type() in the Toshiba ACPI driver and adds DMI entries in video_detect.c to force the vendor backlight driver for two Toshiba models, eliminating a race where the acpi_video0 device briefly appears then disappears.",4,0,0,0,,,,,,,,,66.301,,,,,,
a373f38cd1,ollama_gpt-oss_120b,4,"The patch removes the driver’s attempt to read TIM information via the ""dtim_assoc"" IOVAR after a roam. Firmware no longer supports this call, causing repeated error logs. By eliminating the query, the driver stops generating the failure messages.",4,0,0,0,,,,,,,,,77.158,,,,,,
a382f8fee4,ollama_gpt-oss_120b,3,"Replaces BUG_ON checks in do_notify_parent with WARN_ON_ONCE, so the kernel logs unexpected conditions instead of panicking, making debugging easier and avoiding crashes while holding core locks.",4,0,0,0,,,,,,,,,64.721,,,,,,
a39a6b330b,ollama_gpt-oss_120b,4,"The patch deletes three redundant boolean initializations (bPacketMatchBSSID, bPacketToSelf, bPacketBeacon) from update_recvframe_phyinfo_88e, as they are overwritten later before use.",0,0,4,0,,,,,,,,,63.046,,,,,,
a3a9c39704,ollama_gpt-oss_120b,4,"The patch rewrites shmem_read_mapping_page_gfp() to obtain a folio via shmem_get_folio_gfp(), unlock the folio, and derive the page, removing extra compound_head() calls and simplifying the code.",0,0,4,0,,,,,,,,,79.587,,,,,,
a3b774342f,ollama_gpt-oss_120b,4,"Adds validation for the NTFS boot sector's sectors_per_clusters field. Modifies true_sectors_per_clst to reject out‑of‑range values with -EINVAL and makes initialization abort on such errors, preventing a UBSAN shift‑out‑of‑bounds.",4,0,0,0,,,,,,,,,88.835,,,,,,
a3d3280378,ollama_gpt-oss_120b,4,Fixes early KASAN initialization on RISC‑V when Sparsemem without vmemmap is enabled; replaces virt_to_page with pfn_pte to avoid null mem_section dereference.,4,0,0,0,,,,,,,,,61.512,,,,,,
a4218aef7c,ollama_gpt-oss_120b,4,"The patch makes the DPAA2 Ethernet driver reuse scatter‑gather tables via a per‑CPU cache instead of allocating and freeing them for each nonlinear skb, enlarges the cache buffer size, and adds a macro defining the maximum entries.",0,0,4,0,,,,,,,,,74.906,,,,,,
a45194b9de,ollama_gpt-oss_120b,4,"Updates the dt-bindings maintainer entry in the MAINTAINERS file, replacing the old canonical.com email with the kernel.org address.",0,0,4,0,,,,,,,,,68.27,,,,,,
a49c3ab7d7,ollama_gpt-oss_120b,4,"Adds a 'skip' enum value to the qcom,gsi-loader property in the device‑tree binding, documenting that GSI firmware loading can be omitted.",0,0,0,4,,,,,,,,,87.353,,,,,,
a4c82270f0,ollama_gpt-oss_120b,4,"The commit modifies the SDM630 device tree: replaces a syscon node for the TCSR mutex with a direct hwlock node using the qcom,tcsr-mutex compatible, adds required #hwlock-cells, and removes the old hwlock wrapper, fixing DT schema validation errors.",4,0,0,0,,,,,,,,,69.516,,,,,,
a4cb3651a1,ollama_gpt-oss_120b,4,"Fixes a bug where returning from an interrupt to a soft‑masked (irqs‑disabled) context could lose a pending soft‑masked IRQ because the code incorrectly branched to the hard‑mask clearing path; adds proper branch and comment, and ensures the HARD_DIS flag is cleared correctly.",4,0,0,0,,,,,,,,,74.818,,,,,,
a522b7ad8e,ollama_gpt-oss_120b,4,"Adds an io_master helper, removes duplicate code, and changes topology initialization to mark IO master CPUs as non‑hotpluggable, preventing creation of their sysfs online control files.",4,0,0,0,,,,,,,,,69.717,,,,,,
a570e68fab,ollama_gpt-oss_120b,4,"Removes an unused variable 'last' and its associated dead code from remove_siblinginfo() in the IA-64 SMP boot code, simplifying the function without altering behavior.",0,0,4,0,,,,,,,,,84.147,,,,,,
a59f7a7f76,ollama_gpt-oss_120b,4,"Adjusts the selftest Makefile to correctly list compiled FP test programs under TEST_GEN_PROGS_EXTENDED and keep script tests under TEST_PROGS_EXTENDED, fixing the build behavior.",4,0,0,0,,,,,,,,,79.797,,,,,,
a5a923038d,ollama_gpt-oss_120b,4,"Adds rollback handling in fbcon_do_set_font: stores old font data, dimensions, and userfont flag, and restores them if vc_resize fails, fixing the inconsistent console state reported by syzbot.",4,0,0,0,,,,,,,,,64.378,,,,,,
a5e9e202fe,ollama_gpt-oss_120b,4,"Adds a 'power-domains' property to the MediaTek vcodec encoder device tree binding documentation, indicating the encoder may depend on a power domain.",0,0,4,0,,,,,,,,,72.106,,,,,,
a63de89bee,ollama_gpt-oss_120b,4,"Adds a range of power/thermal events to is_info_event so they are logged at INFO level, reflecting that they are purely informational and not errors.",0,0,4,0,,,,,,,,,58.772,,,,,,
a683dc5c14,ollama_gpt-oss_120b,4,"Updates a devicetree binding YAML file, changing a $ref from a relative '../../leds/common.yaml#' to an absolute '/schemas/leds/common.yaml#' to follow preferred absolute path usage.",0,0,4,0,,,,,,,,,62.651,,,,,,
a7663c89f4,ollama_gpt-oss_120b,4,"Adds EXPORT_SYMBOL_GPL for mt6358 driver functions that were previously not exported, fixing undefined symbol errors when the driver is built as a module.",4,0,0,0,,,,,,,,,63.131,,,,,,
a772105cfa,ollama_gpt-oss_120b,3,"Reorders a bitfield in dp_128b_132b_supported_lttpr_link_rates struct to follow the DP2.0 specification, moving UHBR13_5 after UHBR20.",3,0,0,0,,,,,,,,,71.281,,,,,,
a7786cbae4,ollama_gpt-oss_120b,4,"Adds an early‑return in slim_rx_mux_put when the requested mux value is already set, stopping an unnecessary change notification that caused spurious events.",4,0,0,0,,,,,,,,,65.995,,,,,,
a7ecbe92b9,ollama_gpt-oss_120b,4,"The patch corrects concurrency handling in the FireWire core by acquiring card->lock before accessing card->local_node and bm_retries in fw_core_handle_bus_reset, moves lock acquisition out of fw_destroy_nodes, adds locking around its call in fw_core_remove_card, and documents the required lock.",4,0,0,0,,,,,,,,,68.041,,,,,,
a8a0b1f707,ollama_gpt-oss_120b,4,"The commit abstracts the policy‑setting routine into a chip‑specific operation, adds new policy enum values for RTL8852C, introduces wrapper functions, updates chip_ops and driver files to use the new callbacks, enabling additional hardware‑specific features.",0,0,0,4,,,,,,,,,79.822,,,,,,
a8d412ec98,ollama_gpt-oss_120b,4,"The commit deletes a dead store to variable 'negative' in the AD2S1210 driver, eliminating an assignment that is never read and fixing a clang static analysis warning.",0,0,4,0,,,,,,,,,55.214,,,,,,
a8db854be2,ollama_gpt-oss_120b,4,"The patch modifies otx2_pf.c so that the PF driver forwards AF reply messages (including error codes) directly to the VF, instead of filtering them and sending an invalid message, preserving error information for the VF.",4,0,0,0,,,,,,,,,66.328,,,,,,
a8e6398ffe,ollama_gpt-oss_120b,4,"The patch removes a conditional that rejected devices with CHIP_IP_DISCOVERY flag, because IP‑based discovery support is now present, allowing the driver to load for those ASICs.",4,0,0,0,,,,,,,,,79.45,,,,,,
a90b8fc9ca,ollama_gpt-oss_120b,4,"The patch modifies the Synopsys DesignWare HDMI driver to conditionally disable automatic General Control Packet (GCP) transmission when using standard 24‑bit color on sinks that lack Deep Color support, aligning the driver with HDMI 1.4b §6.5.3.",4,0,0,0,,,,,,,,,72.173,,,,,,
aa0a20f521,ollama_gpt-oss_120b,4,"The patch modifies ARM IRQ entry/exit assembly to stop using register R9 (used for the task pointer) and instead uses R7/R8 to save FP and SP, ensuring R9 remains untouched between IRQ entry and exit.",4,0,0,0,,,,,,,,,65.833,,,,,,
aa303964bc,ollama_gpt-oss_120b,4,"Adds support for VSC info packet revision 4 required by PSR‑SU per eDP 1.5 spec, selecting rev4 when PSR version is SU_1 and populating the secondary‑data packet fields; retains rev2 handling.",0,0,0,4,,,,,,,,,105.924,,,,,,
aa814c51ab,ollama_gpt-oss_120b,4,"The commit updates tools/tracing/Makefile to include rtla in the default build, install and clean targets, adding explicit rtla, rtla_install and rtla_clean rules and updating .PHONY.",0,0,0,4,,,,,,,,,66.897,,,,,,
aabfe05a82,ollama_gpt-oss_120b,4,"The commit adds support for the PCA85073A RTC, which shares the PCF85063A programming model, by inserting a new I2C device ID and an OF compatible string into the driver.",0,0,0,4,,,,,,,,,60.954,,,,,,
ab3593eeef,ollama_gpt-oss_120b,4,"The patch changes the registration of a USB Power Delivery (PD) partner object to use typec_partner_usb_power_delivery_register, passing the Type‑C partner as the parent, ensuring the PD object is correctly linked in the device hierarchy.",4,0,0,0,,,,,,,,,64.774,,,,,,
ab9d8032db,ollama_gpt-oss_120b,4,"Adds MMIO‑based MDIO‑mux nodes and related Ethernet PHY definitions to the ls1043a‑qds device tree, updates aliases, makes the FPGA node compatible with simple‑mfd, and connects Ethernet interfaces to the new PHY nodes, enabling support for the board’s MDIO multiplexing hardware.",0,0,0,4,,,,,,,,,69.364,,,,,,
abba345311,ollama_gpt-oss_120b,4,"Moves the VHT antenna pattern capability bits from the generic VHT capability init to the stream init function, ensuring the 6 GHz band reports correct antenna configuration.",4,0,0,0,,,,,,,,,99.462,,,,,,
abe3c63144,ollama_gpt-oss_120b,4,The commit fixes a bug where convert_context() could sleep while holding a spin lock by adding a gfp_t argument and passing GFP_ATOMIC in atomic contexts and GFP_KERNEL elsewhere.,4,0,0,0,,,,,,,,,69.725,,,,,,
ac41c2b642,ollama_gpt-oss_120b,3,"Adds a platform driver shutdown callback for the ath11k WCN6750 device to stop DMA before the SMMU driver shuts down, preventing SMMU faults during system shutdown.",4,0,0,0,,,,,,,,,82.09,,,,,,
ac45520960,ollama_gpt-oss_120b,4,"The patch adds a check in ocelot_port_bridge_flags to treat the NPI port as the physical port that maps to the CPU module, enabling the Felix DSA driver to control flooding via bridge port flags on the NPI port.",0,0,0,4,,,,,,,,,70.738,,,,,,
ac686cbc6f,ollama_gpt-oss_120b,4,"Updates the Qualcomm remoteproc device-tree binding documentation to include the qcom,msm8974-mss-pil compatible string, adds the optional mss-supply property with conditional requirement, and removes obsolete references from the q6v5.txt file.",0,0,4,0,,,,,,,,,63.39,,,,,,
ac78fa502a,ollama_gpt-oss_120b,4,Adds a null check for the DDC service in dc_submit_i2c_oem; if ddc is NULL the function now returns false instead of dereferencing a null pointer.,4,0,0,0,,,,,,,,,105.666,,,,,,
ad30d108a5,ollama_gpt-oss_120b,4,"Removes the fsl,imx8qm-lpuart entry from the compatible enum in the fsl-lpuart devicetree binding YAML, because i.MX8QM is compatible with i.MX8QXP, forcing device tree nodes to list both strings.",0,0,4,0,,,,,,,,,62.438,,,,,,
ad3aa7c31e,ollama_gpt-oss_120b,4,"The patch moves the removal of a context from the i915->gem.contexts list from context_close() to the release_work after the final reference is dropped, protecting list traversal used by i915_perf and fixing a GPF caused by a dangling link.",4,0,0,0,,,,,,,,,72.468,,,,,,
ad5c5690de,ollama_gpt-oss_120b,4,"Adds a helper to allocate MSI‑X vectors for all virtqueues and the config interrupt, integrates it into the IRQ request path, and logs when fewer vectors are obtained.",0,0,0,4,,,,,,,,,62.798,,,,,,
ad72c3c3f6,ollama_gpt-oss_120b,4,"Removes snd_BUG() from snd_usbmidi_output_open; when a NULL port is found (invalid endpoint), the driver now returns -ENXIO instead of triggering a BUG, avoiding spurious kernel oops.",4,0,0,0,,,,,,,,,59.305,,,,,,
ad75bd85b1,ollama_gpt-oss_120b,4,"The patch changes sony_nc_kbd_backlight_setup to call the SNC probe only when a separate probe_base address is present. For the 0x153 backlight handle, probing without a distinct address previously acted as a set‑to‑0 operation, unintentionally turning off the keyboard backlight. The added check skips the probe, preserving backlight state.",4,0,0,0,,,,,,,,,50.704,,,,,,
add61d3c31,ollama_gpt-oss_120b,4,"Restricts linebuffer pixel depth to 36 bpp only on DCN display engines, using 30 bpp for DCE versions to avoid dithering bugs observed on DCE‑11.2 and earlier hardware.",4,0,0,0,,,,,,,,,62.448,,,,,,
ae962e5f63,ollama_gpt-oss_120b,4,"Renames the local variable 'rate' to 'tx_rate' in ieee80211_calc_expected_tx_airtime to avoid shadowing the outer 'rate' variable, enhancing code clarity.",0,0,4,0,,,,,,,,,67.818,,,,,,
aeb8441203,ollama_gpt-oss_120b,4,"Wraps address casts in x86 boot code with absolute_pointer() to silence GCC -Warray-bounds warnings, updating inline assembly operands accordingly.",0,0,4,0,,,,,,,,,81.04,,,,,,
aecf89f2f8,ollama_gpt-oss_120b,4,"Adds GPIO button and LED definitions for Asus RTN-10U board and registers them, enabling kernel support for its buttons and LEDs.",0,0,0,4,,,,,,,,,64.785,,,,,,
afb8d5f431,ollama_gpt-oss_120b,4,"The patch removes the mutable irq_chip field from owl_pinctrl, defines a const irq_chip with IRQCHIP_IMMUTABLE flag, and uses gpio_irq_chip_set_chip; it also updates IRQ handling code to use irqd_to_hwirq and helper functions.",0,0,4,0,,,,,,,,,60.925,,,,,,
b00e3e03cf,ollama_gpt-oss_120b,4,"The commit updates the imx8mp-phycore-som device tree: it disables boot‑on/always‑on for LDO4 (not connected) and enables those flags for LDO5 (required for SD‑Card VSEL), correcting the regulator configuration.",4,0,0,0,,,,,,,,,67.059,,,,,,
b02180e899,ollama_gpt-oss_120b,3,"The patch replaces direct clock enable/disable calls with mchp_pit64b_suspend/resume, adds a resume call at init, and simplifies error handling in the PIT64B timer driver.",0,0,4,0,,,,,,,,,72.793,,,,,,
b02ba9ed7c,ollama_gpt-oss_120b,4,"The patch normalises how underscores are inserted into firmware file‑name macros for Intel UC (GUC/HUC) firmware, moving the delimiter handling into the generic concatenation macros so that all paths are built uniformly.",0,0,4,0,,,,,,,,,62.372,,,,,,
b087a381d7,ollama_gpt-oss_120b,4,"The patch fixes a resource‑leak bug in the SonicVibes ALSA PCI driver: when the probe function fails, the driver previously omitted snd_card_free(), causing improper cleanup. It adds an internal __snd_sonic_probe and wraps it with snd_card_free_on_error to ensure correct release order.",4,0,0,0,,,,,,,,,65.94,,,,,,
b127315d9a,ollama_gpt-oss_120b,4,"The commit introduces support for the Apple Audio DMA Controller (ADMAC) on Apple Silicon SoCs. It adds a Kconfig option, updates the DMA Makefile, and provides a full driver implementation handling channel allocation, descriptor management, interrupt handling, and DMA engine integration.",0,0,0,4,,,,,,,,,82.341,,,,,,
b13fa27a4b,ollama_gpt-oss_120b,4,"The patch changes udl_handle_damage to take a const struct drm_rect * instead of separate x, y, width, height arguments, updates callers to build and pass a drm_rect, and adjusts internal field accesses, simplifying the code.",0,0,4,0,,,,,,,,,74.711,,,,,,
b148c8b9b9,ollama_gpt-oss_120b,3,"Adds extensive BPF selftest cases for btf_dump, introducing new structs and expected output to verify correct handling of padding and packing edge cases.",0,0,4,0,,,,,,,,,63.584,,,,,,
b1a09b6368,ollama_gpt-oss_120b,4,"Adds a call to unregister_candev() in the probe error path so that if GPIO setup fails the CAN device is properly unregistered, fixing a resource‑cleanup bug.",4,0,0,0,,,,,,,,,67.643,,,,,,
b1bbd3a57b,ollama_gpt-oss_120b,4,Adjusts indentation of a bullet list in Documentation/ABI/testing/sysfs-class-thermal to satisfy the documentation build warning about missing blank line after a list.,0,0,4,0,,,,,,,,,65.416,,,,,,
b1d003f1b7,ollama_gpt-oss_120b,4,"Adds USB_1 over‑current detection to the Verdin imx8mp board by configuring the USB controller node, defining the over‑current pin, and removing the previous generic GPIO mapping.",0,0,0,4,,,,,,,,,63.61,,,,,,
b24cb2d169,ollama_gpt-oss_120b,4,"Adds definitions, structs, and handling code for the CMD_ERROR_EVENT command in the Kvaser USB leaf driver, integrating it into the command dispatch.",0,0,0,4,,,,,,,,,71.145,,,,,,
b2d71f275d,ollama_gpt-oss_120b,4,"Renames ID_AA64ISAR2_EL1 field macros to include the _EL1 suffix and updates all references, aligning naming conventions without altering functionality.",0,0,4,0,,,,,,,,,71.261,,,,,,
b354eaeec8,ollama_gpt-oss_120b,4,"The patch updates egress rate‑limiting code to handle CN10K hardware differences: adds CN10K burst limits, selects limits based on device, changes maxrate to u64, and builds the correct register value for both device families.",4,0,0,0,,,,,,,,,69.531,,,,,,
b3fd0a86da,ollama_gpt-oss_120b,4,"The patch replaces a BUG_ON in efx_unregister_netdev with a WARN_ON that logs a warning and returns, adding recovery logic to avoid a kernel panic when netdev_priv does not match the efx struct.",0,4,0,0,,,,,,,,,68.334,,,,,,
b43d0c0a42,ollama_gpt-oss_120b,4,"The commit changes the uid_strings array from a function‑local const to a static const, removing its stack allocation and slightly reducing object size.",0,0,4,0,,,,,,,,,59.242,,,,,,
b57774ccf5,ollama_gpt-oss_120b,4,"The commit removes the never‑used UsbTxAggDescNum field from hal_data_8188e, introduces a constant USB_TXAGG_DESC_NUM with value 0x6, and updates all references to use the constant.",0,0,4,0,,,,,,,,,61.145,,,,,,
b5fa1d09f1,ollama_gpt-oss_120b,4,"The commit updates the uml_vector_default_bpf function signature and its declaration to take a const void *mac instead of void *mac, aligning with recent constification of MAC address handling.",4,0,0,0,,,,,,,,,62.782,,,,,,
b61699d2cd,ollama_gpt-oss_120b,3,"The patch reworks how testmode antenna masks are handled for MT7915, treating them as antenna_mask instead of chainmask, removing unnecessary shifts and simplifying condition checks.",0,0,4,0,,,,,,,,,82.497,,,,,,
b653db7735,ollama_gpt-oss_120b,4,"The patch zeroes the page->private field when a new page is allocated for migration and when a tail page is created during huge page splitting, fixing mismatches that caused bugs like ceph's PG_private check.",4,0,0,0,,,,,,,,,74.003,,,,,,
b661a848a5,ollama_gpt-oss_120b,4,"Corrects a misspelled word in a comment in acp-pdm.c; the change only touches documentation, not code execution.",0,0,4,0,,,,,,,,,66.281,,,,,,
b6a709cb51,ollama_gpt-oss_120b,4,"Adds missing register and bitfield definitions for the Mediatek Ethernet PCS, updating the header with correct masks and constants based on recent hardware investigation.",0,0,4,0,,,,,,,,,85.152,,,,,,
b76ecff831,ollama_gpt-oss_120b,3,"The patch updates the fbdev hot‑unplug workaround to emit a warning when a framebuffer lacks an associated device, and rewrites the surrounding comment. It keeps the existing unregister behavior but adds diagnostic output.",0,0,4,0,,,,,,,,,71.908,,,,,,
b771aadc6e,ollama_gpt-oss_120b,4,"The patch removes per-zone capacity array from F2FS, adds a single unusable_blocks_per_sec field, updates calculations to use this uniform capacity, and adds a check that aborts mounting if zones have differing capacities, simplifying zone handling.",0,0,3,0,,,,,,,,,72.773,,,,,,
b7bc1c9e5b,ollama_gpt-oss_120b,4,"Updates a documentation file to replace the GPLv2 boilerplate with an SPDX‑License‑Identifier line, removing the old license notice.",0,0,4,0,,,,,,,,,61.438,,,,,,
b7dc37fcf6,ollama_gpt-oss_120b,4,"The commit deletes an unused extern declaration of sni_cpu_time_init() from the MIPS sni.h header, as the function was removed earlier.",0,0,4,0,,,,,,,,,61.075,,,,,,
b808a7eb30,ollama_gpt-oss_120b,4,Moves the compbuf size programming before clock updates in dcn20_optimize_bandwidth to avoid P-State hangs caused by the previous ordering.,4,0,0,0,,,,,,,,,71.414,,,,,,
b888886a45,ollama_gpt-oss_120b,4,"Adds a pinctrl controller node to the MT6795 device tree, with compatible string, register definitions, interrupt specs, GPIO and interrupt controller properties, and includes the pinfunc binding header.",0,0,0,4,,,,,,,,,72.46,,,,,,
b8a71b9536,ollama_gpt-oss_120b,4,"Corrects numerous typographical errors in comments, strings, and documentation across the ath10k driver files.",0,0,4,0,,,,,,,,,84.763,,,,,,
b92d8a6e93,ollama_gpt-oss_120b,4,"The commit simplifies the c67x00 driver remove routine by deleting unnecessary NULL checks before freeing IRQ and releasing memory, relying on the guarantee that resources were obtained during probe.",0,0,4,0,,,,,,,,,54.928,,,,,,
b93d2ec34e,ollama_gpt-oss_120b,4,"The commit updates the KVM documentation to clarify MSR filtering semantics, correct terminology, fix an off‑by‑one description error, and remove redundant sections. No code behavior is changed.",0,0,4,0,,,,,,,,,65.699,,,,,,
b98c359f1d,ollama_gpt-oss_120b,4,"Renames page_swap_flags to folio_swap_flags and updates its usage to operate on folio structures, moving the page‑to‑folio conversion down a level.",0,0,4,0,,,,,,,,,70.547,,,,,,
b98d2d722f,ollama_gpt-oss_120b,4,"The commit updates warning strings in mlx5e_rss_warn, replacing 'LRO state' with 'packet merge state' to reflect a naming change; no functional code is altered.",0,0,4,0,,,,,,,,,66.678,,,,,,
b9f3973ab3,ollama_gpt-oss_120b,4,"Implements nested VMLOAD/VMSAVE support in AMD SVM KVM. Introduces a flag for virtual VMLOAD/VMSAVE enablement, conditional intercept logic, updates CPUID handling, sets CPU capability bits, and restores NPT detection helper.",0,0,0,4,,,,,,,,,67.916,,,,,,
ba05b39d26,ollama_gpt-oss_120b,4,"The patch changes cdns_fill_msg_resp to only copy response data into msg->buf for READ messages, leaving the buffer untouched for WRITE commands, preventing unintended modification of the caller's buffer.",4,0,0,0,,,,,,,,,61.714,,,,,,
ba3ea04a25,ollama_gpt-oss_120b,4,"Introduces a local variable `dev` for `&pdev->dev` and replaces all direct uses of `&pdev->dev` with this variable across ACPI, devm allocations, regmap, IRQ chip, and MFD registration, making the driver code cleaner without functional changes.",0,0,4,0,,,,,,,,,71.75,,,,,,
bac4b41d91,ollama_gpt-oss_120b,4,"The patch introduces a struct to hold temporary variables used by dml32_CalculateSwathAndDETConfiguration, adds it to the dummy_vars container, changes the function signature to accept a pointer, and updates all call sites and internal references to use the struct fields, thereby reducing stack consumption.",0,0,4,0,,,,,,,,,75.633,,,,,,
bad0eb76dc,ollama_gpt-oss_120b,4,"The commit updates the Chinese translation of the admin‑guide index, reformatting the 'Todolist' sections from plain indented lines to proper bullet lists using asterisks, improving readability of the generated HTML documentation.",0,0,4,0,,,,,,,,,75.868,,,,,,
bb2aa78e9a,ollama_gpt-oss_120b,4,"Moves the SVM TSC ratio constant definitions from svm.c into the public header svm.h, aligning the code with the SVM specification and centralizing these macros.",0,0,4,0,,,,,,,,,62.389,,,,,,
bc055a50a8,ollama_gpt-oss_120b,4,"Adds a new enum value to the Renesas USB2 PHY devicetree binding YAML to document the RZ/G2UL SoC, noting it uses the existing compatible string as fallback.",0,0,4,0,,,,,,,,,77.049,,,,,,
bc4c94994f,ollama_gpt-oss_120b,4,"The patch rewrites the LTC2983 IIO driver to use the generic device‑property (fwnode) API instead of OF‑specific calls, making it work on non‑device‑tree platforms and adjusting memory allocation and endian handling accordingly.",0,0,4,0,,,,,,,,,57.276,,,,,,
bcdf998ea3,ollama_gpt-oss_120b,4,Adds alternate pinmux definitions for DCMI pins (dcmi_pins_c and dcmi_sleep_pins_c) in the STM32MP15 pinctrl device tree to support the AV96 board.,0,0,0,4,,,,,,,,,73.236,,,,,,
bce1b56c73,ollama_gpt-oss_120b,4,"The commit reverts a prior change that altered sbitmap_queue_wake_up to accept a count argument. It restores the original function signature and call sites, removing the count parameter, because the change caused CPU stalls and possible infinite loops.",4,0,0,0,,,,,,,,,60.068,,,,,,
bceb8b8ded,ollama_gpt-oss_120b,4,"The patch deletes the unused qid member from struct mt76_queue and removes all assignments to it in TX and MCU queue initialization for SDIO, USB, and generic code, as it is no longer referenced.",0,0,4,0,,,,,,,,,65.227,,,,,,
bd2db32e7c,ollama_gpt-oss_120b,4,"Reorders operations in moxart_remove() so that register writes occur before mmc_free_host(), preventing use‑after‑free of the host structure.",4,0,0,0,,,,,,,,,66.103,,,,,,
bd363ee533,ollama_gpt-oss_120b,3,"The patch adds a line that sets the sta.mlo flag based on the link_id when preparing a new station, ensuring the flag reflects whether the connection uses Multi‑Link Operation.",4,0,0,0,,,,,,,,,70.841,,,,,,
bd53e442e8,ollama_gpt-oss_120b,4,"Adds minimal user_regset support for the m68k architecture, enabling core dump handling in the ELF FDPIC loader. Includes header includes, a get function, regset definitions, and a view returned by task_user_regset_view, compiled only when CONFIG_BINFMT_ELF_FDPIC and CONFIG_ELF_CORE are enabled.",0,0,0,4,,,,,,,,,62.711,,,,,,
bdf240188b,ollama_gpt-oss_120b,4,The commit adds the V4L2_CTRL_FLAG_MODIFY_LAYOUT flag to the HFLIP and VFLIP controls in the imx319 driver so that the V4L2 core knows the image layout changes when flips are applied.,4,0,0,0,,,,,,,,,64.205,,,,,,
be2b2f6b62,ollama_gpt-oss_120b,4,"The patch changes process_msg_close from returning int to void because it always returns 0, and updates its call site accordingly, removing the unused return value.",0,0,4,0,,,,,,,,,59.286,,,,,,
be78aa8a38,ollama_gpt-oss_120b,4,"Implements the SBI v0.3 System Reset (SRST) extension for RISC‑V KVM guests by adding the extension struct and handler, enabling poweroff and reboot calls from the guest.",0,0,0,4,,,,,,,,,68.409,,,,,,
bea75b3389,ollama_gpt-oss_120b,4,"Adds optional 16‑byte NOP padding before each x86 function via new Kconfig options, compiler flags, and assembly macros, enabling software call‑stack tracking and kCFI/FineIBT support.",0,0,0,4,,,,,,,,,72.864,,,,,,
bedcf9d1dc,ollama_gpt-oss_120b,4,"The patch renames all occurrences of ""video_pll1"" to ""video_pll"" in the i.MX8MN clock driver and its DT binding header, matching the reference manual. Old symbols are kept as aliases for backward compatibility. No functional behavior is altered.",0,0,4,0,,,,,,,,,71.139,,,,,,
bf172a01ea,ollama_gpt-oss_120b,4,"The patch refactors i9xx_update_wm() to use the existing single_enabled_crtc() helper instead of a custom 'enabled' variable, removing the ad‑hoc tracking variable and simplifying the logic for legacy watermarks.",0,0,4,0,,,,,,,,,79.394,,,,,,
bf29274d77,ollama_gpt-oss_120b,3,"Adds checks when entering MALL static screen to ensure PSR panels are already in PSR and avoids overriding link settings for phantom streams, fixing incorrect handling of PSR panels during MALL entry.",4,0,0,0,,,,,,,,,64.892,,,,,,
bf2e1ae417,ollama_gpt-oss_120b,4,"Changes audit_init_parent to accept a const struct path, preventing modification of the path argument and improving const-correctness.",0,0,4,0,,,,,,,,,68.07,,,,,,
bf54d97a83,ollama_gpt-oss_120b,4,"The commit modifies the TAS2770 codec driver to set the minimum channel count from 2 to 1, enabling mono playback streams for the mono speaker amp that can downmix and switch channels.",0,0,0,4,,,,,,,,,64.249,,,,,,
bfb5711e24,ollama_gpt-oss_120b,4,"Replace pm_runtime_get_sync with pm_runtime_resume_and_get in the stm32 vrefbuf regulator driver, removing extra error handling and simplifying power‑management calls.",0,0,4,0,,,,,,,,,76.179,,,,,,
bfc618fcc3,ollama_gpt-oss_120b,4,"The patch modifies the Intel raw NAND controller probe to read the chip‑select ('reg') from the NAND chip's child OF node and passes that node to nand_set_flash_node, correcting the previous use of the controller node.",4,0,0,0,,,,,,,,,55.239,,,,,,
c01147d929,ollama_gpt-oss_120b,4,"The commit replaces XFS inode fork size macros with inline type‑checked helper functions, adds those functions to xfs_inode.h, and updates all call sites across the XFS codebase to use the new functions.",0,0,4,0,,,,,,,,,88.094,,,,,,
c1631dbc00,ollama_gpt-oss_120b,4,"The patch corrects hci_read_buffer_size_sync to stop using the LE‑only command HCI_OP_LE_READ_BUFFER_SIZE_V2 and moves that logic to hci_le_read_buffer_size_sync, fixing incorrect command usage.",4,0,0,0,,,,,,,,,71.448,,,,,,
c1da5a7bef,ollama_gpt-oss_120b,3,"The patch replaces a fixed-size stack array for the efuse buffer with a kmalloc‑allocated buffer and frees it before returning, removing the __aligned(4) qualifier.",0,0,4,0,,,,,,,,,69.162,,,,,,
c1e48e36c1,ollama_gpt-oss_120b,4,"The commit changes several functions in dcn32_hubbub.c from external linkage to static because they are only used within that file, eliminating compiler warnings about missing prototypes.",0,0,4,0,,,,,,,,,74.81,,,,,,
c223929418,ollama_gpt-oss_120b,4,"The commit fixes a crash in the ptp_ocp driver where sysfs_remove_group was called on attribute groups that were never created. It computes the groups to register based on firmware capabilities, registers them with sysfs_create_groups, and removes them with sysfs_remove_groups, adding proper error handling.",4,0,0,0,,,,,,,,,68.636,,,,,,
c24538f538,ollama_gpt-oss_120b,4,"Removes the declaration of the unused function intel_gt_create_kobj from intel_gt_sysfs.h, cleaning up the header and eliminating dead code.",0,0,4,0,,,,,,,,,70.855,,,,,,
c297448760,ollama_gpt-oss_120b,4,"Changes Kconfig for MAX9759 codec: replaces 'select GPIOLIB' with 'depends on GPIOLIB' to avoid forcing the GPIO library when not needed, eliminating build warnings.",0,0,4,0,,,,,,,,,54.532,,,,,,
c2bc16817a,ollama_gpt-oss_120b,4,"Introduces folio_batch_move_lru and related helpers, replacing pagevec‑based LRU handling with folio_batch infrastructure in mm/swap.c, updating rotate and drain code accordingly.",0,0,4,0,,,,,,,,,87.334,,,,,,
c2ca36e82f,ollama_gpt-oss_120b,4,Removes the unnecessary f2fs_lock_op/f2fs_unlock_op around f2fs_alloc_nid in f2fs_new_inode because allocation does not need checkpoint blocking and the nat_tree_lock already protects the operation.,0,0,4,0,,,,,,,,,61.914,,,,,,
c3ad8d23bc,ollama_gpt-oss_120b,4,"Adds a new function perf_cpu_map__is_subset to the perf cpumap library and its header, enabling callers to test whether one CPU map is a subset of another.",0,0,0,4,,,,,,,,,57.964,,,,,,
c4168db7c8,ollama_gpt-oss_120b,3,"The patch adds explicit include directives for seq_file.h, pinctrl/consumer.h, pinconf-generic.h and reorders all headers alphabetically, removing duplicated generic includes in the Lynxpoint pinctrl driver.",0,0,4,0,,,,,,,,,60.882,,,,,,
c4d2497032,ollama_gpt-oss_120b,4,"Removes the redundant tcf_connmark_walker and tcf_connmark_search functions and their registrations in act_connmark_ops, relying on the generic walker/search implementations, thus simplifying the connmark action code.",0,0,4,0,,,,,,,,,82.873,,,,,,
c4d66f7db6,ollama_gpt-oss_120b,4,"Adds support for 64‑bit software bundle initialization in the Nouveau GPU driver by introducing sw_bundle64_init handling, sending high 32 bits when needed, and updating related structures and cleanup.",4,0,0,0,,,,,,,,,75.13,,,,,,
c4d987de9c,ollama_gpt-oss_120b,4,"The patch replaces the old vb2_find_timestamp + index lookup pattern with the new vb2_find_buffer API, changing stored reference buffers from indices to direct vb2_buffer pointers and simplifying related helper functions.",0,0,4,0,,,,,,,,,62.121,,,,,,
c575521462,ollama_gpt-oss_120b,4,"Adds a suite of KUnit tests for MCTP route input key and tag matching, introducing a helper macro, a test parameter struct, a test function exercising various key configurations, and registers the new test case.",0,0,4,0,,,,,,,,,75.737,,,,,,
c5e58c4545,ollama_gpt-oss_120b,4,"The patch updates the cs46xx ALSA driver probe routine to route all error paths to a new label that calls snd_card_free(card) before returning, ensuring proper cleanup of allocated resources that were previously left unreleased on probe failures.",4,0,0,0,,,,,,,,,66.57,,,,,,
c5e804ba38,ollama_gpt-oss_120b,4,"Switches error handling in the mxsfb DRM driver to use the dev_err_probe() helper, removing manual dev_err checks and adding a deferred‑probe hint in debugfs.",0,0,4,0,,,,,,,,,77.982,,,,,,
c5e97ed154,ollama_gpt-oss_120b,4,"The patch replaces all uses of page->freelist with page->index in bootmem handling, because freelist is meant for slab. Using the integer index avoids pointer casts and aligns with the intended field usage.",0,0,4,0,,,,,,,,,50.551,,,,,,
c5f81301d0,ollama_gpt-oss_120b,4,"Switches the sdw-mockup driver to use the new snd_sdw_params_to_config helper for converting PCM hw_params to SoundWire stream and port configuration, adding the appropriate header and simplifying the code.",0,0,4,0,,,,,,,,,63.825,,,,,,
c65234b283,ollama_gpt-oss_120b,4,Fixes a memory leak in configfs_create_dir and configfs_create_link by adding missing configfs_put calls on error paths to correct reference counting.,4,0,0,0,,,,,,,,,67.434,,,,,,
c6c1f11b69,ollama_gpt-oss_120b,4,"The commit refactors error handling in XDP redirect code, changing returned errno values to distinguish allocation failures (ENOMEM) from full Rx buffers (ENOBUFS), enabling drivers to react appropriately.",0,0,4,0,,,,,,,,,74.797,,,,,,
c7c16c5b19,ollama_gpt-oss_120b,4,"The patch removes the code that unbinds the NVMe driver when a controller reset fails and instead shuts the controller down, marks namespaces dead, and sets the controller state to DEAD, keeping the driver bound.",4,0,0,0,,,,,,,,,59.011,,,,,,
c7e31e36d8,ollama_gpt-oss_120b,3,"Adds `additionalProperties: false` to OPP binding schemas to ensure only documented properties are allowed, tightening the device‑tree documentation.",0,0,4,0,,,,,,,,,61.44,,,,,,
c86d18f4aa,ollama_gpt-oss_120b,4,"Adds a missing free_uid() call in __io_sqe_files_scm() to release the UID reference when no files are processed, preventing a memory leak.",4,0,0,0,,,,,,,,,62.496,,,,,,
c8bd296cca,ollama_gpt-oss_120b,4,"Adds select statements for CRYPTO_AES and CRYPTO_CBC in the ARM NEON AES‑BS config so the algorithm has required generic fallbacks, preventing registration failure at boot.",4,0,0,0,,,,,,,,,62.286,,,,,,
c8d18e4402,ollama_gpt-oss_120b,4,"The patch changes the soc_setup_card_name macro to accept the card struct, adds a length check for the driver name, and logs an error when the name exceeds the driver field size, improving driver name handling in ASoC.",0,4,0,0,,,,,,,,,67.864,,,,,,
c8e98eaf2b,ollama_gpt-oss_120b,4,"Adds a new board configuration (adl_rt5682) for Intel SOF platforms to support the alc5682 codec without a speaker amplifier, and registers it in the ACPI machine match table.",0,0,0,4,,,,,,,,,75.835,,,,,,
c90b6b50b4,ollama_gpt-oss_120b,4,"The commit removes the unused gfp_flags argument from null_alloc_page, hard‑codes GFP_NOIO inside the function, and updates its sole caller, simplifying the null_blk driver code.",0,0,4,0,,,,,,,,,62.264,,,,,,
c951cd3b89,ollama_gpt-oss_120b,4,"Adds a configurable sysfs interface for DAMON, introducing Kconfig option, Makefile entry, and a large sysfs implementation that creates hierarchical directories and files for configuring DAMON contexts, targets, intervals, etc.",0,0,0,4,,,,,,,,,76.085,,,,,,
c95aa2bab9,ollama_gpt-oss_120b,4,"Adds a missing NET dependency to INTEL_HFI_THERMAL in Kconfig, resolving a warning and numerous build errors caused by an unmet direct dependency.",4,0,0,0,,,,,,,,,64.87,,,,,,
c9da02bfb1,ollama_gpt-oss_120b,4,"Corrects swapped bitmask definitions in Mediatek Ethernet driver macros so that RX_DMA_GET_SPORT extracts 3 bits and RX_DMA_GET_SPORT_V2 extracts 4 bits, fixing incorrect source‑port decoding.",4,0,0,0,,,,,,,,,61.377,,,,,,
c9e6aeb588,ollama_gpt-oss_120b,4,"The commit resets two local boolean flags at the start of a prefetch calculation loop in the AMD DC DML code, fixing a bug where the loop failed to exit properly after a failure, causing excessive use of VStartup lines.",4,0,0,0,,,,,,,,,72.117,,,,,,
cacdb14b1c,ollama_gpt-oss_120b,4,"Adds mutex locking around the circular buffer updates in roccat_report_event to synchronize with roccat_read, eliminating a race where the buffer could be freed while being copied to userspace, thus fixing a use‑after‑free bug.",4,0,0,0,,,,,,,,,55.016,,,,,,
cae5c1ab05,ollama_gpt-oss_120b,4,"The commit removes many #if CONFIG_DRM_AMD_DC_DCN guards in the amdgpu_dm driver, making code unconditional because the DC layer is OS‑agnostic. This cleans up redundant compile‑time configuration.",0,0,4,0,,,,,,,,,89.84,,,,,,
cb04b5ef85,ollama_gpt-oss_120b,4,"Ensures the DTIM period set for a link is retained and correctly propagated, removing code that cleared it and adding proper handling after beacon processing.",4,0,0,0,,,,,,,,,69.64,,,,,,
cb55f27ac9,ollama_gpt-oss_120b,4,"Adds a list_for_each_table_entry macro to iterate over ctl_table entries until procname is NULL and replaces existing manual loops with this macro throughout proc_sysctl.c, improving readability and reducing duplication.",0,0,4,0,,,,,,,,,82.218,,,,,,
cbd2574854,ollama_gpt-oss_120b,4,"Adjusts io_uring multishot accept handling to correctly drop the operation when posting an auxiliary CQE fails, fixing the ordering and return logic for overflow cases.",4,0,0,0,,,,,,,,,90.942,,,,,,
cc1049ccee,ollama_gpt-oss_120b,4,"The commit fixes incorrect speed initialization for CPU/DSA ports in the mv88e6xxx DSA driver by fetching MAC capabilities via mv88e6xxx_get_caps() before using them, correcting the default 10M speed caused by missing capabilities.",4,0,0,0,,,,,,,,,62.826,,,,,,
cc2609eda6,ollama_gpt-oss_120b,4,"The commit updates ath10k driver code to satisfy recent checkpatch warnings by replacing strlcpy with strscpy and correcting a printf format specifier, without altering runtime behavior.",0,0,4,0,,,,,,,,,70.705,,,,,,
cc2f2df48a,ollama_gpt-oss_120b,4,"Adds the ""#sound-dai-cells"" property to the it66121 device‑tree binding to document audio support.",0,0,4,0,,,,,,,,,74.047,,,,,,
cc767e7c69,ollama_gpt-oss_120b,4,"Adds a guard in io_sendmsg_zc to reject zero‑copy sendmsg on sockets lacking the SOCK_SUPPORT_ZC flag, returning -EOPNOTSUPP.",4,0,0,0,,,,,,,,,79.526,,,,,,
ccb9bc1dfa,ollama_gpt-oss_120b,4,"Adds ethtool --identify support to the Netronome NFP driver by implementing a phys_id handler that toggles the NIC's panel LED via a new firmware command, and exposing it through the driver’s ethtool operations.",0,0,0,4,,,,,,,,,68.785,,,,,,
cd044ff918,ollama_gpt-oss_120b,4,"Adds a YAML device‑tree binding file for the Himax hx83112b touchscreen controller and registers it in MAINTAINERS, enabling kernel to recognize and configure this hardware.",0,0,0,4,,,,,,,,,68.469,,,,,,
cd4e5f30f5,ollama_gpt-oss_120b,4,"Adds a fixed regulator, enables the second PCIe controller and its combphy, and defines pinctrl for PCIe enable and reset in the quartz64-b device tree, providing hardware support for PCIe 2.",0,0,0,4,,,,,,,,,68.821,,,,,,
cd50f9b247,ollama_gpt-oss_120b,4,"The patch separates nvme_kill_queues into two parts: nvme_mark_namespaces_dead (marks all namespace disks dead) and moves the unquiescing of I/O queues to callers, updating all call sites and renaming the function.",0,0,4,0,,,,,,,,,58.728,,,,,,
cdbb816b5b,ollama_gpt-oss_120b,4,"The patch removes all checks for the CE (correctable error) status in various UMC RAS error‑address query functions, leaving only the UE (uncorrectable error) condition and cleaning related comments. This simplifies the code because only UE errors are currently handled.",0,0,4,0,,,,,,,,,73.681,,,,,,
ce0091a0e0,ollama_gpt-oss_120b,4,"The commit resolves sparse static analysis warnings in PowerPC time code by declaring missing symbols, adding the proper header for rtc_lock, moving dtl_consumer definition after its header, and removing a duplicate extern declaration.",0,0,4,0,,,,,,,,,64.169,,,,,,
ce3a0a29fb,ollama_gpt-oss_120b,4,"Adds <linux/string_helpers.h> and replaces an inline conditional string with the str_enable_disable() helper in a dev_dbg call, improving readability without changing runtime behavior.",0,0,4,0,,,,,,,,,69.072,,,,,,
cee7db1b02,ollama_gpt-oss_120b,4,"Adds conditional loading of xeCJK.sty in the documentation preamble, preventing LaTeX errors on systems where texlive-xecjk is absent.",4,0,0,0,,,,,,,,,82.031,,,,,,
cf0d7e7f45,ollama_gpt-oss_120b,4,"The patch replaces struct sockaddr with struct sockaddr_storage in NFS code, updates related function signatures and casts, and adjusts memcpy calls to use the full address size, removing fortify overflow warnings and correcting potential buffer overflows.",4,0,0,0,,,,,,,,,68.738,,,,,,
cf260db405,ollama_gpt-oss_120b,4,"The patch updates btrfs ordered-data.c to replace the macro INT_LIMIT(loff_t) with OFFSET_MAX, improving code readability without altering logic.",0,0,4,0,,,,,,,,,67.527,,,,,,
cf8f4462e5,ollama_gpt-oss_120b,4,"The patch removes the obsolete of_gpio.h header and replaces the driver’s use of the deprecated of_mm_gpio_chip and of_* helpers with the standard gpio_chip API, adding explicit ioremap for registers and using devm_gpiochip_add_data.",0,0,4,0,,,,,,,,,68.236,,,,,,
cff35798fa,ollama_gpt-oss_120b,4,"Ensures CU masking works correctly on GFX10+ GPUs with WGP mode by adjusting mask handling and adding validation, fixing incorrect dispatch behavior.",4,0,0,0,,,,,,,,,106.426,,,,,,
d016fc7ab5,ollama_gpt-oss_120b,3,"The patch replaces a custom stop_irq_work function and devm_add_action with the helper devm_delayed_work_autocancel, simplifying delayed‑work handling in the max14656 charger detector driver.",0,0,4,0,,,,,,,,,75.08,,,,,,
d082a0255f,ollama_gpt-oss_120b,4,"Adds a hardware capability flag for ARM64 MTE asymmetric mode (FEAT_MTE3), updating documentation, kernel and uapi headers, cpufeature table, and cpuinfo string so userspace can detect support.",0,0,0,4,,,,,,,,,72.363,,,,,,
d0864ee4f8,ollama_gpt-oss_120b,4,"The patch extracts all combo PHY register definitions from i915_reg.h into a new header intel_combo_phy_regs.h, updates driver source files to include this header, and removes the now‑redundant block from i915_reg.h. No functional changes, only code reorganization.",0,0,4,0,,,,,,,,,78.532,,,,,,
d0871b5a22,ollama_gpt-oss_120b,4,"The commit refactors the palmas MFD driver probe function to obtain driver-specific data via device_get_match_data() instead of manually using of_match_device(), removing unused variables and simplifying code.",0,0,4,0,,,,,,,,,50.551,,,,,,
d09adf6100,ollama_gpt-oss_120b,4,"The patch replaces manual 32‑bit reads of high/low registers with the generic ioread64_hi_lo()/iowrite64_hi_lo() helpers, adding the appropriate header and simplifying timestamp extraction in the PCH PTP driver.",0,0,4,0,,,,,,,,,75.381,,,,,,
d13bc4d84a,ollama_gpt-oss_120b,4,"The commit deletes the Promise SATA SX8 block driver: removes its Kconfig option, Makefile entry, and the entire source file, as the hardware is obscure and unmaintained.",0,0,4,0,,,,,,,,,89.111,,,,,,
d13da2f4c8,ollama_gpt-oss_120b,4,"The commit updates the QCOM USB VBUS regulator device‑tree binding documentation, renaming the example node from dcdc@1100 to usb-vbus-regulator@1100 to use a more appropriate generic name.",0,0,4,0,,,,,,,,,63.499,,,,,,
d147553b64,ollama_gpt-oss_120b,4,"Adds UNTRAIN_RET macro to Xen error entry so that Xen's entry path includes the speculation‑mitigation return‑training instruction, ensuring the same protection as other entry points.",0,4,0,0,,,,,,,,,62.377,,,,,,
d184cc910e,ollama_gpt-oss_120b,4,"The patch deletes the legacy <linux/gpio.h> header from drivers/media/i2c/ccs/ccs-core.c because the driver already includes <linux/gpio/consumer.h>, making the former include unnecessary.",0,0,4,0,,,,,,,,,60.645,,,,,,
d1ad2721b1,ollama_gpt-oss_120b,4,"The commit adds linux/cyclades.h to the no-header-test list in usr/include/Makefile, so the kbuild header check no longer examines this file, which now emits a warning when included.",3,0,0,0,,,,,,,,,66.162,,,,,,
d1ddc536df,ollama_gpt-oss_120b,4,"The commit adds a dma_dev pointer to mt76_dev, initializes it with the PCI device, and replaces all DMA mapping/unmapping calls to use this pointer, allowing the driver to override the device used for DMA. This enables WED support requiring non‑coherent DMA.",0,0,0,4,,,,,,,,,99.649,,,,,,
d1f68ba069,ollama_gpt-oss_120b,4,"Renames btrfs_insert_file_extent to btrfs_insert_hole_extent, removes unused parameters, and updates all call sites so the function now only inserts holes with zeroed metadata fields.",0,0,4,0,,,,,,,,,67.761,,,,,,
d23417a5bf,ollama_gpt-oss_120b,4,"The patch frees the debug_help_string buffer during module cleanup and after its use, eliminating a kmemleak reported when inserting and removing the orangefs module.",4,0,0,0,,,,,,,,,72.729,,,,,,
d2403ee73d,ollama_gpt-oss_120b,4,"Rewrites the qcom,adsp devicetree binding YAML to replace maxItems constraints with explicit interrupt and interrupt-name item lists and adjusts conditional schema, simplifying handling of an optional last interrupt.",0,0,4,0,,,,,,,,,69.943,,,,,,
d24e7855ef,ollama_gpt-oss_120b,4,"The commit raises the GT reset watchdog timeout from 5 seconds to 60 seconds, giving resets more time before the driver wedges the device and discarding user work.",4,0,0,0,,,,,,,,,71.909,,,,,,
d31d37912e,ollama_gpt-oss_120b,4,"Adds PTP interrupt support to the sparx5 Ethernet driver: introduces ptp_irq field, requests the IRQ, implements a threaded handler that processes two‑step timestamps, matches them to skbs, and records hardware timestamps.",0,0,0,4,,,,,,,,,71.577,,,,,,
d3345fecf9,ollama_gpt-oss_120b,4,"Adds a requires_cpu flag to distinguish uncore events that need a specific CPU, replaces misuse of system_wide flag, updates struct and logic in perf to handle this correctly.",4,0,0,0,,,,,,,,,62.684,,,,,,
d3a20dcbca,ollama_gpt-oss_120b,4,"Adds kernel-doc comments for two new fields in struct tegra_pmc to describe their purpose, without changing code behavior.",0,0,4,0,,,,,,,,,67.517,,,,,,
d3b43eb505,ollama_gpt-oss_120b,4,"Adds a null‑pointer check after calling platform_get_resource() in the mt6397 RTC driver; if the call returns NULL the probe returns -EINVAL, preventing a dereference of a NULL pointer.",4,0,0,0,,,,,,,,,60.188,,,,,,
d4893978f9,ollama_gpt-oss_120b,4,"The patch renames the existing filter flow‑group identifiers to include “vlan”, updating macros, function names, variable names and struct fields in the Mellanox mlx5 bridge driver to distinguish them from the upcoming QinQ group, improving code readability.",0,0,4,0,,,,,,,,,71.494,,,,,,
d4940b84da,ollama_gpt-oss_120b,4,"The patch deletes the now‑unused declaration of arch_kprobe_override_function() from arch/x86/include/asm/kprobes.h, as the function itself was removed in a prior commit.",0,0,4,0,,,,,,,,,74.243,,,,,,
d49fc69293,ollama_gpt-oss_120b,4,"Moves the -mno-branch-likely flag check into Kconfig and adds it only when the compiler supports it, preventing clang warnings from becoming fatal errors and breaking builds.",4,0,0,0,,,,,,,,,91.234,,,,,,
d4ad017d63,ollama_gpt-oss_120b,4,"Changes platform_get_irq_byname to use the generic fwnode_irq_get_byname API, allowing named IRQ lookup for both OF and ACPI described devices.",0,0,4,0,,,,,,,,,59.191,,,,,,
d4bfba1e75,ollama_gpt-oss_120b,4,"Adds hda_codec_device_remove() helper to encapsulate codec removal, updates the header, and replaces the direct snd_hdac_ext_bus_device_remove call in hda.c with this helper, improving separation between controller and codec code.",0,0,4,0,,,,,,,,,59.138,,,,,,
d57716702d,ollama_gpt-oss_120b,8,"The patch adds two new header files (`mmhub_3_0_1_offset.h` and `mmhub_3_0_1_sh_mask.h`) that define a comprehensive set of register offsets and bit‑field masks for the MMHUB block of AMD GPUs, specifically for version 3.0.1. No functional code changes are made; the commit simply expands the register database to support newer hardware revisions.",2,2,0,5,,,,,,,,,104.688,,,,,,
d5f497b889,ollama_gpt-oss_120b,4,"The patch replaces three sprintf calls with snprintf in ptp_ocp_verify, supplying the buffer size to avoid possible overflow and make the code easier to review.",0,0,4,0,,,,,,,,,72.075,,,,,,
d61876a285,ollama_gpt-oss_120b,4,"The patch rewrites devm_clk_hw_register_clkdev() to use devm_add_action_or_reset() instead of manual devres_alloc()/devres_add(), removing extra code while keeping behavior unchanged.",0,0,4,0,,,,,,,,,65.468,,,,,,
d64a29af12,ollama_gpt-oss_120b,3,"Adds missing bounds checks for timestamp and command‑queue counter offsets in habanalabs driver, changing a > comparison to >= and validating cq offset against buffer size.",4,0,0,0,,,,,,,,,75.362,,,,,,
d6501ecfb6,ollama_gpt-oss_120b,3,"The commit corrects the dev_warn format string for an unsigned 32‑bit variable, changing %d to %#x and consolidating the call into a single line.",0,0,4,0,,,,,,,,,64.032,,,,,,
d6c2964db3,ollama_gpt-oss_120b,4,"Extends the Sparx5 driver to support additional TC flower match keys (IPv4/IPv6 addresses, control flags, ports, basic protocol info, VLAN, TCP flags, IP TOS) for the IS2 VCAP and adds a 128‑bit keyfield API for IPv6 addresses with corresponding parsing handlers.",0,0,0,4,,,,,,,,,87.348,,,,,,
d6c47d21a0,ollama_gpt-oss_120b,4,"Adds support for Amlogic Meson S4 SoCs in the meson‑gpio IRQ driver by defining a new register, implementing an S4‑specific irq_set_type function, creating a parameter struct for 12‑line GPIO IRQs, and registering the compatible string in the device match table.",0,0,0,4,,,,,,,,,75.384,,,,,,
d6d0c7f681,ollama_gpt-oss_120b,4,"The commit introduces a new CPU feature flag X86_FEATURE_PERFMON_V2 for AMD processors, mapping CPUID leaf 0x80000022 bit 0 to this flag and updating the scattered feature table accordingly.",0,0,0,4,,,,,,,,,82.78,,,,,,
d6dd2fe711,ollama_gpt-oss_120b,4,"Fixes a 32‑byte memory leak in ibmvnic reset handling by freeing the temporary rwi structure when the last reset succeeds, correcting logic introduced by a previous commit.",4,0,0,0,,,,,,,,,65.111,,,,,,
d6f8168e43,ollama_gpt-oss_120b,4,"The patch casts __fls to unsigned long in a dev_err call to silence a %ld format warning on arc, m68k and sparc, enabling successful allmodconfig builds on those architectures.",4,0,0,0,,,,,,,,,58.757,,,,,,
d775155a86,ollama_gpt-oss_120b,4,"The commit renames the driver file ice_sriov.c and its header to ice_vf_mbx.c, updates the Makefile and include directives, and prepares the code for future Scalable IOV support while keeping existing SR-IOV logic unchanged.",0,0,4,0,,,,,,,,,72.031,,,,,,
d80afefb17,ollama_gpt-oss_120b,4,"The patch corrects FS_CP_DATA_IO accounting in f2fs when data_flush is enabled by separating cp_task into cp_task (for checkpoint accounting) and wb_task (to avoid deadlock), adding a new field and adjusting related functions.",4,0,0,0,,,,,,,,,72.651,,,,,,
d873697ef2,ollama_gpt-oss_120b,4,"Adds a guard in ieee80211_tx_control_port() to avoid calling __ieee80211_select_queue() when the hardware has fewer than four TX queues, fixing a regression that caused invalid queue selection on non‑QoS drivers such as ralink rt2500‑pci.",4,0,0,0,,,,,,,,,61.615,,,,,,
d8ca113724,ollama_gpt-oss_120b,4,"Adds support for NVIDIA Tegra234 Multi‑Gigabit Ethernet (MGBE) by creating a Kconfig option, Makefile entry, and a new dwmac‑tegra.c driver implementing probe, suspend/resume, serdes handling and integration with the stmmac framework.",0,0,0,4,,,,,,,,,83.181,,,,,,
d8fa2fd791,ollama_gpt-oss_120b,4,"Adds string representations for two iavf driver states (__IAVF_INIT_EXTENDED_CAPS and __IAVF_INIT_CONFIG_ADAPTER) in iavf_state_str, fixing missing debug prints of state transitions.",0,0,4,0,,,,,,,,,62.869,,,,,,
d8fc085509,ollama_gpt-oss_120b,4,"Adds support in perf inject to copy the kcore_dir from the input perf.data to the output, introducing a flag and copy routine to preserve kernel symbols and related files.",0,0,0,4,,,,,,,,,99.451,,,,,,
d931686dc2,ollama_gpt-oss_120b,4,"Adds a reference to the common CAN controller binding in the sun4i-a10 CAN device tree binding file, updating the YAML to include the shared can-controller.yaml schema.",0,0,4,0,,,,,,,,,64.956,,,,,,
d955cf3df3,ollama_gpt-oss_120b,4,"Moves the Renesas product register devicetree binding file from Documentation/devicetree/bindings/soc to Documentation/devicetree/bindings/hwinfo, updates its $id URL and adds the new path to MAINTAINERS.",0,0,4,0,,,,,,,,,72.393,,,,,,
d9ad805083,ollama_gpt-oss_120b,4,"The patch removes redundant (u8) casts in two comparisons against VERSION_8190_BD, which is already an 8‑bit constant, simplifying the code without altering functionality.",0,0,4,0,,,,,,,,,55.038,,,,,,
d9dcb63677,ollama_gpt-oss_120b,4,The patch deletes an unnecessary #include <linux/msi.h> from drivers/iommu/of_iommu.c because the file does not use any symbols from that header. No other modifications are made.,0,0,4,0,,,,,,,,,64.736,,,,,,
d9edc4bc67,ollama_gpt-oss_120b,4,"Adds support for NAND devices with OOB size >1 KB by introducing new BCH geometry calculations that ensure the bad‑block mark stays in a data chunk, with a fallback to separate ECC for metadata.",0,0,0,4,,,,,,,,,75.329,,,,,,
da4363457f,ollama_gpt-oss_120b,3,"Adds conditional compilation guards around Energy Model functions in the cppc_cpufreq driver so that when CONFIG_ENERGY_MODEL is disabled on arm64 the unused functions are omitted, eliminating -Werror=unused-function warnings and avoiding unnecessary work.",0,0,4,0,,,,,,,,,62.914,,,,,,
da92e03c7f,ollama_gpt-oss_120b,4,"Initializes previously uninitialized variables and adds return‑value/pointer checks to silence smatch warnings, preventing use of undefined data and invalid dereferences.",0,4,0,0,,,,,,,,,71.527,,,,,,
daeb1c2b50,ollama_gpt-oss_120b,4,"The commit removes duplicated wake‑up interrupt definitions from the Exynos850 pin controller device‑tree node, correcting the DTS so that only the appropriate interrupt entries remain.",4,0,0,0,,,,,,,,,66.888,,,,,,
db45c76bad,ollama_gpt-oss_120b,4,"Adds interrupt configuration and handler callbacks to the KSZ9477 PHY driver, enabling interrupt support similar to other Micrel PHYs.",0,0,0,4,,,,,,,,,81.823,,,,,,
dc09fe1c5e,ollama_gpt-oss_120b,4,"Adds support for the Apple DART2 IOMMU used in M1 Pro/Max/Ultra SoCs by introducing a new PTE format, address mask/shift, protection bits, and registering the new format in the io-pgtable infrastructure.",0,0,0,4,,,,,,,,,72.751,,,,,,
dc3f4dee81,ollama_gpt-oss_120b,4,"The patch updates scripts/checkpatch.pl to ignore macro definitions that start with ""case"", preventing the tool from flagging such macros as errors.",4,0,0,0,,,,,,,,,52.142,,,,,,
dca4f5fdbc,ollama_gpt-oss_120b,4,"Replaces a manual size calculation in pwc_decompress with the struct_size() helper to correctly compute the allocation size, eliminating flexible‑array misuse and potential integer overflow, and silences a sparse warning.",0,4,0,0,,,,,,,,,61.059,,,,,,
dcf23cca93,ollama_gpt-oss_120b,4,"The patch replaces nodes_weight() with nodes_empty() in x86 NUMA initialization and emulation code, because nodes_empty() can stop early when a set bit is found, making the check more efficient while preserving existing semantics.",0,0,4,0,,,,,,,,,86.508,,,,,,
dd0be8278a,ollama_gpt-oss_120b,4,"Adds dma-channel-mask to Tegra GPCDMA DT nodes and updates interrupts list, correcting previous driver limitation of channels to 31 and aligning DT with hardware.",4,0,0,0,,,,,,,,,65.071,,,,,,
dd2319c618,ollama_gpt-oss_120b,4,"The patch changes the KVM_X86_OP macro to invoke WARN_ON when a required function pointer in kvm_x86_ops is NULL, using the corrected annotation system, thereby detecting missing implementations at module load time.",0,4,0,0,,,,,,,,,68.099,,,,,,
dd4516aee3,ollama_gpt-oss_120b,4,"The patch removes the generic vm_xsave_req_perm call from kvm_util.c, adds a bit argument to the function, updates its declaration and implementation, and invokes it with the appropriate bit inside the amx_test self‑test, allowing other tests to request different xsave bits.",0,0,4,0,,,,,,,,,63.433,,,,,,
dd51d3a33c,ollama_gpt-oss_120b,4,"The commit updates the VC4 HDMI driver to correctly detect the hdmi_enable_4kp60 configuration flag. It replaces the previous clk_round_rate() check with rpi_firmware_clk_get_max_rate() to obtain the clock’s maximum rate, fixing broken detection after a clock subsystem rewrite.",4,0,0,0,,,,,,,,,67.651,,,,,,
ddaefa209c,ollama_gpt-oss_120b,4,"Makes the 'chip' (and parent device) argument mandatory in hwmon registration APIs, updating documentation and adding NULL checks to enforce correct usage and stop developers from merely renaming the function without providing proper chip info.",0,4,0,0,,,,,,,,,74.322,,,,,,
ddf2a6093c,ollama_gpt-oss_120b,4,"Adds <linux/bits.h> and replaces all (1 << n) constants with BIT(n) in the lm90 hardware monitoring driver, improving readability without changing functionality.",0,0,4,0,,,,,,,,,78.485,,,,,,
de3d098dd1,ollama_gpt-oss_120b,4,"Adds module_elf_check_arch to verify ELF ABI version for PowerPC64 modules, overriding generic check; ensures correct ABI level based on CONFIG_PPC64_ELF_ABI_V2.",0,4,0,0,,,,,,,,,60.456,,,,,,
de40c281fe,ollama_gpt-oss_120b,4,"The patch rewrites simpledrm to use the generic DRM atomic helper infrastructure (plane, crtc, encoder, connector) instead of the old simple‑KMS helpers, updating structures, init calls and helper functions without changing driver behavior.",0,0,4,0,,,,,,,,,81.465,,,,,,
de85193cff,ollama_gpt-oss_120b,4,"The patch replaces manual delayed‑work init and explicit cancel in remove() with devm_delayed_work_autocancel, removing the unsafe cancel call on an uninitialized work struct and deleting the now‑unused remove() method.",4,0,0,0,,,,,,,,,75.344,,,,,,
de9d555cb8,ollama_gpt-oss_120b,3,"Adds calls to devlink_port_type_clear in error paths and cleanup of mlx4 port initialization to undo a previous devlink_port_type_set, preventing stale port type state.",4,0,0,0,,,,,,,,,65.268,,,,,,
dedc215003,ollama_gpt-oss_120b,4,"Implements a parallel JPEG decode worker for MT8195, adding hardware selection, workqueue handling, and driver structures to run up to three decode engines concurrently.",0,0,0,4,,,,,,,,,83.784,,,,,,
df22168207,ollama_gpt-oss_120b,4,"The patch updates the CDCE925 clock driver to use the new simple I2C probe API (probe_new) and i2c_match_id for driver data lookup, moving the device ID table earlier and removing the unused id argument.",0,0,4,0,,,,,,,,,89.517,,,,,,
dfafa56029,ollama_gpt-oss_120b,4,"Replaces a manual cancel_delayed_work_sync + devm_add_action pattern with the helper devm_delayed_work_autocancel, adding the appropriate header and removing custom cancel function.",0,0,4,0,,,,,,,,,63.032,,,,,,
dff4ac75ee,ollama_gpt-oss_120b,4,"The patch moves the keep‑to‑write handling from ext4_writepage into ext4_bio_write_page, ensuring that when some buffers cannot be written the TOWRITE tag remains set so concurrent WB_SYNC_ALL writeback does not skip the page, preventing data loss during transaction commit.",4,0,0,0,,,,,,,,,68.333,,,,,,
e004ea1059,ollama_gpt-oss_120b,4,"Moves snapshot lookup from devlink_nl_region_read_snapshot_fill to devlink_nl_cmd_region_read_dumpit, passes snapshot directly, removes unused attrs parameter, simplifying code and enabling earlier error return for invalid snapshot IDs.",0,0,4,0,,,,,,,,,92.39,,,,,,
e0d8259355,ollama_gpt-oss_120b,4,The commit raises the sleep delay from 5 to 15 seconds in two SELinux deprecation paths (runtime disable and checkreqprot) to make the deprecation warnings more noticeable to users.,0,0,3,0,,,,,,,,,58.918,,,,,,
e10ab8b394,ollama_gpt-oss_120b,4,"The patch updates the driver constant GS_MAX_INTF from 2 to 3 and adjusts the comment, enabling support for STM32G3 devices that have up to three CAN-FD channels.",0,0,0,4,,,,,,,,,68.063,,,,,,
e137b81d30,ollama_gpt-oss_120b,4,"The patch deletes the variable 'found_devs' and its increment statements from qla2xxx's local loop configuration function, as the variable was never used elsewhere.",0,0,4,0,,,,,,,,,78.692,,,,,,
e1553351d7,ollama_gpt-oss_120b,4,"Removes many VPRINTK debug prints and the ata_scsi_dump_cdb function from libata, as they are redundant with tracepoints, cleaning up the code.",0,0,4,0,,,,,,,,,55.831,,,,,,
e1a863cddb,ollama_gpt-oss_120b,4,"Updates the kernel-doc comment for the vmbus driver registration function, correcting the documented name to match the actual prototype and remove a build warning.",0,0,4,0,,,,,,,,,71.409,,,,,,
e1c6a7ec14,ollama_gpt-oss_120b,4,"The patch replaces the mandatory back_lock around iscsi_get_task/put_task with a lock‑free refcount check, adds iscsi_get_task returning bool, and updates callers to handle the case where the task is already being freed, improving performance and race safety.",0,3,4,0,,,,,,,,,87.928,,,,,,
e1e7bc481d,ollama_gpt-oss_120b,4,"The patch rewrites debug and error messages in drm_edid.c to use device‑specific macros (drm_dbg_kms, drm_err) and adds connector identifiers, also consolidates tile debug output into a single line. No functional logic is altered.",0,0,4,0,,,,,,,,,66.11,,,,,,
e200904b27,ollama_gpt-oss_120b,4,"The patch extracts the post‑power‑up work (state read, BAR restore, ASPM reconfiguration) from pci_power_up into a new helper pci_set_full_power_state, adjusts pci_power_up to return a flag and set the state earlier, and updates callers accordingly.",0,0,4,0,,,,,,,,,88.72,,,,,,
e20b77c14b,ollama_gpt-oss_120b,3,Renames ICL-specific Thunderbolt AUX power domain enums to the spec-defined TBT1-4 names and updates related string tables and power‑domain mappings.,0,0,4,0,,,,,,,,,78.118,,,,,,
e24ccaaf7e,ollama_gpt-oss_120b,4,"The patch deletes the remaining IDE‑related sections from Documentation/filesystems/proc.rst, renumbers subsequent sections, and updates a comment in drivers/block/pktcdvd.c to reference the correct SCSI driver path. It only touches documentation and comments, not kernel functionality.",0,0,4,0,,,,,,,,,68.71,,,,,,
e2b993302f,ollama_gpt-oss_120b,4,"The patch modifies amdgpu_display_framebuffer_init to also skip the tiling‑flag check when virtual display is enabled, preventing a GFX9+ warning that occurs with vkms lacking FB modifiers.",4,0,0,0,,,,,,,,,61.54,,,,,,
e2efb6359e,ollama_gpt-oss_120b,4,"The patch changes ACPI_FLUSH_CPU_CACHE() to call wbinvd only when not running under a hypervisor, adding comments. This avoids executing WBINVD in virtual machines, which can cause a #VE exception on TDX guests.",4,0,0,0,,,,,,,,,80.721,,,,,,
e3d5ea2c01,ollama_gpt-oss_120b,4,The patch adds a WARN_ON_ONCE check and caps the returned byte count to prevent tcp_read_sock() from looping forever when recv_actor() returns a value larger than the buffer length.,4,0,0,0,,,,,,,,,61.337,,,,,,
e47877c7aa,ollama_gpt-oss_120b,4,"The commit changes rhashtable's internal locking from bh‑safe (local_bh_disable/enable) to irq‑safe (local_irq_save/restore), returning flags and updating unlock calls, enabling the hash table to be used in interrupt contexts.",4,0,0,0,,,,,,,,,83.971,,,,,,
e52432e164,ollama_gpt-oss_120b,3,"Adds an extra length check in vtpm_proxy_fops_read to ensure req_len does not exceed the internal buffer, silencing a GCC array‑bounds warning and making the code safer for future changes.",0,4,0,0,,,,,,,,,61.787,,,,,,
e5933cf487,ollama_gpt-oss_120b,4,"Switches the driver to use DEFINE_RUNTIME_DEV_PM_OPS and pm_ptr macros, removing __maybe_unused attributes so the dev_pm_ops structure and functions are omitted when CONFIG_PM is disabled, improving compile‑time handling.",0,0,4,0,,,,,,,,,69.738,,,,,,
e59b3c730b,ollama_gpt-oss_120b,4,"Adds the correct <linux/kstrtox.h> include to several RTC driver files and sysfs.c because kstrto* functions were moved from kernel.h, ensuring the code compiles after the header relocation.",4,0,0,0,,,,,,,,,51.202,,,,,,
e5da651985,ollama_gpt-oss_120b,4,"The patch changes sdma_v5_2_hw_fini to always disable the SDMA engine during hardware finalization and, if running under SR‑IOV, immediately re‑enable it and its context switch, clearing the DRM entity so the resume path works correctly.",4,0,0,0,,,,,,,,,71.769,,,,,,
e5f969dd93,ollama_gpt-oss_120b,4,"Adds a delayed‑work timeout mechanism for the Mediatek JPEG decoder driver: new struct fields for timeout work and hardware parameters, a work handler that resets hardware and reports buffer errors, cancellation in IRQ, and initialization in probe.",0,4,0,0,,,,,,,,,64.613,,,,,,
e5fc78252c,ollama_gpt-oss_120b,4,"Adds extended‑blank (extra vblank) support to allow zstate entry during FreeSync, introduces capability flags, debug option, new stream update fields, and programming of hardware registers.",0,0,0,4,,,,,,,,,81.257,,,,,,
e60414644c,ollama_gpt-oss_120b,4,"Removes the &ipa_fw_mem reserved memory node from the sc7180‑trogdor device‑tree because the board does not use this carveout, which otherwise overlaps with another region and triggers an OVERLAP DETECTED boot message.",4,0,0,0,,,,,,,,,79.477,,,,,,
e63b81aef2,ollama_gpt-oss_120b,4,"Refactors the merge_state function in Btrfs to use prev_state/next_state helpers instead of manual rb_prev/rb_next traversal, simplifying and cleaning up the code without changing behavior.",0,0,4,0,,,,,,,,,70.537,,,,,,
e688ba3e27,ollama_gpt-oss_120b,4,"Updates the hqd_destroy callback prototype to use enum kfd_preempt_type instead of uint32_t, aligning with actual implementations and eliminating a CFI type mismatch on AMD GPUs.",4,0,0,0,,,,,,,,,78.228,,,,,,
e6b0337513,ollama_gpt-oss_120b,4,"The commit updates the Meson SM1 Odroid device tree, changing the tf_io regulator enable GPIO from active‑high to open‑drain. This corrects the regulator handling after a reboot, eliminating a boot loop.",4,0,0,0,,,,,,,,,63.581,,,,,,
e730558adf,ollama_gpt-oss_120b,4,"The patch consolidates duplicated logic that handled events on child inodes when a parent mark does not have FS_EVENT_ON_CHILD. It moves the check into the iterator preparation, ensuring parent marks are excluded from child event iteration, correcting inconsistent ignore‑mask handling.",4,0,0,0,,,,,,,,,88.384,,,,,,
e75d5ae8ab,ollama_gpt-oss_120b,4,"Adds configurable BAR numbers for EPF NTB, introduces mw_bar field, removes fixed offset, handles optional peer SPAD BAR, and registers new device data (mx8) with different BAR mapping, enabling support for varied hardware configurations.",0,0,0,4,,,,,,,,,68.992,,,,,,
e79368b15d,ollama_gpt-oss_120b,4,"Updates the STM32 pinctrl devicetree binding YAML: renames property 'reset' to the correct 'resets' and adds 'additionalProperties: false' to enforce schema, fixing a documentation typo.",0,0,4,0,,,,,,,,,76.422,,,,,,
e7b060460f,ollama_gpt-oss_120b,4,"Adds propagation of socket timestamp flags to the IPv6 control block in ping6 sendmsg, enabling packet timestamping that was previously unavailable.",4,0,0,0,,,,,,,,,77.004,,,,,,
e8c81d649a,ollama_gpt-oss_120b,4,"Adds a new compatible string 'microchip,mpfs-icicle-reference-rtlv2203' to the RISC-V Microchip device tree bindings documentation, documenting support for the icicle reference design version.",0,0,4,0,,,,,,,,,86.007,,,,,,
e92a216d16,ollama_gpt-oss_120b,4,The commit adds error‑path cleanup in rio_register_mport(): on device_register failure it removes the port from the global list and calls put_device so the allocated device name is released.,4,0,0,0,,,,,,,,,67.566,,,,,,
e945c653c8,ollama_gpt-oss_120b,4,"Separates kernel‑only capability flags into a new kernel_cap_flags bitmap, keeping device_cap_flags limited to user‑visible bits, adds explanatory comments and removes unused kernel flags across RDMA drivers.",0,0,4,0,,,,,,,,,88.246,,,,,,
e950329880,ollama_gpt-oss_120b,4,"Adds conditional compiler flags in the ath9k Makefile to suppress the -Warray-bounds warning produced by GCC 12 for mac.c, without changing driver functionality.",0,0,4,0,,,,,,,,,64.176,,,,,,
e973746882,ollama_gpt-oss_120b,4,"Adds a check in KVM's CPUID handling to clear the XFD support bit for each state component when the overall XFD feature is not present, aligning KVM's CPUID reporting with Intel XFD specification.",4,0,0,0,,,,,,,,,63.419,,,,,,
e9b67ec2d3,ollama_gpt-oss_120b,4,"The patch adds explicit #include <linux/highmem.h> and <linux/swap.h> in several i915 driver source files and removes the unnecessary <linux/i2c.h> from i915_drv.h, making header dependencies explicit and reducing implicit includes.",0,0,4,0,,,,,,,,,72.377,,,,,,
ea5872dd6b,ollama_gpt-oss_120b,4,"Adds a flag to track whether the vport ACL namespace has been created, skips redundant creation on mode switches, and clears the flag on cleanup, preventing unnecessary allocation/release cycles.",0,0,4,0,,,,,,,,,68.901,,,,,,
eab25b4f93,ollama_gpt-oss_120b,4,"Adds an external_power_changed callback for BQ25892 that queries the supplier power supply's USB_TYPE property and sets the input current limit accordingly, registering this handler in the power_supply descriptor.",0,0,0,4,,,,,,,,,72.089,,,,,,
eb47b59afb,ollama_gpt-oss_120b,4,"Replace all uses of SERIAL_XMIT_SIZE with UART_XMIT_SIZE, delete the obsolete SERIAL_XMIT_SIZE macro, and add the proper header, aligning drivers to a single macro definition.",0,0,4,0,,,,,,,,,71.218,,,,,,
ebca1b8056,ollama_gpt-oss_120b,4,"The patch refactors the xapic_ipi_test self‑test to stop using static vCPU ID macros and instead create and pass struct kvm_vcpu objects, updating all related calls and thread handling accordingly.",0,0,4,0,,,,,,,,,62.617,,,,,,
ebddb14049,ollama_gpt-oss_120b,4,"The patch extracts duplicated NAT handling code from Open vSwitch and TC, places it in a new netfilter file nf_nat_ovs.c, exports nf_ct_nat() for shared use, updates Kconfig and Makefile, and rewrites OVS and TC callers to use the common function.",0,0,4,0,,,,,,,,,85.069,,,,,,
ebe62df7c5,ollama_gpt-oss_120b,3,"The patch removes the direct call to the codec‑specific da7219_aad_jack_det() function and replaces it with the generic snd_soc_component_set_jack() API, also dropping the related header include.",0,0,4,0,,,,,,,,,59.065,,,,,,
ec1d7e6ab9,ollama_gpt-oss_120b,4,"Removes four now‑unused AVIC function prototypes from the SVM header after their implementations were eliminated, with no runtime behavior change.",0,0,4,0,,,,,,,,,61.912,,,,,,
ec80906b0f,ollama_gpt-oss_120b,4,"The patch updates the BPF self‑test script test_lirc_mode2.sh to correctly set the exit status: initializes ret to the SKIP code, quotes $LIRCDEV in the condition, and exits with $ret, ensuring failures and skips return proper non‑zero codes.",4,0,0,0,,,,,,,,,76.125,,,,,,
ec868592f5,ollama_gpt-oss_120b,4,"The patch deletes the redundant odm_bw enum and replaces its usages with the existing HT_CHANNEL_WIDTH constants, cleaning up the driver code.",0,0,4,0,,,,,,,,,61.299,,,,,,
ec906102e5,ollama_gpt-oss_120b,4,"Replaces the Python CSV‑output lint script with a Bash function that counts commas, adding a special case for s390 where the expected field count differs, so the perf test 83 passes on s390.",4,0,0,0,,,,,,,,,72.867,,,,,,
ed482dc8c7,ollama_gpt-oss_120b,4,"The patch adds an explicit include of <linux/gpio/consumer.h> to midas_wm1811.c because the driver uses gpiolib functions but relied on the header being indirectly included, causing build failures in certain configurations.",4,0,0,0,,,,,,,,,56.292,,,,,,
ed81d3de8e,ollama_gpt-oss_120b,4,"Reformats the AD4130 sysfs documentation file to use bullet lists and blank lines, fixing Sphinx indentation warnings.",0,0,4,0,,,,,,,,,59.665,,,,,,
ed823991c6,ollama_gpt-oss_120b,4,Adds support for the RPC‑IF clock on the R8A779G0 SoC and corrects a formatting issue in the RPCSRC clock definition.,0,0,0,4,,,,,,,,,68.478,,,,,,
edb854a368,ollama_gpt-oss_120b,4,"Reallocates a SCSI device's budget bitmap after the device's queue depth is updated in slave_configure, ensuring the bitmap size matches the actual queue depth and avoids unnecessary memory usage.",4,0,0,0,,,,,,,,,66.294,,,,,,
edc6938f7b,ollama_gpt-oss_120b,3,"The patch removes a single register write in gv100_gr_init_shader_exceptions, aligning the driver with the reference model (RM) and eliminating an unnecessary operation.",4,0,0,0,,,,,,,,,74.823,,,,,,
ee3e3ac05c,ollama_gpt-oss_120b,4,"Adds a rseq_len field to task_struct, propagates it across fork/execve, updates ptrace and rseq syscall to support variable-sized rseq structures, and exposes size/alignment via ELF auxiliary vectors, enabling an extensible rseq ABI.",0,0,0,4,,,,,,,,,62.691,,,,,,
ee74fdf0ca,ollama_gpt-oss_120b,4,"The patch updates the Allwinner sun8i-ss PRNG driver to use pm_runtime_resume_and_get instead of pm_runtime_get_sync, removing extra error handling and simplifying the code path.",0,0,4,0,,,,,,,,,78.579,,,,,,
ee9aded6d3,ollama_gpt-oss_120b,4,Renames the temporary variable wData to reg_value in two MAC macros to satisfy checkpatch naming rules; the change is purely cosmetic and does not affect functionality.,0,0,4,0,,,,,,,,,69.368,,,,,,
eed9f513bf,ollama_gpt-oss_120b,4,"The patch refactors slave_configure_v3_hw() to call the shared helper hisi_sas_slave_configure(), removing duplicated code and unused variables, thus simplifying the driver.",0,0,4,0,,,,,,,,,84.673,,,,,,
ef1a0808a2,ollama_gpt-oss_120b,4,"Renames parameters in the amdgpu_ring_init prototype to match the implementation, changing ring_size to max_dw and prio to hw_prio, updating the header file accordingly.",0,0,4,0,,,,,,,,,65.8,,,,,,
ef61b6ea15,ollama_gpt-oss_120b,4,"Moves the call to hci_set_event_mask_sync earlier in hci_suspend_sync so the event mask is always set before suspend proceeds, preventing premature wakeups when disconnects fail.",4,0,0,0,,,,,,,,,70.262,,,,,,
efb6402c3c,ollama_gpt-oss_120b,4,"The patch adds a 1 MiB upper bound for OSS period size, uses array_size/array3_size to detect multiplication overflows, and returns -ENOMEM when limits are exceeded, preventing INT_MAX vmalloc() overflow in snd_pcm_plug_alloc().",4,0,0,0,,,,,,,,,57.398,,,,,,
f0052d7a1e,ollama_gpt-oss_120b,4,"Adds support for Quectel EM05‑G modem by defining a new product ID (0x0311) and inserting it into the option driver’s USB device table, enabling the driver to bind to both RMNET and MBIM configurations.",0,0,0,4,,,,,,,,,64.434,,,,,,
f059b46e6f,ollama_gpt-oss_120b,4,"The commit introduces a new power-supply driver for the uPI uG3105 battery monitor, adds corresponding Kconfig and Makefile entries, and implements full I2C communication, property handling, and power-management callbacks.",0,0,0,4,,,,,,,,,74.252,,,,,,
f074732d59,ollama_gpt-oss_120b,4,"The patch replaces page‑based hugetlb cgroup helpers with folio‑based ones, updates all call sites, and removes an unused function, adapting the hugetlb subsystem to the newer folio abstraction.",0,0,4,0,,,,,,,,,81.683,,,,,,
f0b6d3cc29,ollama_gpt-oss_120b,4,The commit raises the hard‑reset timeout from 500 ms to 2000 ms to avoid accessing registers while they are still blocked during firmware reset.,4,0,0,0,,,,,,,,,66.199,,,,,,
f0e34d2625,ollama_gpt-oss_120b,4,"The commit changes the i2c remove callback in the jsa1212 driver to call jsa1212_power_off, ignore its return value, and always return 0, removing a redundant error message emitted by the i2c core.",0,0,4,0,,,,,,,,,74.996,,,,,,
f110ed8498,ollama_gpt-oss_120b,4,"Refactors io_uring fixed‑file handling: moves install logic to filetable, introduces internal install helper and a removal helper, changes APIs to accept io_ring_ctx instead of io_kiocb, and updates callers accordingly.",0,0,4,0,,,,,,,,,77.895,,,,,,
f1d0821bf3,ollama_gpt-oss_120b,4,"Adds runtime feature configuration to Xilinx ZynqMP firmware driver by introducing IOCTL IDs, enums for feature IDs, and wrapper functions to set/get feature values, exposing them via the driver API.",0,0,0,4,,,,,,,,,61.241,,,,,,
f2701e0ffd,ollama_gpt-oss_120b,4,"Adds documentation for the ti,set-io-isolation device‑tree property in the wkup‑m3‑ipc binding, explaining its purpose, syntax, constraints, and providing example DTS snippets.",0,0,4,0,,,,,,,,,75.239,,,,,,
f28d42663e,ollama_gpt-oss_120b,3,"The patch changes the allocation of the GPU scratch page to always use system memory (SMEM) instead of local memory (LMEM), simplifying the code path and freeing high‑performance memory.",0,0,4,0,,,,,,,,,72.323,,,,,,
f2c5092190,ollama_gpt-oss_120b,4,"The patch adds #ifndef CONFIG_PREEMPT_RT guards around do_softirq_own_stack implementations and updates the generic header, removing the own‑stack softirq code for PREEMPT_RT kernels to save memory and ensure it is not used.",0,0,4,0,,,,,,,,,88.78,,,,,,
f2fed022aa,ollama_gpt-oss_120b,4,"The patch replaces a manual three‑statement swap of two unwind table entries with the generic swap() macro, removing the temporary variable and simplifying the code in arch/ia64/kernel/module.c.",0,0,4,0,,,,,,,,,63.779,,,,,,
f30ff35f62,ollama_gpt-oss_120b,3,"The commit changes the jbd2_submit_inode_data API to accept a journal pointer and use the journal's j_submit_inode_data_buffers hook, updating callers so ext4 fast‑commit uses ext4_writepages instead of generic_writepages.",0,0,3,0,,,,,,,,,68.683,,,,,,
f3116f2e52,ollama_gpt-oss_120b,4,"Splits the imx8mq VPU device tree binding into separate G1 and G2 decoder nodes, adds new compatible strings, deprecates the old one, and updates property constraints and examples.",0,0,0,4,,,,,,,,,76.999,,,,,,
f31e3c204d,ollama_gpt-oss_120b,4,"Adds kfree(soc_dev_attr) before returning when of_property_read_string fails, eliminating a memory leak in mxs_machine_init().",4,0,0,0,,,,,,,,,59.005,,,,,,
f33b56d370,ollama_gpt-oss_120b,4,"Fixes incorrect frame‑rate handling in the ov5640 camera driver by using each mode's max_fps instead of a hard‑coded 60 fps, updating function signatures and calls accordingly.",4,0,0,0,,,,,,,,,64.799,,,,,,
f346f32701,ollama_gpt-oss_120b,4,"Updates the MAINTAINERS file to add Helge Deller as the fbdev layer maintainer, changes mailing list and status entries, and points to a new git repository.",0,0,0,0,,,,,,,,,62.155,,,,,,
f38b3c6a78,ollama_gpt-oss_120b,4,"Reformats the handle_ctrl_vlan() function by correcting indentation and aligning break/return statements, improving code readability.",0,0,4,0,,,,,,,,,71.603,,,,,,
f3ac888fc5,ollama_gpt-oss_120b,4,"Adds support for SCMI v3.1 power values in micro‑Watts by introducing a power‑scale enum, conditional conversion to micro‑Watts, and propagating the scale to the Energy Model registration.",0,0,0,4,,,,,,,,,78.574,,,,,,
f3c2682bad,ollama_gpt-oss_120b,4,"Introduces a blocking notifier chain for VM fork events in the random driver, with register/unregister helpers and no-op stubs when CONFIG_VMGENID is disabled.",0,0,0,4,,,,,,,,,64.593,,,,,,
f3e90c1ca9,ollama_gpt-oss_120b,4,"The commit deletes the extent_write_full_page helper and the btrfs_writepage address‑space operation, removing the .writepage callback from Btrfs because it is only used by kswapd and harms I/O patterns, relying instead on normal background writeback.",0,0,4,0,,,,,,,,,84.031,,,,,,
f4c6d22c6c,ollama_gpt-oss_120b,4,"Removes a stray comment about a not‑yet‑implemented arbitrary monitoring target feature from damon.h, correcting documentation after a patch‑reordering mistake.",0,0,4,0,,,,,,,,,63.204,,,,,,
f4d1f2142a,ollama_gpt-oss_120b,4,"The patch replaces BMVAL macro usage with FIELD_GET and defines explicit masks for TRCIDR3 fields, simplifying boolean checks and improving readability. No functional changes are introduced.",0,0,4,0,,,,,,,,,77.535,,,,,,
f4e526ff7e,ollama_gpt-oss_120b,4,"The patch extracts PAS initialization code from __qcom_mdt_load into a new helper qcom_mdt_pas_init, adds its prototype and export, and updates qcom_mdt_load to call it, enabling callers to invoke PAS setup directly.",0,0,0,4,,,,,,,,,66.835,,,,,,
f51debc256,ollama_gpt-oss_120b,4,Adds a Chinese translation of Documentation/vm/page_frag.rst and updates the Chinese VM index to include the new page_frags entry.,0,0,0,0,,,,,,,,,73.911,,,,,,
f55fbb6afb,ollama_gpt-oss_120b,4,"The patch replaces the raw TOS field in IPv4 fib_config with a DSCP type, adds validation that ECN bits must be zero, rejects routes setting ECN bits, updates lookup code to use DSCP conversion, and adds self‑tests to verify the behavior.",4,0,0,0,,,,,,,,,74.158,,,,,,
f5c0b4f304,ollama_gpt-oss_120b,4,"The patch removes the now‑unused task_struct pointer from arch_prctl related functions, updates their prototypes and call sites, and drops the redundant current‑task check, simplifying the API.",0,0,4,0,,,,,,,,,80.355,,,,,,
f624506f98,ollama_gpt-oss_120b,3,"The commit removes the EXPORT_SYMBOL for kthread_blkcg and deletes its unused inline stub, restricting the function to built‑in blk‑cgroup code and cleaning up the kernel API.",0,0,4,0,,,,,,,,,68.588,,,,,,
f67be8b7ee,ollama_gpt-oss_120b,4,"Adds regmap_field helper functions set_bits, clear_bits, and test_bits, implements test_bits and inline wrappers, updates header with prototypes and disabled‑API stubs, extending the regmap API.",0,0,0,4,,,,,,,,,77.645,,,,,,
f6e109a0af,ollama_gpt-oss_120b,4,"Adds documentation comments to property.c, advising developers to use the dedicated count API functions instead of calling the read‑array functions with NULL buffers.",0,0,4,0,,,,,,,,,76.059,,,,,,
f716113aac,ollama_gpt-oss_120b,4,"Adds extensive validation in amdgpu discovery code: checks that each table offset is non‑zero, verifies signatures and checksums, and disables the MALL table handling. Also adds offset checks in harvest and info retrieval functions to avoid accessing invalid data.",0,4,0,0,,,,,,,,,72.666,,,,,,
f728eb3a50,ollama_gpt-oss_120b,4,The commit makes several functions static and removes an unused function to silence -Wmissing-prototypes warnings in the AMD display driver.,0,0,4,0,,,,,,,,,74.741,,,,,,
f792a3629f,ollama_gpt-oss_120b,4,"Adds a kfree for the allocated fw_control_context when pm8001_chip_fw_flash_update_build fails, preventing a memory leak in the pm8001 SCSI driver.",4,0,0,0,,,,,,,,,87.151,,,,,,
f93e2a100e,ollama_gpt-oss_120b,4,"Adds a NULL‑pointer check after kzalloc in ip22_check_gio; if allocation fails the function returns early, preventing dereference of a NULL pointer.",0,4,0,0,,,,,,,,,59.348,,,,,,
f9599127dd,ollama_gpt-oss_120b,4,"The commit removes the unused HMM_BO_SHARE enum value and related comments, cleaning up the HMM buffer object code in the atomisp driver.",0,0,4,0,,,,,,,,,61.299,,,,,,
f98c5ec251,ollama_gpt-oss_120b,4,"Adds a NULL check in v3d_job_free before iterating over job->bo, handling the case where v3d_lookup_bos failed and job->bo is NULL, and moves kvfree accordingly.",4,0,0,0,,,,,,,,,63.848,,,,,,
f9b0593dd4,ollama_gpt-oss_120b,4,"Converts the mixel,mipi-dsi-phy devicetree binding from a plain‑text file to a JSON‑schema YAML file, adding required properties (assigned-clocks, assigned-clock-parents, assigned-clock-rates, power-domains) so dtbs_check no longer reports mismatches.",4,0,0,0,,,,,,,,,76.855,,,,,,
f9b62f9843,ollama_gpt-oss_120b,4,"Adds a length check for the IEEE80211_P2P_ATTR_CHANNEL_LIST attribute in the wilc1000 cfg80211 parser, ensuring the attribute is large enough for struct wilc_attr_ch_list and that attr_len stays within the buffer, preventing out-of-bounds writes.",4,0,0,0,,,,,,,,,58.193,,,,,,
f9cdf41306,ollama_gpt-oss_120b,4,"The patch corrects the port selection logic for VBT packet sending on dual‑link DSI by checking the proper bitmask (BIT(PORT_B)/BIT(PORT_C)) instead of raw enum values, fixing incorrect behavior.",4,0,0,0,,,,,,,,,65.107,,,,,,
fa1ef24ae2,ollama_gpt-oss_120b,4,"Replaces the deprecation warning for the userspace thermal governor with an informational note and updates Kconfig text to suggest using netlink events, because the governor is still needed on production systems.",0,0,4,0,,,,,,,,,67.4,,,,,,
fa374ddba2,ollama_gpt-oss_120b,4,"The patch rewrites the DSI 7nm PHY clock registration to stop using formatted parent name strings and instead pass direct clk_hw pointers, simplifying the code and reducing runtime lookups.",0,0,4,0,,,,,,,,,74.425,,,,,,
fa6fde350b,ollama_gpt-oss_120b,4,"The commit updates the XDP bpf2bpf self‑test by removing the deprecated CHECK macro and replacing it with the newer ASSERT* macros, adjusting error handling and eliminating unused variables, without altering test functionality.",0,0,4,0,,,,,,,,,73.335,,,,,,
faab292951,ollama_gpt-oss_120b,4,"Adds handling of color space, transfer function, YCbCr encoding and quantization in the rkisp1 resizer sink pad and propagates these fields to the source pad, with defaults for YUV and Bayer formats.",0,0,0,4,,,,,,,,,69.369,,,,,,
fab6f4904e,ollama_gpt-oss_120b,4,"The patch eliminates the unused IWL_DEVICE_BZ_COMMON macro and inlines its fields directly into IWL_DEVICE_BZ, reducing redundancy without altering runtime behavior.",0,0,4,0,,,,,,,,,72.245,,,,,,
fb036ad7db,ollama_gpt-oss_120b,4,"Increases the memory allocated by torture.sh from 1 GiB to 2 GiB for scftorture and rcuscale runs, enabling KASAN testing which requires at least 2 GiB.",0,0,0,4,,,,,,,,,69.226,,,,,,
fb197474ed,ollama_gpt-oss_120b,4,"The patch updates the OF device ID table for SSD130x I2C drivers, adding new compatible strings without ""fb"" or ""-i2c"" suffixes and deprecating the old ones, while keeping them for backward compatibility.",0,0,4,0,,,,,,,,,71.78,,,,,,
fb4f4f4256,ollama_gpt-oss_120b,4,"The patch modifies several PSP termination functions to always free allocated buffers and return the original unload error, preventing memory leaks when unload fails.",4,0,0,0,,,,,,,,,78.361,,,,,,
fba6767c2d,ollama_gpt-oss_120b,4,"Adds a function mapping fuse values to speed‑bin IDs for the A619 GPU and integrates it into the rev‑check, enabling the driver to distinguish different hardware SKUs.",0,0,0,4,,,,,,,,,106.819,,,,,,
fbfc4ca465,ollama_gpt-oss_120b,4,"Adds a configurable 'lower' field to the STM32 ROMEM driver, moving the hard‑coded STM32MP15_BSEC_NUM_LOWER constant into the device configuration and private data, enabling support for future STM32MP SoCs.",0,0,4,0,,,,,,,,,64.995,,,,,,
fc04dafd26,ollama_gpt-oss_120b,3,"The patch updates the filesystem UID/GID mapping helpers in mnt_idmapping.h to use the new type‑safe functions from_vfsuid/from_vfsgid with VFSUIDT_INIT/VFSGIDT_INIT, replacing the older mapped_kuid_user/mapped_kgid_user calls.",0,0,4,0,,,,,,,,,69.612,,,,,,
fc5004e5d4,ollama_gpt-oss_120b,4,"Changes a local const array to static const inside validate_vp9_seg_params, moving it from stack to static storage and reducing object size.",0,0,4,0,,,,,,,,,78.711,,,,,,
fcdc03f78d,ollama_gpt-oss_120b,4,"Deletes obsolete s390 compatibility syscall prototypes and tidies formatting in compat_linux.h, removing dead code introduced by earlier UID16 changes.",0,0,4,0,,,,,,,,,79.796,,,,,,
fd0fcdf33d,ollama_gpt-oss_120b,4,"The patch removes the now‑deprecated <linux/of_gpio.h> include from two Mediatek DRM drivers because the header is unused, cleaning up the source files.",0,0,4,0,,,,,,,,,74.35,,,,,,
fd3040b939,ollama_gpt-oss_120b,4,"Adds a new Ethernet driver for Sunplus SP7021 SoC, including Kconfig, Makefile entries, driver source files, descriptor handling, MDIO, PHY, interrupt handling, and registration.",0,0,0,4,,,,,,,,,96.867,,,,,,
fd3d91ab1c,ollama_gpt-oss_120b,4,"The patch fixes a use‑after‑free race in dvb‑core by checking dmxdev->exit in dvb_demux_open and protecting the exit flag with dmxdev->mutex during release, ensuring no open occurs while the device is being closed.",4,0,0,0,,,,,,,,,64.373,,,,,,
fd8b330ce1,ollama_gpt-oss_120b,4,"Removes an accidental duplicate definition of tcp_wmem_schedule in net/ipv4/tcp.c, eliminating the compile‑time conflict and restoring successful build.",4,0,0,0,,,,,,,,,69.002,,,,,,
fe23b6bbea,ollama_gpt-oss_120b,4,"Adds a null‑check for the workqueue allocated in nintendo_hid_probe; on failure returns -ENOMEM and jumps to error handling, preventing a crash.",4,0,0,0,,,,,,,,,70.7,,,,,,
fea62d370d,ollama_gpt-oss_120b,4,"Adds a helper to reset architecture‑specific per‑rmid state for MBM counters, introduces an enum for event IDs, updates structures to use the enum, and calls the reset when a new rmid is first read, preventing stale counter data.",4,0,0,0,,,,,,,,,65.425,,,,,,
ffc58bc4af,ollama_gpt-oss_120b,4,"Replaces explicit LIST_HEAD_INIT initialization of a static list_head with the LIST_HEAD macro, simplifying the code without altering its behavior.",0,0,4,0,,,,,,,,,63.519,,,,,,
